Logging to results/training_logs/raw_runs/train_orpo_20260511_175242.log
{"batch_size": 4, "beta": 0.1, "epochs": 1, "eval_file": "data/processed/training/hh_rlhf/hh_rlhf_test.jsonl", "fp16": true, "grad_accum": 4, "log_dir": "results/training_logs/raw_runs", "log_steps": 500, "lr": 1e-05, "max_length": 512, "max_prompt_length": 256, "max_samples": null, "model_name": "/content/drive/MyDrive/CS5788/models/sft", "output_dir": "models/orpo", "train_file": "data/processed/training/hh_rlhf/hh_rlhf_train.jsonl"}
Train examples: 42486 | Eval examples: 2308
train_step epoch 0.0003765769158350593 | step 1/2656 | loss 2.2747 | sft_loss 2.2071 | or_loss 0.6760
train_step epoch 0.0007531538316701186 | step 2/2656 | loss 2.2776 | sft_loss 2.2098 | or_loss 0.6787
train_step epoch 0.001129730747505178 | step 3/2656 | loss 2.1770 | sft_loss 2.0960 | or_loss 0.8095
train_step epoch 0.0015063076633402373 | step 4/2656 | loss 2.3799 | sft_loss 2.3154 | or_loss 0.6458
train_step epoch 0.0018828845791752965 | step 5/2656 | loss 2.3090 | sft_loss 2.2307 | or_loss 0.7830
train_step epoch 0.002259461495010356 | step 6/2656 | loss 2.0705 | sft_loss 2.0237 | or_loss 0.4681
train_step epoch 0.0026360384108454153 | step 7/2656 | loss 2.0121 | sft_loss 1.9372 | or_loss 0.7496
train_step epoch 0.0030126153266804745 | step 8/2656 | loss 2.3147 | sft_loss 2.2446 | or_loss 0.7015
train_step epoch 0.0033891922425155338 | step 9/2656 | loss 2.1476 | sft_loss 2.0854 | or_loss 0.6219
train_step epoch 0.003765769158350593 | step 10/2656 | loss 2.1648 | sft_loss 2.0924 | or_loss 0.7238
train_step epoch 0.004142346074185652 | step 11/2656 | loss 2.5153 | sft_loss 2.4267 | or_loss 0.8858
train_step epoch 0.004518922990020712 | step 12/2656 | loss 2.4224 | sft_loss 2.3508 | or_loss 0.7161
train_step epoch 0.004895499905855771 | step 13/2656 | loss 2.3553 | sft_loss 2.2709 | or_loss 0.8441
train_step epoch 0.0052720768216908305 | step 14/2656 | loss 2.4572 | sft_loss 2.3693 | or_loss 0.8785
train_step epoch 0.005648653737525889 | step 15/2656 | loss 2.2686 | sft_loss 2.2125 | or_loss 0.5615
train_step epoch 0.006025230653360949 | step 16/2656 | loss 2.3557 | sft_loss 2.2944 | or_loss 0.6123
train_step epoch 0.006401807569196009 | step 17/2656 | loss 2.4481 | sft_loss 2.3844 | or_loss 0.6375
train_step epoch 0.0067783844850310675 | step 18/2656 | loss 2.3187 | sft_loss 2.2518 | or_loss 0.6691
train_step epoch 0.007154961400866127 | step 19/2656 | loss 2.4078 | sft_loss 2.3391 | or_loss 0.6874
train_step epoch 0.007531538316701186 | step 20/2656 | loss 2.3271 | sft_loss 2.2549 | or_loss 0.7219
train_step epoch 0.007908115232536246 | step 21/2656 | loss 2.2363 | sft_loss 2.1836 | or_loss 0.5272
train_step epoch 0.008284692148371305 | step 22/2656 | loss 2.4309 | sft_loss 2.3571 | or_loss 0.7381
train_step epoch 0.008661269064206363 | step 23/2656 | loss 2.2716 | sft_loss 2.2070 | or_loss 0.6463
train_step epoch 0.009037845980041424 | step 24/2656 | loss 2.3905 | sft_loss 2.3169 | or_loss 0.7359
train_step epoch 0.009414422895876483 | step 25/2656 | loss 2.3153 | sft_loss 2.2315 | or_loss 0.8383
train_step epoch 0.009790999811711542 | step 26/2656 | loss 2.4884 | sft_loss 2.4008 | or_loss 0.8758
train_step epoch 0.010167576727546602 | step 27/2656 | loss 2.5836 | sft_loss 2.4630 | or_loss 1.2061
train_step epoch 0.010544153643381661 | step 28/2656 | loss 2.8724 | sft_loss 2.7848 | or_loss 0.8763
train_step epoch 0.01092073055921672 | step 29/2656 | loss 2.0175 | sft_loss 1.9622 | or_loss 0.5530
train_step epoch 0.011297307475051779 | step 30/2656 | loss 2.4497 | sft_loss 2.3849 | or_loss 0.6481
train_step epoch 0.01167388439088684 | step 31/2656 | loss 2.4805 | sft_loss 2.4021 | or_loss 0.7845
train_step epoch 0.012050461306721898 | step 32/2656 | loss 2.1316 | sft_loss 2.0583 | or_loss 0.7330
train_step epoch 0.012427038222556957 | step 33/2656 | loss 2.2417 | sft_loss 2.1666 | or_loss 0.7516
train_step epoch 0.012803615138392017 | step 34/2656 | loss 2.6126 | sft_loss 2.5421 | or_loss 0.7053
train_step epoch 0.013180192054227076 | step 35/2656 | loss 2.6850 | sft_loss 2.6034 | or_loss 0.8161
train_step epoch 0.013556768970062135 | step 36/2656 | loss 2.5214 | sft_loss 2.4374 | or_loss 0.8398
train_step epoch 0.013933345885897194 | step 37/2656 | loss 2.3235 | sft_loss 2.2572 | or_loss 0.6625
train_step epoch 0.014309922801732254 | step 38/2656 | loss 2.3329 | sft_loss 2.2685 | or_loss 0.6441
train_step epoch 0.014686499717567313 | step 39/2656 | loss 2.4448 | sft_loss 2.3582 | or_loss 0.8661
train_step epoch 0.015063076633402372 | step 40/2656 | loss 2.6897 | sft_loss 2.6018 | or_loss 0.8791
train_step epoch 0.015439653549237431 | step 41/2656 | loss 2.3711 | sft_loss 2.2875 | or_loss 0.8365
train_step epoch 0.01581623046507249 | step 42/2656 | loss 2.3353 | sft_loss 2.2552 | or_loss 0.8009
train_step epoch 0.016192807380907552 | step 43/2656 | loss 2.2564 | sft_loss 2.1853 | or_loss 0.7109
train_step epoch 0.01656938429674261 | step 44/2656 | loss 2.4678 | sft_loss 2.3575 | or_loss 1.1025
train_step epoch 0.01694596121257767 | step 45/2656 | loss 2.2498 | sft_loss 2.1615 | or_loss 0.8828
train_step epoch 0.017322538128412727 | step 46/2656 | loss 2.1500 | sft_loss 2.0836 | or_loss 0.6640
train_step epoch 0.017699115044247787 | step 47/2656 | loss 2.2028 | sft_loss 2.1491 | or_loss 0.5373
train_step epoch 0.018075691960082848 | step 48/2656 | loss 2.6580 | sft_loss 2.5812 | or_loss 0.7676
train_step epoch 0.018452268875917905 | step 49/2656 | loss 2.4333 | sft_loss 2.3437 | or_loss 0.8963
train_step epoch 0.018828845791752966 | step 50/2656 | loss 2.5594 | sft_loss 2.4777 | or_loss 0.8177
train_step epoch 0.019205422707588026 | step 51/2656 | loss 2.4186 | sft_loss 2.3613 | or_loss 0.5731
train_step epoch 0.019581999623423083 | step 52/2656 | loss 2.4872 | sft_loss 2.3764 | or_loss 1.1084
train_step epoch 0.019958576539258144 | step 53/2656 | loss 2.2363 | sft_loss 2.1872 | or_loss 0.4912
train_step epoch 0.020335153455093204 | step 54/2656 | loss 2.3253 | sft_loss 2.2620 | or_loss 0.6335
train_step epoch 0.02071173037092826 | step 55/2656 | loss 2.7124 | sft_loss 2.6213 | or_loss 0.9108
train_step epoch 0.021088307286763322 | step 56/2656 | loss 2.3713 | sft_loss 2.3049 | or_loss 0.6648
train_step epoch 0.02146488420259838 | step 57/2656 | loss 2.4230 | sft_loss 2.3471 | or_loss 0.7584
train_step epoch 0.02184146111843344 | step 58/2656 | loss 2.2798 | sft_loss 2.2181 | or_loss 0.6166
train_step epoch 0.0222180380342685 | step 59/2656 | loss 2.3051 | sft_loss 2.2443 | or_loss 0.6075
train_step epoch 0.022594614950103557 | step 60/2656 | loss 2.4235 | sft_loss 2.3248 | or_loss 0.9869
train_step epoch 0.022971191865938618 | step 61/2656 | loss 2.1728 | sft_loss 2.1028 | or_loss 0.7001
train_step epoch 0.02334776878177368 | step 62/2656 | loss 2.5079 | sft_loss 2.4085 | or_loss 0.9941
train_step epoch 0.023724345697608736 | step 63/2656 | loss 2.2645 | sft_loss 2.1913 | or_loss 0.7316
train_step epoch 0.024100922613443796 | step 64/2656 | loss 2.0811 | sft_loss 2.0233 | or_loss 0.5779
train_step epoch 0.024477499529278857 | step 65/2656 | loss 2.2539 | sft_loss 2.1861 | or_loss 0.6780
train_step epoch 0.024854076445113914 | step 66/2656 | loss 2.1425 | sft_loss 2.0713 | or_loss 0.7122
train_step epoch 0.025230653360948974 | step 67/2656 | loss 2.3087 | sft_loss 2.2544 | or_loss 0.5427
train_step epoch 0.025607230276784035 | step 68/2656 | loss 2.4177 | sft_loss 2.3416 | or_loss 0.7608
train_step epoch 0.025983807192619092 | step 69/2656 | loss 2.2578 | sft_loss 2.1739 | or_loss 0.8384
train_step epoch 0.026360384108454153 | step 70/2656 | loss 2.4185 | sft_loss 2.3474 | or_loss 0.7108
train_step epoch 0.02673696102428921 | step 71/2656 | loss 2.0852 | sft_loss 2.0386 | or_loss 0.4658
train_step epoch 0.02711353794012427 | step 72/2656 | loss 2.0939 | sft_loss 2.0476 | or_loss 0.4628
train_step epoch 0.02749011485595933 | step 73/2656 | loss 2.0845 | sft_loss 2.0229 | or_loss 0.6156
train_step epoch 0.027866691771794388 | step 74/2656 | loss 2.6532 | sft_loss 2.5584 | or_loss 0.9478
train_step epoch 0.02824326868762945 | step 75/2656 | loss 2.2382 | sft_loss 2.1622 | or_loss 0.7603
train_step epoch 0.02861984560346451 | step 76/2656 | loss 2.4114 | sft_loss 2.3332 | or_loss 0.7829
train_step epoch 0.028996422519299566 | step 77/2656 | loss 2.3497 | sft_loss 2.2656 | or_loss 0.8415
train_step epoch 0.029372999435134627 | step 78/2656 | loss 2.4738 | sft_loss 2.3989 | or_loss 0.7489
train_step epoch 0.029749576350969687 | step 79/2656 | loss 2.2927 | sft_loss 2.2265 | or_loss 0.6619
train_step epoch 0.030126153266804744 | step 80/2656 | loss 2.3226 | sft_loss 2.2608 | or_loss 0.6178
train_step epoch 0.030502730182639805 | step 81/2656 | loss 2.5806 | sft_loss 2.5023 | or_loss 0.7830
train_step epoch 0.030879307098474862 | step 82/2656 | loss 2.4780 | sft_loss 2.4160 | or_loss 0.6200
train_step epoch 0.031255884014309926 | step 83/2656 | loss 2.6851 | sft_loss 2.5927 | or_loss 0.9240
train_step epoch 0.03163246093014498 | step 84/2656 | loss 2.2211 | sft_loss 2.1589 | or_loss 0.6219
train_step epoch 0.03200903784598004 | step 85/2656 | loss 2.4275 | sft_loss 2.3528 | or_loss 0.7475
train_step epoch 0.032385614761815104 | step 86/2656 | loss 2.4947 | sft_loss 2.4050 | or_loss 0.8974
train_step epoch 0.03276219167765016 | step 87/2656 | loss 2.2416 | sft_loss 2.1808 | or_loss 0.6071
train_step epoch 0.03313876859348522 | step 88/2656 | loss 2.3302 | sft_loss 2.2687 | or_loss 0.6159
train_step epoch 0.033515345509320275 | step 89/2656 | loss 2.7362 | sft_loss 2.6438 | or_loss 0.9239
train_step epoch 0.03389192242515534 | step 90/2656 | loss 2.2853 | sft_loss 2.2264 | or_loss 0.5884
train_step epoch 0.034268499340990397 | step 91/2656 | loss 2.3952 | sft_loss 2.3236 | or_loss 0.7163
train_step epoch 0.034645076256825454 | step 92/2656 | loss 2.3135 | sft_loss 2.2373 | or_loss 0.7618
train_step epoch 0.03502165317266052 | step 93/2656 | loss 2.3375 | sft_loss 2.2680 | or_loss 0.6946
train_step epoch 0.035398230088495575 | step 94/2656 | loss 2.1760 | sft_loss 2.1162 | or_loss 0.5984
train_step epoch 0.03577480700433063 | step 95/2656 | loss 2.4715 | sft_loss 2.4123 | or_loss 0.5921
train_step epoch 0.036151383920165696 | step 96/2656 | loss 2.1291 | sft_loss 2.0834 | or_loss 0.4573
train_step epoch 0.03652796083600075 | step 97/2656 | loss 2.3589 | sft_loss 2.2928 | or_loss 0.6615
train_step epoch 0.03690453775183581 | step 98/2656 | loss 2.4375 | sft_loss 2.3554 | or_loss 0.8217
train_step epoch 0.037281114667670874 | step 99/2656 | loss 2.0964 | sft_loss 2.0374 | or_loss 0.5897
train_step epoch 0.03765769158350593 | step 100/2656 | loss 2.3410 | sft_loss 2.2471 | or_loss 0.9387
train_step epoch 0.03803426849934099 | step 101/2656 | loss 2.4376 | sft_loss 2.3651 | or_loss 0.7248
train_step epoch 0.03841084541517605 | step 102/2656 | loss 2.4586 | sft_loss 2.3868 | or_loss 0.7176
train_step epoch 0.03878742233101111 | step 103/2656 | loss 2.5085 | sft_loss 2.4455 | or_loss 0.6299
train_step epoch 0.039163999246846166 | step 104/2656 | loss 2.3634 | sft_loss 2.2805 | or_loss 0.8291
train_step epoch 0.03954057616268123 | step 105/2656 | loss 2.3145 | sft_loss 2.2592 | or_loss 0.5534
train_step epoch 0.03991715307851629 | step 106/2656 | loss 2.4264 | sft_loss 2.3648 | or_loss 0.6166
train_step epoch 0.040293729994351345 | step 107/2656 | loss 2.6134 | sft_loss 2.5182 | or_loss 0.9518
train_step epoch 0.04067030691018641 | step 108/2656 | loss 2.2407 | sft_loss 2.1634 | or_loss 0.7729
train_step epoch 0.041046883826021466 | step 109/2656 | loss 2.1233 | sft_loss 2.0523 | or_loss 0.7101
train_step epoch 0.04142346074185652 | step 110/2656 | loss 2.3962 | sft_loss 2.3225 | or_loss 0.7371
train_step epoch 0.04180003765769159 | step 111/2656 | loss 2.5466 | sft_loss 2.4721 | or_loss 0.7455
train_step epoch 0.042176614573526644 | step 112/2656 | loss 2.3691 | sft_loss 2.3005 | or_loss 0.6865
train_step epoch 0.0425531914893617 | step 113/2656 | loss 2.5650 | sft_loss 2.4693 | or_loss 0.9573
train_step epoch 0.04292976840519676 | step 114/2656 | loss 2.3779 | sft_loss 2.3112 | or_loss 0.6674
train_step epoch 0.04330634532103182 | step 115/2656 | loss 2.5255 | sft_loss 2.4473 | or_loss 0.7826
train_step epoch 0.04368292223686688 | step 116/2656 | loss 2.1548 | sft_loss 2.0838 | or_loss 0.7105
train_step epoch 0.044059499152701936 | step 117/2656 | loss 2.2889 | sft_loss 2.1963 | or_loss 0.9257
train_step epoch 0.044436076068537 | step 118/2656 | loss 2.5645 | sft_loss 2.4463 | or_loss 1.1817
train_step epoch 0.04481265298437206 | step 119/2656 | loss 2.5150 | sft_loss 2.4291 | or_loss 0.8590
train_step epoch 0.045189229900207115 | step 120/2656 | loss 2.3931 | sft_loss 2.3387 | or_loss 0.5442
train_step epoch 0.04556580681604218 | step 121/2656 | loss 2.3112 | sft_loss 2.2544 | or_loss 0.5681
train_step epoch 0.045942383731877236 | step 122/2656 | loss 2.4562 | sft_loss 2.3936 | or_loss 0.6259
train_step epoch 0.04631896064771229 | step 123/2656 | loss 2.0819 | sft_loss 1.9893 | or_loss 0.9262
train_step epoch 0.04669553756354736 | step 124/2656 | loss 2.1001 | sft_loss 2.0319 | or_loss 0.6819
train_step epoch 0.047072114479382414 | step 125/2656 | loss 2.5577 | sft_loss 2.4747 | or_loss 0.8296
train_step epoch 0.04744869139521747 | step 126/2656 | loss 2.3483 | sft_loss 2.2665 | or_loss 0.8182
train_step epoch 0.047825268311052535 | step 127/2656 | loss 2.4057 | sft_loss 2.3222 | or_loss 0.8358
train_step epoch 0.04820184522688759 | step 128/2656 | loss 2.2258 | sft_loss 2.1503 | or_loss 0.7547
train_step epoch 0.04857842214272265 | step 129/2656 | loss 2.1230 | sft_loss 2.0685 | or_loss 0.5446
train_step epoch 0.04895499905855771 | step 130/2656 | loss 2.4881 | sft_loss 2.4234 | or_loss 0.6468
train_step epoch 0.04933157597439277 | step 131/2656 | loss 2.6210 | sft_loss 2.5367 | or_loss 0.8427
train_step epoch 0.04970815289022783 | step 132/2656 | loss 2.5330 | sft_loss 2.4359 | or_loss 0.9712
train_step epoch 0.05008472980606289 | step 133/2656 | loss 2.2416 | sft_loss 2.1847 | or_loss 0.5696
train_step epoch 0.05046130672189795 | step 134/2656 | loss 2.2565 | sft_loss 2.1894 | or_loss 0.6712
train_step epoch 0.050837883637733006 | step 135/2656 | loss 2.3105 | sft_loss 2.2489 | or_loss 0.6159
train_step epoch 0.05121446055356807 | step 136/2656 | loss 2.1637 | sft_loss 2.1093 | or_loss 0.5443
train_step epoch 0.05159103746940313 | step 137/2656 | loss 2.5047 | sft_loss 2.4283 | or_loss 0.7633
train_step epoch 0.051967614385238184 | step 138/2656 | loss 2.5484 | sft_loss 2.4774 | or_loss 0.7093
train_step epoch 0.05234419130107324 | step 139/2656 | loss 2.3775 | sft_loss 2.3102 | or_loss 0.6727
train_step epoch 0.052720768216908305 | step 140/2656 | loss 2.2362 | sft_loss 2.1573 | or_loss 0.7887
train_step epoch 0.05309734513274336 | step 141/2656 | loss 2.3066 | sft_loss 2.2390 | or_loss 0.6764
train_step epoch 0.05347392204857842 | step 142/2656 | loss 2.5086 | sft_loss 2.4150 | or_loss 0.9365
train_step epoch 0.05385049896441348 | step 143/2656 | loss 2.3954 | sft_loss 2.3232 | or_loss 0.7217
train_step epoch 0.05422707588024854 | step 144/2656 | loss 2.3978 | sft_loss 2.3306 | or_loss 0.6721
train_step epoch 0.0546036527960836 | step 145/2656 | loss 2.3750 | sft_loss 2.2855 | or_loss 0.8946
train_step epoch 0.05498022971191866 | step 146/2656 | loss 2.2865 | sft_loss 2.2155 | or_loss 0.7106
train_step epoch 0.05535680662775372 | step 147/2656 | loss 2.4000 | sft_loss 2.2886 | or_loss 1.1144
train_step epoch 0.055733383543588776 | step 148/2656 | loss 2.4249 | sft_loss 2.3526 | or_loss 0.7228
train_step epoch 0.05610996045942384 | step 149/2656 | loss 2.1231 | sft_loss 2.0667 | or_loss 0.5636
train_step epoch 0.0564865373752589 | step 150/2656 | loss 2.5717 | sft_loss 2.4877 | or_loss 0.8395
train_step epoch 0.056863114291093954 | step 151/2656 | loss 2.4414 | sft_loss 2.3775 | or_loss 0.6396
train_step epoch 0.05723969120692902 | step 152/2656 | loss 2.3105 | sft_loss 2.2557 | or_loss 0.5486
train_step epoch 0.057616268122764075 | step 153/2656 | loss 2.3508 | sft_loss 2.2441 | or_loss 1.0662
train_step epoch 0.05799284503859913 | step 154/2656 | loss 2.3389 | sft_loss 2.2679 | or_loss 0.7102
train_step epoch 0.058369421954434196 | step 155/2656 | loss 2.4648 | sft_loss 2.3746 | or_loss 0.9023
train_step epoch 0.05874599887026925 | step 156/2656 | loss 2.2488 | sft_loss 2.1854 | or_loss 0.6338
train_step epoch 0.05912257578610431 | step 157/2656 | loss 2.3563 | sft_loss 2.2964 | or_loss 0.5991
train_step epoch 0.059499152701939374 | step 158/2656 | loss 2.3465 | sft_loss 2.2825 | or_loss 0.6401
train_step epoch 0.05987572961777443 | step 159/2656 | loss 2.3081 | sft_loss 2.2409 | or_loss 0.6714
train_step epoch 0.06025230653360949 | step 160/2656 | loss 2.4960 | sft_loss 2.4216 | or_loss 0.7441
train_step epoch 0.06062888344944455 | step 161/2656 | loss 2.3203 | sft_loss 2.2470 | or_loss 0.7323
train_step epoch 0.06100546036527961 | step 162/2656 | loss 2.5092 | sft_loss 2.4350 | or_loss 0.7414
train_step epoch 0.06138203728111467 | step 163/2656 | loss 2.0517 | sft_loss 1.9898 | or_loss 0.6191
train_step epoch 0.061758614196949724 | step 164/2656 | loss 2.4459 | sft_loss 2.3779 | or_loss 0.6795
train_step epoch 0.06213519111278479 | step 165/2656 | loss 2.3183 | sft_loss 2.2592 | or_loss 0.5918
train_step epoch 0.06251176802861985 | step 166/2656 | loss 2.2521 | sft_loss 2.1904 | or_loss 0.6167
train_step epoch 0.0628883449444549 | step 167/2656 | loss 2.4267 | sft_loss 2.3329 | or_loss 0.9384
train_step epoch 0.06326492186028997 | step 168/2656 | loss 2.4930 | sft_loss 2.4251 | or_loss 0.6789
train_step epoch 0.06364149877612503 | step 169/2656 | loss 2.6455 | sft_loss 2.5363 | or_loss 1.0922
train_step epoch 0.06401807569196008 | step 170/2656 | loss 2.0807 | sft_loss 2.0277 | or_loss 0.5297
train_step epoch 0.06439465260779514 | step 171/2656 | loss 2.3637 | sft_loss 2.2741 | or_loss 0.8961
train_step epoch 0.06477122952363021 | step 172/2656 | loss 2.2715 | sft_loss 2.2122 | or_loss 0.5931
train_step epoch 0.06514780643946526 | step 173/2656 | loss 2.4097 | sft_loss 2.3373 | or_loss 0.7242
train_step epoch 0.06552438335530032 | step 174/2656 | loss 2.4982 | sft_loss 2.4235 | or_loss 0.7467
train_step epoch 0.06590096027113537 | step 175/2656 | loss 2.4083 | sft_loss 2.3301 | or_loss 0.7819
train_step epoch 0.06627753718697044 | step 176/2656 | loss 2.2319 | sft_loss 2.1627 | or_loss 0.6919
train_step epoch 0.0666541141028055 | step 177/2656 | loss 2.2176 | sft_loss 2.1309 | or_loss 0.8676
train_step epoch 0.06703069101864055 | step 178/2656 | loss 2.2599 | sft_loss 2.1967 | or_loss 0.6321
train_step epoch 0.06740726793447561 | step 179/2656 | loss 2.4538 | sft_loss 2.3725 | or_loss 0.8124
train_step epoch 0.06778384485031068 | step 180/2656 | loss 2.2956 | sft_loss 2.2251 | or_loss 0.7057
train_step epoch 0.06816042176614573 | step 181/2656 | loss 2.4384 | sft_loss 2.3767 | or_loss 0.6177
train_step epoch 0.06853699868198079 | step 182/2656 | loss 2.0958 | sft_loss 2.0430 | or_loss 0.5278
train_step epoch 0.06891357559781586 | step 183/2656 | loss 2.3036 | sft_loss 2.2151 | or_loss 0.8851
train_step epoch 0.06929015251365091 | step 184/2656 | loss 2.4248 | sft_loss 2.3538 | or_loss 0.7101
train_step epoch 0.06966672942948597 | step 185/2656 | loss 2.2374 | sft_loss 2.1711 | or_loss 0.6628
train_step epoch 0.07004330634532104 | step 186/2656 | loss 2.6744 | sft_loss 2.5978 | or_loss 0.7661
train_step epoch 0.07041988326115609 | step 187/2656 | loss 2.3533 | sft_loss 2.2689 | or_loss 0.8437
train_step epoch 0.07079646017699115 | step 188/2656 | loss 2.3624 | sft_loss 2.2901 | or_loss 0.7231
train_step epoch 0.07117303709282621 | step 189/2656 | loss 2.4426 | sft_loss 2.3731 | or_loss 0.6953
train_step epoch 0.07154961400866126 | step 190/2656 | loss 2.1480 | sft_loss 2.0921 | or_loss 0.5588
train_step epoch 0.07192619092449633 | step 191/2656 | loss 2.2992 | sft_loss 2.2257 | or_loss 0.7354
train_step epoch 0.07230276784033139 | step 192/2656 | loss 1.9358 | sft_loss 1.8864 | or_loss 0.4947
train_step epoch 0.07267934475616644 | step 193/2656 | loss 2.2836 | sft_loss 2.2192 | or_loss 0.6442
train_step epoch 0.0730559216720015 | step 194/2656 | loss 2.5811 | sft_loss 2.5141 | or_loss 0.6700
train_step epoch 0.07343249858783657 | step 195/2656 | loss 2.4345 | sft_loss 2.3550 | or_loss 0.7950
train_step epoch 0.07380907550367162 | step 196/2656 | loss 2.5293 | sft_loss 2.4636 | or_loss 0.6568
train_step epoch 0.07418565241950668 | step 197/2656 | loss 2.4472 | sft_loss 2.3446 | or_loss 1.0254
train_step epoch 0.07456222933534175 | step 198/2656 | loss 2.3905 | sft_loss 2.3270 | or_loss 0.6352
train_step epoch 0.0749388062511768 | step 199/2656 | loss 2.3679 | sft_loss 2.2896 | or_loss 0.7834
train_step epoch 0.07531538316701186 | step 200/2656 | loss 2.3690 | sft_loss 2.3012 | or_loss 0.6777
train_step epoch 0.07569196008284693 | step 201/2656 | loss 2.5875 | sft_loss 2.5030 | or_loss 0.8450
train_step epoch 0.07606853699868198 | step 202/2656 | loss 2.5339 | sft_loss 2.4415 | or_loss 0.9240
train_step epoch 0.07644511391451704 | step 203/2656 | loss 2.3511 | sft_loss 2.2657 | or_loss 0.8538
train_step epoch 0.0768216908303521 | step 204/2656 | loss 2.3219 | sft_loss 2.2498 | or_loss 0.7208
train_step epoch 0.07719826774618715 | step 205/2656 | loss 2.0887 | sft_loss 2.0283 | or_loss 0.6040
train_step epoch 0.07757484466202222 | step 206/2656 | loss 2.3515 | sft_loss 2.2701 | or_loss 0.8138
train_step epoch 0.07795142157785728 | step 207/2656 | loss 2.3701 | sft_loss 2.3045 | or_loss 0.6560
train_step epoch 0.07832799849369233 | step 208/2656 | loss 2.4024 | sft_loss 2.3380 | or_loss 0.6445
train_step epoch 0.0787045754095274 | step 209/2656 | loss 2.2615 | sft_loss 2.2068 | or_loss 0.5462
train_step epoch 0.07908115232536246 | step 210/2656 | loss 2.4992 | sft_loss 2.4131 | or_loss 0.8614
train_step epoch 0.07945772924119751 | step 211/2656 | loss 2.3914 | sft_loss 2.3341 | or_loss 0.5728
train_step epoch 0.07983430615703258 | step 212/2656 | loss 2.4058 | sft_loss 2.3431 | or_loss 0.6271
train_step epoch 0.08021088307286764 | step 213/2656 | loss 2.3713 | sft_loss 2.3093 | or_loss 0.6200
train_step epoch 0.08058745998870269 | step 214/2656 | loss 2.4489 | sft_loss 2.3723 | or_loss 0.7660
train_step epoch 0.08096403690453775 | step 215/2656 | loss 2.4229 | sft_loss 2.3537 | or_loss 0.6918
train_step epoch 0.08134061382037282 | step 216/2656 | loss 2.6882 | sft_loss 2.6125 | or_loss 0.7577
train_step epoch 0.08171719073620787 | step 217/2656 | loss 2.3823 | sft_loss 2.3123 | or_loss 0.6996
train_step epoch 0.08209376765204293 | step 218/2656 | loss 2.1292 | sft_loss 2.0795 | or_loss 0.4970
train_step epoch 0.082470344567878 | step 219/2656 | loss 2.2435 | sft_loss 2.1744 | or_loss 0.6907
train_step epoch 0.08284692148371305 | step 220/2656 | loss 2.2076 | sft_loss 2.1455 | or_loss 0.6210
train_step epoch 0.08322349839954811 | step 221/2656 | loss 2.2728 | sft_loss 2.1951 | or_loss 0.7767
train_step epoch 0.08360007531538317 | step 222/2656 | loss 2.2787 | sft_loss 2.2152 | or_loss 0.6351
train_step epoch 0.08397665223121822 | step 223/2656 | loss 2.6037 | sft_loss 2.5279 | or_loss 0.7579
train_step epoch 0.08435322914705329 | step 224/2656 | loss 2.2651 | sft_loss 2.1954 | or_loss 0.6977
train_step epoch 0.08472980606288834 | step 225/2656 | loss 2.0787 | sft_loss 2.0190 | or_loss 0.5968
train_step epoch 0.0851063829787234 | step 226/2656 | loss 2.2001 | sft_loss 2.1457 | or_loss 0.5434
train_step epoch 0.08548295989455847 | step 227/2656 | loss 2.4233 | sft_loss 2.3605 | or_loss 0.6288
train_step epoch 0.08585953681039352 | step 228/2656 | loss 2.2752 | sft_loss 2.2133 | or_loss 0.6186
train_step epoch 0.08623611372622858 | step 229/2656 | loss 2.4288 | sft_loss 2.3657 | or_loss 0.6304
train_step epoch 0.08661269064206364 | step 230/2656 | loss 2.2343 | sft_loss 2.1790 | or_loss 0.5534
train_step epoch 0.0869892675578987 | step 231/2656 | loss 2.3924 | sft_loss 2.3101 | or_loss 0.8231
train_step epoch 0.08736584447373376 | step 232/2656 | loss 2.3654 | sft_loss 2.3148 | or_loss 0.5059
train_step epoch 0.08774242138956882 | step 233/2656 | loss 2.3293 | sft_loss 2.2675 | or_loss 0.6179
train_step epoch 0.08811899830540387 | step 234/2656 | loss 2.4044 | sft_loss 2.3265 | or_loss 0.7786
train_step epoch 0.08849557522123894 | step 235/2656 | loss 2.3903 | sft_loss 2.3234 | or_loss 0.6690
train_step epoch 0.088872152137074 | step 236/2656 | loss 2.3121 | sft_loss 2.2403 | or_loss 0.7173
train_step epoch 0.08924872905290905 | step 237/2656 | loss 2.4159 | sft_loss 2.3484 | or_loss 0.6752
train_step epoch 0.08962530596874412 | step 238/2656 | loss 2.5914 | sft_loss 2.4978 | or_loss 0.9356
train_step epoch 0.09000188288457918 | step 239/2656 | loss 2.6022 | sft_loss 2.4893 | or_loss 1.1295
train_step epoch 0.09037845980041423 | step 240/2656 | loss 2.5213 | sft_loss 2.4382 | or_loss 0.8315
train_step epoch 0.0907550367162493 | step 241/2656 | loss 2.4034 | sft_loss 2.3451 | or_loss 0.5834
train_step epoch 0.09113161363208436 | step 242/2656 | loss 2.5009 | sft_loss 2.4269 | or_loss 0.7401
train_step epoch 0.09150819054791941 | step 243/2656 | loss 2.4844 | sft_loss 2.4095 | or_loss 0.7497
train_step epoch 0.09188476746375447 | step 244/2656 | loss 2.4760 | sft_loss 2.3976 | or_loss 0.7837
train_step epoch 0.09226134437958954 | step 245/2656 | loss 2.5102 | sft_loss 2.4351 | or_loss 0.7511
train_step epoch 0.09263792129542459 | step 246/2656 | loss 2.3266 | sft_loss 2.2565 | or_loss 0.7011
train_step epoch 0.09301449821125965 | step 247/2656 | loss 2.6244 | sft_loss 2.5457 | or_loss 0.7873
train_step epoch 0.09339107512709471 | step 248/2656 | loss 2.1443 | sft_loss 2.0868 | or_loss 0.5749
train_step epoch 0.09376765204292976 | step 249/2656 | loss 2.1060 | sft_loss 2.0549 | or_loss 0.5107
train_step epoch 0.09414422895876483 | step 250/2656 | loss 2.5182 | sft_loss 2.4328 | or_loss 0.8535
train_step epoch 0.09452080587459989 | step 251/2656 | loss 2.5517 | sft_loss 2.4436 | or_loss 1.0812
train_step epoch 0.09489738279043494 | step 252/2656 | loss 2.4996 | sft_loss 2.4378 | or_loss 0.6178
train_step epoch 0.09527395970627 | step 253/2656 | loss 2.3291 | sft_loss 2.2529 | or_loss 0.7625
train_step epoch 0.09565053662210507 | step 254/2656 | loss 2.1280 | sft_loss 2.0617 | or_loss 0.6621
train_step epoch 0.09602711353794012 | step 255/2656 | loss 2.2818 | sft_loss 2.2273 | or_loss 0.5448
train_step epoch 0.09640369045377518 | step 256/2656 | loss 2.3319 | sft_loss 2.2639 | or_loss 0.6805
train_step epoch 0.09678026736961025 | step 257/2656 | loss 2.1569 | sft_loss 2.1087 | or_loss 0.4817
train_step epoch 0.0971568442854453 | step 258/2656 | loss 2.3480 | sft_loss 2.2764 | or_loss 0.7159
train_step epoch 0.09753342120128036 | step 259/2656 | loss 2.3207 | sft_loss 2.2414 | or_loss 0.7929
train_step epoch 0.09790999811711543 | step 260/2656 | loss 2.3949 | sft_loss 2.3353 | or_loss 0.5963
train_step epoch 0.09828657503295048 | step 261/2656 | loss 2.1805 | sft_loss 2.1083 | or_loss 0.7220
train_step epoch 0.09866315194878554 | step 262/2656 | loss 2.3887 | sft_loss 2.3169 | or_loss 0.7181
train_step epoch 0.0990397288646206 | step 263/2656 | loss 2.4334 | sft_loss 2.3547 | or_loss 0.7864
train_step epoch 0.09941630578045565 | step 264/2656 | loss 2.4943 | sft_loss 2.4106 | or_loss 0.8375
train_step epoch 0.09979288269629072 | step 265/2656 | loss 2.4673 | sft_loss 2.3974 | or_loss 0.6998
train_step epoch 0.10016945961212578 | step 266/2656 | loss 2.5251 | sft_loss 2.4442 | or_loss 0.8090
train_step epoch 0.10054603652796083 | step 267/2656 | loss 2.4522 | sft_loss 2.3648 | or_loss 0.8741
train_step epoch 0.1009226134437959 | step 268/2656 | loss 2.5689 | sft_loss 2.4997 | or_loss 0.6926
train_step epoch 0.10129919035963096 | step 269/2656 | loss 2.4126 | sft_loss 2.3351 | or_loss 0.7753
train_step epoch 0.10167576727546601 | step 270/2656 | loss 2.2959 | sft_loss 2.2279 | or_loss 0.6795
train_step epoch 0.10205234419130108 | step 271/2656 | loss 2.1485 | sft_loss 2.0763 | or_loss 0.7223
train_step epoch 0.10242892110713614 | step 272/2656 | loss 2.1373 | sft_loss 2.0833 | or_loss 0.5401
train_step epoch 0.10280549802297119 | step 273/2656 | loss 2.1516 | sft_loss 2.0710 | or_loss 0.8067
train_step epoch 0.10318207493880625 | step 274/2656 | loss 2.1158 | sft_loss 2.0409 | or_loss 0.7487
train_step epoch 0.1035586518546413 | step 275/2656 | loss 2.3412 | sft_loss 2.2684 | or_loss 0.7276
train_step epoch 0.10393522877047637 | step 276/2656 | loss 2.2088 | sft_loss 2.1273 | or_loss 0.8149
train_step epoch 0.10431180568631143 | step 277/2656 | loss 2.3242 | sft_loss 2.2595 | or_loss 0.6474
train_step epoch 0.10468838260214648 | step 278/2656 | loss 2.2534 | sft_loss 2.1976 | or_loss 0.5582
train_step epoch 0.10506495951798155 | step 279/2656 | loss 2.2490 | sft_loss 2.1800 | or_loss 0.6890
train_step epoch 0.10544153643381661 | step 280/2656 | loss 2.4081 | sft_loss 2.3403 | or_loss 0.6783
train_step epoch 0.10581811334965166 | step 281/2656 | loss 2.5730 | sft_loss 2.4762 | or_loss 0.9682
train_step epoch 0.10619469026548672 | step 282/2656 | loss 2.3692 | sft_loss 2.3016 | or_loss 0.6759
train_step epoch 0.10657126718132179 | step 283/2656 | loss 2.3205 | sft_loss 2.2673 | or_loss 0.5315
train_step epoch 0.10694784409715684 | step 284/2656 | loss 2.3308 | sft_loss 2.2481 | or_loss 0.8270
train_step epoch 0.1073244210129919 | step 285/2656 | loss 2.3611 | sft_loss 2.2729 | or_loss 0.8821
train_step epoch 0.10770099792882697 | step 286/2656 | loss 2.5491 | sft_loss 2.4635 | or_loss 0.8553
train_step epoch 0.10807757484466202 | step 287/2656 | loss 2.5940 | sft_loss 2.4874 | or_loss 1.0665
train_step epoch 0.10845415176049708 | step 288/2656 | loss 2.2468 | sft_loss 2.1842 | or_loss 0.6254
train_step epoch 0.10883072867633214 | step 289/2656 | loss 2.7844 | sft_loss 2.6908 | or_loss 0.9362
train_step epoch 0.1092073055921672 | step 290/2656 | loss 2.2682 | sft_loss 2.2099 | or_loss 0.5834
train_step epoch 0.10958388250800226 | step 291/2656 | loss 2.2968 | sft_loss 2.2228 | or_loss 0.7401
train_step epoch 0.10996045942383732 | step 292/2656 | loss 2.2921 | sft_loss 2.2106 | or_loss 0.8147
train_step epoch 0.11033703633967237 | step 293/2656 | loss 2.4550 | sft_loss 2.3745 | or_loss 0.8047
train_step epoch 0.11071361325550744 | step 294/2656 | loss 2.1328 | sft_loss 2.0822 | or_loss 0.5062
train_step epoch 0.1110901901713425 | step 295/2656 | loss 2.7455 | sft_loss 2.6844 | or_loss 0.6113
train_step epoch 0.11146676708717755 | step 296/2656 | loss 2.4958 | sft_loss 2.4163 | or_loss 0.7954
train_step epoch 0.11184334400301262 | step 297/2656 | loss 2.4138 | sft_loss 2.3520 | or_loss 0.6180
train_step epoch 0.11221992091884768 | step 298/2656 | loss 2.3099 | sft_loss 2.2497 | or_loss 0.6026
train_step epoch 0.11259649783468273 | step 299/2656 | loss 2.3295 | sft_loss 2.2471 | or_loss 0.8248
train_step epoch 0.1129730747505178 | step 300/2656 | loss 2.4273 | sft_loss 2.3558 | or_loss 0.7150
train_step epoch 0.11334965166635286 | step 301/2656 | loss 2.2408 | sft_loss 2.1803 | or_loss 0.6049
train_step epoch 0.11372622858218791 | step 302/2656 | loss 2.3298 | sft_loss 2.2648 | or_loss 0.6505
train_step epoch 0.11410280549802297 | step 303/2656 | loss 2.1234 | sft_loss 2.0503 | or_loss 0.7303
train_step epoch 0.11447938241385804 | step 304/2656 | loss 2.1583 | sft_loss 2.0975 | or_loss 0.6079
train_step epoch 0.11485595932969309 | step 305/2656 | loss 2.3692 | sft_loss 2.2883 | or_loss 0.8090
train_step epoch 0.11523253624552815 | step 306/2656 | loss 2.0012 | sft_loss 1.9439 | or_loss 0.5727
train_step epoch 0.11560911316136321 | step 307/2656 | loss 2.2747 | sft_loss 2.2226 | or_loss 0.5208
train_step epoch 0.11598569007719826 | step 308/2656 | loss 2.3631 | sft_loss 2.3068 | or_loss 0.5637
train_step epoch 0.11636226699303333 | step 309/2656 | loss 2.2195 | sft_loss 2.1490 | or_loss 0.7047
train_step epoch 0.11673884390886839 | step 310/2656 | loss 2.2348 | sft_loss 2.1662 | or_loss 0.6864
train_step epoch 0.11711542082470344 | step 311/2656 | loss 2.5087 | sft_loss 2.4308 | or_loss 0.7798
train_step epoch 0.1174919977405385 | step 312/2656 | loss 2.1392 | sft_loss 2.0756 | or_loss 0.6370
train_step epoch 0.11786857465637357 | step 313/2656 | loss 2.4973 | sft_loss 2.4198 | or_loss 0.7750
train_step epoch 0.11824515157220862 | step 314/2656 | loss 2.5007 | sft_loss 2.4174 | or_loss 0.8327
train_step epoch 0.11862172848804368 | step 315/2656 | loss 2.3867 | sft_loss 2.2977 | or_loss 0.8905
train_step epoch 0.11899830540387875 | step 316/2656 | loss 2.6628 | sft_loss 2.5738 | or_loss 0.8900
train_step epoch 0.1193748823197138 | step 317/2656 | loss 2.3689 | sft_loss 2.3039 | or_loss 0.6507
train_step epoch 0.11975145923554886 | step 318/2656 | loss 2.4331 | sft_loss 2.3638 | or_loss 0.6930
train_step epoch 0.12012803615138393 | step 319/2656 | loss 2.1555 | sft_loss 2.0746 | or_loss 0.8088
train_step epoch 0.12050461306721898 | step 320/2656 | loss 2.3531 | sft_loss 2.2945 | or_loss 0.5857
train_step epoch 0.12088118998305404 | step 321/2656 | loss 2.4841 | sft_loss 2.3449 | or_loss 1.3918
train_step epoch 0.1212577668988891 | step 322/2656 | loss 2.6629 | sft_loss 2.5836 | or_loss 0.7937
train_step epoch 0.12163434381472416 | step 323/2656 | loss 2.4742 | sft_loss 2.4001 | or_loss 0.7410
train_step epoch 0.12201092073055922 | step 324/2656 | loss 2.3337 | sft_loss 2.2668 | or_loss 0.6689
train_step epoch 0.12238749764639427 | step 325/2656 | loss 2.4718 | sft_loss 2.4047 | or_loss 0.6713
train_step epoch 0.12276407456222933 | step 326/2656 | loss 2.4625 | sft_loss 2.3401 | or_loss 1.2240
train_step epoch 0.1231406514780644 | step 327/2656 | loss 2.5014 | sft_loss 2.3902 | or_loss 1.1119
train_step epoch 0.12351722839389945 | step 328/2656 | loss 2.2776 | sft_loss 2.2007 | or_loss 0.7690
train_step epoch 0.12389380530973451 | step 329/2656 | loss 2.4133 | sft_loss 2.3404 | or_loss 0.7293
train_step epoch 0.12427038222556958 | step 330/2656 | loss 2.4442 | sft_loss 2.3671 | or_loss 0.7707
train_step epoch 0.12464695914140463 | step 331/2656 | loss 2.2723 | sft_loss 2.2086 | or_loss 0.6374
train_step epoch 0.1250235360572397 | step 332/2656 | loss 2.1438 | sft_loss 2.0913 | or_loss 0.5252
train_step epoch 0.12540011297307474 | step 333/2656 | loss 2.1109 | sft_loss 2.0497 | or_loss 0.6119
train_step epoch 0.1257766898889098 | step 334/2656 | loss 2.3063 | sft_loss 2.2524 | or_loss 0.5385
train_step epoch 0.12615326680474487 | step 335/2656 | loss 2.2651 | sft_loss 2.2230 | or_loss 0.4207
train_step epoch 0.12652984372057993 | step 336/2656 | loss 2.4090 | sft_loss 2.3403 | or_loss 0.6874
train_step epoch 0.126906420636415 | step 337/2656 | loss 2.5855 | sft_loss 2.5232 | or_loss 0.6230
train_step epoch 0.12728299755225006 | step 338/2656 | loss 2.2829 | sft_loss 2.2074 | or_loss 0.7554
train_step epoch 0.1276595744680851 | step 339/2656 | loss 2.2328 | sft_loss 2.1716 | or_loss 0.6113
train_step epoch 0.12803615138392016 | step 340/2656 | loss 2.4985 | sft_loss 2.4287 | or_loss 0.6988
train_step epoch 0.12841272829975522 | step 341/2656 | loss 2.4798 | sft_loss 2.4090 | or_loss 0.7080
train_step epoch 0.1287893052155903 | step 342/2656 | loss 2.3120 | sft_loss 2.2315 | or_loss 0.8051
train_step epoch 0.12916588213142535 | step 343/2656 | loss 2.1241 | sft_loss 2.0207 | or_loss 1.0345
train_step epoch 0.12954245904726042 | step 344/2656 | loss 2.3467 | sft_loss 2.2632 | or_loss 0.8345
train_step epoch 0.12991903596309545 | step 345/2656 | loss 2.4668 | sft_loss 2.3904 | or_loss 0.7644
train_step epoch 0.13029561287893052 | step 346/2656 | loss 2.1979 | sft_loss 2.1249 | or_loss 0.7301
train_step epoch 0.13067218979476558 | step 347/2656 | loss 2.3626 | sft_loss 2.2497 | or_loss 1.1289
train_step epoch 0.13104876671060064 | step 348/2656 | loss 2.5082 | sft_loss 2.4223 | or_loss 0.8582
train_step epoch 0.1314253436264357 | step 349/2656 | loss 2.5797 | sft_loss 2.4827 | or_loss 0.9694
train_step epoch 0.13180192054227075 | step 350/2656 | loss 2.2975 | sft_loss 2.2206 | or_loss 0.7693
train_step epoch 0.1321784974581058 | step 351/2656 | loss 2.2590 | sft_loss 2.1932 | or_loss 0.6581
train_step epoch 0.13255507437394087 | step 352/2656 | loss 1.8337 | sft_loss 1.7788 | or_loss 0.5490
train_step epoch 0.13293165128977594 | step 353/2656 | loss 2.2985 | sft_loss 2.2263 | or_loss 0.7218
train_step epoch 0.133308228205611 | step 354/2656 | loss 2.1454 | sft_loss 2.0817 | or_loss 0.6365
train_step epoch 0.13368480512144607 | step 355/2656 | loss 2.5200 | sft_loss 2.4378 | or_loss 0.8217
train_step epoch 0.1340613820372811 | step 356/2656 | loss 2.1816 | sft_loss 2.1175 | or_loss 0.6407
train_step epoch 0.13443795895311617 | step 357/2656 | loss 2.2645 | sft_loss 2.2083 | or_loss 0.5622
train_step epoch 0.13481453586895123 | step 358/2656 | loss 2.4837 | sft_loss 2.4238 | or_loss 0.5989
train_step epoch 0.1351911127847863 | step 359/2656 | loss 2.0964 | sft_loss 2.0257 | or_loss 0.7067
train_step epoch 0.13556768970062136 | step 360/2656 | loss 2.2119 | sft_loss 2.1485 | or_loss 0.6339
train_step epoch 0.13594426661645642 | step 361/2656 | loss 2.3285 | sft_loss 2.2594 | or_loss 0.6909
train_step epoch 0.13632084353229146 | step 362/2656 | loss 2.3810 | sft_loss 2.2840 | or_loss 0.9707
train_step epoch 0.13669742044812652 | step 363/2656 | loss 2.0652 | sft_loss 2.0118 | or_loss 0.5339
train_step epoch 0.13707399736396159 | step 364/2656 | loss 2.2784 | sft_loss 2.2201 | or_loss 0.5830
train_step epoch 0.13745057427979665 | step 365/2656 | loss 2.5228 | sft_loss 2.4560 | or_loss 0.6673
train_step epoch 0.13782715119563171 | step 366/2656 | loss 2.3974 | sft_loss 2.3272 | or_loss 0.7023
train_step epoch 0.13820372811146678 | step 367/2656 | loss 2.2511 | sft_loss 2.1855 | or_loss 0.6564
train_step epoch 0.13858030502730181 | step 368/2656 | loss 2.3848 | sft_loss 2.3176 | or_loss 0.6717
train_step epoch 0.13895688194313688 | step 369/2656 | loss 2.2174 | sft_loss 2.1568 | or_loss 0.6061
train_step epoch 0.13933345885897194 | step 370/2656 | loss 2.3884 | sft_loss 2.3210 | or_loss 0.6738
train_step epoch 0.139710035774807 | step 371/2656 | loss 2.3290 | sft_loss 2.2789 | or_loss 0.5010
train_step epoch 0.14008661269064207 | step 372/2656 | loss 2.3561 | sft_loss 2.2947 | or_loss 0.6138
train_step epoch 0.14046318960647713 | step 373/2656 | loss 2.6351 | sft_loss 2.5465 | or_loss 0.8863
train_step epoch 0.14083976652231217 | step 374/2656 | loss 2.3445 | sft_loss 2.2690 | or_loss 0.7555
train_step epoch 0.14121634343814723 | step 375/2656 | loss 2.3110 | sft_loss 2.2518 | or_loss 0.5919
train_step epoch 0.1415929203539823 | step 376/2656 | loss 2.8444 | sft_loss 2.7309 | or_loss 1.1342
train_step epoch 0.14196949726981736 | step 377/2656 | loss 2.2064 | sft_loss 2.1193 | or_loss 0.8715
train_step epoch 0.14234607418565243 | step 378/2656 | loss 2.2199 | sft_loss 2.1591 | or_loss 0.6074
train_step epoch 0.1427226511014875 | step 379/2656 | loss 2.3241 | sft_loss 2.2669 | or_loss 0.5714
train_step epoch 0.14309922801732253 | step 380/2656 | loss 2.4321 | sft_loss 2.3415 | or_loss 0.9056
train_step epoch 0.1434758049331576 | step 381/2656 | loss 2.1032 | sft_loss 2.0366 | or_loss 0.6659
train_step epoch 0.14385238184899266 | step 382/2656 | loss 2.3397 | sft_loss 2.2794 | or_loss 0.6028
train_step epoch 0.14422895876482772 | step 383/2656 | loss 2.5120 | sft_loss 2.4321 | or_loss 0.7996
train_step epoch 0.14460553568066278 | step 384/2656 | loss 2.4687 | sft_loss 2.3942 | or_loss 0.7453
train_step epoch 0.14498211259649785 | step 385/2656 | loss 2.5419 | sft_loss 2.4738 | or_loss 0.6813
train_step epoch 0.14535868951233288 | step 386/2656 | loss 2.3526 | sft_loss 2.2735 | or_loss 0.7914
train_step epoch 0.14573526642816795 | step 387/2656 | loss 2.5509 | sft_loss 2.4462 | or_loss 1.0472
train_step epoch 0.146111843344003 | step 388/2656 | loss 2.3330 | sft_loss 2.2738 | or_loss 0.5921
train_step epoch 0.14648842025983808 | step 389/2656 | loss 2.2841 | sft_loss 2.2291 | or_loss 0.5494
train_step epoch 0.14686499717567314 | step 390/2656 | loss 2.3159 | sft_loss 2.2263 | or_loss 0.8962
train_step epoch 0.1472415740915082 | step 391/2656 | loss 2.2051 | sft_loss 2.1473 | or_loss 0.5786
train_step epoch 0.14761815100734324 | step 392/2656 | loss 2.6266 | sft_loss 2.5339 | or_loss 0.9266
train_step epoch 0.1479947279231783 | step 393/2656 | loss 2.5175 | sft_loss 2.4358 | or_loss 0.8178
train_step epoch 0.14837130483901337 | step 394/2656 | loss 2.3207 | sft_loss 2.2473 | or_loss 0.7335
train_step epoch 0.14874788175484843 | step 395/2656 | loss 2.3966 | sft_loss 2.3211 | or_loss 0.7549
train_step epoch 0.1491244586706835 | step 396/2656 | loss 2.2438 | sft_loss 2.1656 | or_loss 0.7812
train_step epoch 0.14950103558651856 | step 397/2656 | loss 2.2849 | sft_loss 2.2017 | or_loss 0.8318
train_step epoch 0.1498776125023536 | step 398/2656 | loss 2.3468 | sft_loss 2.2623 | or_loss 0.8450
train_step epoch 0.15025418941818866 | step 399/2656 | loss 2.7729 | sft_loss 2.6738 | or_loss 0.9917
train_step epoch 0.15063076633402372 | step 400/2656 | loss 2.3460 | sft_loss 2.2595 | or_loss 0.8652
train_step epoch 0.1510073432498588 | step 401/2656 | loss 2.2273 | sft_loss 2.1503 | or_loss 0.7698
train_step epoch 0.15138392016569385 | step 402/2656 | loss 2.5986 | sft_loss 2.5187 | or_loss 0.7989
train_step epoch 0.1517604970815289 | step 403/2656 | loss 2.5895 | sft_loss 2.5124 | or_loss 0.7716
train_step epoch 0.15213707399736395 | step 404/2656 | loss 2.1681 | sft_loss 2.0982 | or_loss 0.6982
train_step epoch 0.15251365091319902 | step 405/2656 | loss 2.3464 | sft_loss 2.2721 | or_loss 0.7431
train_step epoch 0.15289022782903408 | step 406/2656 | loss 2.4617 | sft_loss 2.3836 | or_loss 0.7815
train_step epoch 0.15326680474486915 | step 407/2656 | loss 2.6863 | sft_loss 2.5679 | or_loss 1.1845
train_step epoch 0.1536433816607042 | step 408/2656 | loss 2.5592 | sft_loss 2.4820 | or_loss 0.7717
train_step epoch 0.15401995857653925 | step 409/2656 | loss 2.3719 | sft_loss 2.2887 | or_loss 0.8320
train_step epoch 0.1543965354923743 | step 410/2656 | loss 2.5424 | sft_loss 2.4662 | or_loss 0.7618
train_step epoch 0.15477311240820937 | step 411/2656 | loss 2.0920 | sft_loss 2.0280 | or_loss 0.6396
train_step epoch 0.15514968932404444 | step 412/2656 | loss 2.3649 | sft_loss 2.2918 | or_loss 0.7311
train_step epoch 0.1555262662398795 | step 413/2656 | loss 2.2227 | sft_loss 2.1619 | or_loss 0.6077
train_step epoch 0.15590284315571457 | step 414/2656 | loss 2.2578 | sft_loss 2.1738 | or_loss 0.8401
train_step epoch 0.1562794200715496 | step 415/2656 | loss 2.5079 | sft_loss 2.4280 | or_loss 0.7996
train_step epoch 0.15665599698738467 | step 416/2656 | loss 2.4599 | sft_loss 2.3617 | or_loss 0.9822
train_step epoch 0.15703257390321973 | step 417/2656 | loss 2.1393 | sft_loss 2.0760 | or_loss 0.6325
train_step epoch 0.1574091508190548 | step 418/2656 | loss 2.2446 | sft_loss 2.1815 | or_loss 0.6306
train_step epoch 0.15778572773488986 | step 419/2656 | loss 2.7277 | sft_loss 2.6414 | or_loss 0.8628
train_step epoch 0.15816230465072492 | step 420/2656 | loss 2.3974 | sft_loss 2.3183 | or_loss 0.7913
train_step epoch 0.15853888156655996 | step 421/2656 | loss 2.1161 | sft_loss 2.0593 | or_loss 0.5677
train_step epoch 0.15891545848239502 | step 422/2656 | loss 2.4064 | sft_loss 2.3263 | or_loss 0.8002
train_step epoch 0.1592920353982301 | step 423/2656 | loss 2.1998 | sft_loss 2.1281 | or_loss 0.7171
train_step epoch 0.15966861231406515 | step 424/2656 | loss 2.4904 | sft_loss 2.3775 | or_loss 1.1289
train_step epoch 0.16004518922990021 | step 425/2656 | loss 2.3911 | sft_loss 2.3143 | or_loss 0.7674
train_step epoch 0.16042176614573528 | step 426/2656 | loss 2.3587 | sft_loss 2.2979 | or_loss 0.6085
train_step epoch 0.16079834306157031 | step 427/2656 | loss 2.6346 | sft_loss 2.5322 | or_loss 1.0244
train_step epoch 0.16117491997740538 | step 428/2656 | loss 2.4017 | sft_loss 2.3353 | or_loss 0.6642
train_step epoch 0.16155149689324044 | step 429/2656 | loss 2.3578 | sft_loss 2.2651 | or_loss 0.9273
train_step epoch 0.1619280738090755 | step 430/2656 | loss 2.2039 | sft_loss 2.1544 | or_loss 0.4949
train_step epoch 0.16230465072491057 | step 431/2656 | loss 2.2772 | sft_loss 2.2032 | or_loss 0.7398
train_step epoch 0.16268122764074563 | step 432/2656 | loss 2.3411 | sft_loss 2.2755 | or_loss 0.6555
train_step epoch 0.16305780455658067 | step 433/2656 | loss 2.3132 | sft_loss 2.2418 | or_loss 0.7142
train_step epoch 0.16343438147241574 | step 434/2656 | loss 2.3139 | sft_loss 2.2426 | or_loss 0.7130
train_step epoch 0.1638109583882508 | step 435/2656 | loss 2.3596 | sft_loss 2.2956 | or_loss 0.6404
train_step epoch 0.16418753530408586 | step 436/2656 | loss 2.3959 | sft_loss 2.3388 | or_loss 0.5706
train_step epoch 0.16456411221992093 | step 437/2656 | loss 2.1814 | sft_loss 2.1445 | or_loss 0.3687
train_step epoch 0.164940689135756 | step 438/2656 | loss 2.3202 | sft_loss 2.2607 | or_loss 0.5944
train_step epoch 0.16531726605159103 | step 439/2656 | loss 2.4501 | sft_loss 2.3595 | or_loss 0.9055
train_step epoch 0.1656938429674261 | step 440/2656 | loss 2.3137 | sft_loss 2.2316 | or_loss 0.8212
train_step epoch 0.16607041988326116 | step 441/2656 | loss 2.2958 | sft_loss 2.2330 | or_loss 0.6282
train_step epoch 0.16644699679909622 | step 442/2656 | loss 2.5907 | sft_loss 2.5291 | or_loss 0.6154
train_step epoch 0.16682357371493128 | step 443/2656 | loss 2.1505 | sft_loss 2.0786 | or_loss 0.7183
train_step epoch 0.16720015063076635 | step 444/2656 | loss 2.1862 | sft_loss 2.1183 | or_loss 0.6785
train_step epoch 0.16757672754660138 | step 445/2656 | loss 2.2498 | sft_loss 2.1873 | or_loss 0.6250
train_step epoch 0.16795330446243645 | step 446/2656 | loss 2.6583 | sft_loss 2.5631 | or_loss 0.9524
train_step epoch 0.1683298813782715 | step 447/2656 | loss 2.0752 | sft_loss 2.0102 | or_loss 0.6508
train_step epoch 0.16870645829410658 | step 448/2656 | loss 2.3638 | sft_loss 2.2906 | or_loss 0.7324
train_step epoch 0.16908303520994164 | step 449/2656 | loss 2.1859 | sft_loss 2.1146 | or_loss 0.7122
train_step epoch 0.16945961212577668 | step 450/2656 | loss 2.0483 | sft_loss 1.9801 | or_loss 0.6824
train_step epoch 0.16983618904161174 | step 451/2656 | loss 2.5687 | sft_loss 2.4979 | or_loss 0.7079
train_step epoch 0.1702127659574468 | step 452/2656 | loss 2.4210 | sft_loss 2.3578 | or_loss 0.6326
train_step epoch 0.17058934287328187 | step 453/2656 | loss 2.2517 | sft_loss 2.1769 | or_loss 0.7482
train_step epoch 0.17096591978911693 | step 454/2656 | loss 2.4087 | sft_loss 2.3469 | or_loss 0.6175
train_step epoch 0.171342496704952 | step 455/2656 | loss 2.4442 | sft_loss 2.3716 | or_loss 0.7261
train_step epoch 0.17171907362078703 | step 456/2656 | loss 2.4380 | sft_loss 2.3682 | or_loss 0.6977
train_step epoch 0.1720956505366221 | step 457/2656 | loss 2.3656 | sft_loss 2.2880 | or_loss 0.7763
train_step epoch 0.17247222745245716 | step 458/2656 | loss 2.4277 | sft_loss 2.3556 | or_loss 0.7214
train_step epoch 0.17284880436829222 | step 459/2656 | loss 2.1815 | sft_loss 2.1181 | or_loss 0.6344
train_step epoch 0.1732253812841273 | step 460/2656 | loss 2.1609 | sft_loss 2.1055 | or_loss 0.5539
train_step epoch 0.17360195819996235 | step 461/2656 | loss 2.1967 | sft_loss 2.1237 | or_loss 0.7301
train_step epoch 0.1739785351157974 | step 462/2656 | loss 2.4350 | sft_loss 2.3484 | or_loss 0.8663
train_step epoch 0.17435511203163245 | step 463/2656 | loss 2.5285 | sft_loss 2.4273 | or_loss 1.0125
train_step epoch 0.17473168894746752 | step 464/2656 | loss 2.3437 | sft_loss 2.2695 | or_loss 0.7426
train_step epoch 0.17510826586330258 | step 465/2656 | loss 2.1011 | sft_loss 2.0456 | or_loss 0.5553
train_step epoch 0.17548484277913765 | step 466/2656 | loss 2.3638 | sft_loss 2.3003 | or_loss 0.6347
train_step epoch 0.1758614196949727 | step 467/2656 | loss 2.3543 | sft_loss 2.2676 | or_loss 0.8666
train_step epoch 0.17623799661080775 | step 468/2656 | loss 2.2626 | sft_loss 2.1857 | or_loss 0.7688
train_step epoch 0.1766145735266428 | step 469/2656 | loss 2.2953 | sft_loss 2.2348 | or_loss 0.6043
train_step epoch 0.17699115044247787 | step 470/2656 | loss 2.4016 | sft_loss 2.3132 | or_loss 0.8844
train_step epoch 0.17736772735831294 | step 471/2656 | loss 2.2279 | sft_loss 2.1769 | or_loss 0.5094
train_step epoch 0.177744304274148 | step 472/2656 | loss 2.7086 | sft_loss 2.6382 | or_loss 0.7044
train_step epoch 0.17812088118998307 | step 473/2656 | loss 2.1069 | sft_loss 2.0412 | or_loss 0.6574
train_step epoch 0.1784974581058181 | step 474/2656 | loss 2.2885 | sft_loss 2.1961 | or_loss 0.9240
train_step epoch 0.17887403502165317 | step 475/2656 | loss 2.5445 | sft_loss 2.4573 | or_loss 0.8720
train_step epoch 0.17925061193748823 | step 476/2656 | loss 2.3564 | sft_loss 2.2997 | or_loss 0.5671
train_step epoch 0.1796271888533233 | step 477/2656 | loss 2.1298 | sft_loss 2.0732 | or_loss 0.5661
train_step epoch 0.18000376576915836 | step 478/2656 | loss 2.2116 | sft_loss 2.1554 | or_loss 0.5620
train_step epoch 0.18038034268499342 | step 479/2656 | loss 2.4888 | sft_loss 2.4137 | or_loss 0.7508
train_step epoch 0.18075691960082846 | step 480/2656 | loss 2.7633 | sft_loss 2.6781 | or_loss 0.8525
train_step epoch 0.18113349651666352 | step 481/2656 | loss 2.5735 | sft_loss 2.4602 | or_loss 1.1336
train_step epoch 0.1815100734324986 | step 482/2656 | loss 2.3636 | sft_loss 2.2750 | or_loss 0.8866
train_step epoch 0.18188665034833365 | step 483/2656 | loss 2.7565 | sft_loss 2.6670 | or_loss 0.8959
train_step epoch 0.18226322726416871 | step 484/2656 | loss 2.2712 | sft_loss 2.2133 | or_loss 0.5789
train_step epoch 0.18263980418000378 | step 485/2656 | loss 2.1650 | sft_loss 2.0892 | or_loss 0.7585
train_step epoch 0.18301638109583881 | step 486/2656 | loss 2.4211 | sft_loss 2.3548 | or_loss 0.6624
train_step epoch 0.18339295801167388 | step 487/2656 | loss 2.6717 | sft_loss 2.5921 | or_loss 0.7961
train_step epoch 0.18376953492750894 | step 488/2656 | loss 2.4252 | sft_loss 2.3486 | or_loss 0.7658
train_step epoch 0.184146111843344 | step 489/2656 | loss 2.2300 | sft_loss 2.1531 | or_loss 0.7692
train_step epoch 0.18452268875917907 | step 490/2656 | loss 2.5110 | sft_loss 2.4464 | or_loss 0.6459
train_step epoch 0.18489926567501414 | step 491/2656 | loss 2.1587 | sft_loss 2.1047 | or_loss 0.5404
train_step epoch 0.18527584259084917 | step 492/2656 | loss 2.4938 | sft_loss 2.4111 | or_loss 0.8270
train_step epoch 0.18565241950668424 | step 493/2656 | loss 2.5798 | sft_loss 2.5142 | or_loss 0.6566
train_step epoch 0.1860289964225193 | step 494/2656 | loss 2.1382 | sft_loss 2.0787 | or_loss 0.5946
train_step epoch 0.18640557333835436 | step 495/2656 | loss 2.5320 | sft_loss 2.4506 | or_loss 0.8147
train_step epoch 0.18678215025418943 | step 496/2656 | loss 2.2403 | sft_loss 2.1916 | or_loss 0.4866
train_step epoch 0.18715872717002446 | step 497/2656 | loss 2.2381 | sft_loss 2.1845 | or_loss 0.5356
train_step epoch 0.18753530408585953 | step 498/2656 | loss 2.2402 | sft_loss 2.1816 | or_loss 0.5858
train_step epoch 0.1879118810016946 | step 499/2656 | loss 2.5731 | sft_loss 2.5115 | or_loss 0.6155
train_step epoch 0.18828845791752966 | step 500/2656 | loss 2.4142 | sft_loss 2.3454 | or_loss 0.6876
trainer_log step=500 epoch=0.18828845791752966: {"epoch": 0.18828845791752966, "grad_norm": 7.409819602966309, "learning_rate": 8.121234939759037e-06, "loss": 2.361332763671875}
train_step epoch 0.18866503483336472 | step 501/2656 | loss 2.0907 | sft_loss 2.0109 | or_loss 0.7984
train_step epoch 0.18904161174919978 | step 502/2656 | loss 2.1827 | sft_loss 2.1235 | or_loss 0.5924
train_step epoch 0.18941818866503482 | step 503/2656 | loss 2.4008 | sft_loss 2.3284 | or_loss 0.7242
train_step epoch 0.18979476558086988 | step 504/2656 | loss 2.3995 | sft_loss 2.3183 | or_loss 0.8126
train_step epoch 0.19017134249670495 | step 505/2656 | loss 2.4365 | sft_loss 2.3513 | or_loss 0.8520
train_step epoch 0.19054791941254 | step 506/2656 | loss 2.5058 | sft_loss 2.4490 | or_loss 0.5685
train_step epoch 0.19092449632837508 | step 507/2656 | loss 1.5352 | sft_loss 1.4892 | or_loss 0.4593
train_step epoch 0.19130107324421014 | step 508/2656 | loss 2.4648 | sft_loss 2.3891 | or_loss 0.7568
train_step epoch 0.19167765016004518 | step 509/2656 | loss 2.4273 | sft_loss 2.3467 | or_loss 0.8063
train_step epoch 0.19205422707588024 | step 510/2656 | loss 2.5853 | sft_loss 2.5117 | or_loss 0.7361
train_step epoch 0.1924308039917153 | step 511/2656 | loss 2.0683 | sft_loss 1.9875 | or_loss 0.8084
train_step epoch 0.19280738090755037 | step 512/2656 | loss 2.3496 | sft_loss 2.2807 | or_loss 0.6884
train_step epoch 0.19318395782338543 | step 513/2656 | loss 2.2557 | sft_loss 2.1880 | or_loss 0.6769
train_step epoch 0.1935605347392205 | step 514/2656 | loss 2.5517 | sft_loss 2.4861 | or_loss 0.6557
train_step epoch 0.19393711165505553 | step 515/2656 | loss 2.7561 | sft_loss 2.6692 | or_loss 0.8694
train_step epoch 0.1943136885708906 | step 516/2656 | loss 2.3430 | sft_loss 2.2770 | or_loss 0.6595
train_step epoch 0.19469026548672566 | step 517/2656 | loss 2.6691 | sft_loss 2.5987 | or_loss 0.7040
train_step epoch 0.19506684240256073 | step 518/2656 | loss 2.1928 | sft_loss 2.1356 | or_loss 0.5717
train_step epoch 0.1954434193183958 | step 519/2656 | loss 2.3729 | sft_loss 2.2623 | or_loss 1.1060
train_step epoch 0.19581999623423085 | step 520/2656 | loss 2.5172 | sft_loss 2.4337 | or_loss 0.8348
train_step epoch 0.1961965731500659 | step 521/2656 | loss 2.2891 | sft_loss 2.2275 | or_loss 0.6165
train_step epoch 0.19657315006590095 | step 522/2656 | loss 2.2473 | sft_loss 2.1837 | or_loss 0.6361
train_step epoch 0.19694972698173602 | step 523/2656 | loss 2.3920 | sft_loss 2.3196 | or_loss 0.7247
train_step epoch 0.19732630389757108 | step 524/2656 | loss 2.5402 | sft_loss 2.4643 | or_loss 0.7583
train_step epoch 0.19770288081340615 | step 525/2656 | loss 2.4987 | sft_loss 2.4170 | or_loss 0.8163
train_step epoch 0.1980794577292412 | step 526/2656 | loss 2.4450 | sft_loss 2.3684 | or_loss 0.7669
train_step epoch 0.19845603464507625 | step 527/2656 | loss 2.3648 | sft_loss 2.2932 | or_loss 0.7164
train_step epoch 0.1988326115609113 | step 528/2656 | loss 2.2798 | sft_loss 2.2171 | or_loss 0.6279
train_step epoch 0.19920918847674637 | step 529/2656 | loss 2.4558 | sft_loss 2.3699 | or_loss 0.8588
train_step epoch 0.19958576539258144 | step 530/2656 | loss 2.5124 | sft_loss 2.4038 | or_loss 1.0859
train_step epoch 0.1999623423084165 | step 531/2656 | loss 2.0980 | sft_loss 2.0414 | or_loss 0.5667
train_step epoch 0.20033891922425157 | step 532/2656 | loss 2.7133 | sft_loss 2.6230 | or_loss 0.9029
train_step epoch 0.2007154961400866 | step 533/2656 | loss 2.2973 | sft_loss 2.2290 | or_loss 0.6826
train_step epoch 0.20109207305592167 | step 534/2656 | loss 2.3279 | sft_loss 2.2554 | or_loss 0.7248
train_step epoch 0.20146864997175673 | step 535/2656 | loss 2.3316 | sft_loss 2.2632 | or_loss 0.6846
train_step epoch 0.2018452268875918 | step 536/2656 | loss 2.4670 | sft_loss 2.4127 | or_loss 0.5426
train_step epoch 0.20222180380342686 | step 537/2656 | loss 2.4393 | sft_loss 2.3590 | or_loss 0.8035
train_step epoch 0.20259838071926192 | step 538/2656 | loss 2.3777 | sft_loss 2.3100 | or_loss 0.6775
train_step epoch 0.20297495763509696 | step 539/2656 | loss 2.3784 | sft_loss 2.2955 | or_loss 0.8289
train_step epoch 0.20335153455093202 | step 540/2656 | loss 2.3469 | sft_loss 2.2799 | or_loss 0.6699
train_step epoch 0.2037281114667671 | step 541/2656 | loss 2.4519 | sft_loss 2.3749 | or_loss 0.7692
train_step epoch 0.20410468838260215 | step 542/2656 | loss 2.3313 | sft_loss 2.2478 | or_loss 0.8342
train_step epoch 0.20448126529843721 | step 543/2656 | loss 2.7081 | sft_loss 2.5977 | or_loss 1.1037
train_step epoch 0.20485784221427228 | step 544/2656 | loss 2.3162 | sft_loss 2.2243 | or_loss 0.9197
train_step epoch 0.20523441913010732 | step 545/2656 | loss 2.5128 | sft_loss 2.4410 | or_loss 0.7183
train_step epoch 0.20561099604594238 | step 546/2656 | loss 2.3202 | sft_loss 2.2477 | or_loss 0.7246
train_step epoch 0.20598757296177744 | step 547/2656 | loss 2.3429 | sft_loss 2.2949 | or_loss 0.4804
train_step epoch 0.2063641498776125 | step 548/2656 | loss 2.4973 | sft_loss 2.4095 | or_loss 0.8787
train_step epoch 0.20674072679344757 | step 549/2656 | loss 2.3087 | sft_loss 2.2404 | or_loss 0.6837
train_step epoch 0.2071173037092826 | step 550/2656 | loss 2.4112 | sft_loss 2.3405 | or_loss 0.7068
train_step epoch 0.20749388062511767 | step 551/2656 | loss 2.2990 | sft_loss 2.2491 | or_loss 0.4991
train_step epoch 0.20787045754095274 | step 552/2656 | loss 2.3057 | sft_loss 2.2401 | or_loss 0.6565
train_step epoch 0.2082470344567878 | step 553/2656 | loss 2.2201 | sft_loss 2.1690 | or_loss 0.5117
train_step epoch 0.20862361137262286 | step 554/2656 | loss 2.3951 | sft_loss 2.3192 | or_loss 0.7585
train_step epoch 0.20900018828845793 | step 555/2656 | loss 2.2408 | sft_loss 2.1786 | or_loss 0.6222
train_step epoch 0.20937676520429296 | step 556/2656 | loss 2.3634 | sft_loss 2.3084 | or_loss 0.5490
train_step epoch 0.20975334212012803 | step 557/2656 | loss 2.3030 | sft_loss 2.2309 | or_loss 0.7205
train_step epoch 0.2101299190359631 | step 558/2656 | loss 2.1956 | sft_loss 2.1378 | or_loss 0.5787
train_step epoch 0.21050649595179816 | step 559/2656 | loss 2.2989 | sft_loss 2.2169 | or_loss 0.8200
train_step epoch 0.21088307286763322 | step 560/2656 | loss 2.2644 | sft_loss 2.1963 | or_loss 0.6807
train_step epoch 0.21125964978346828 | step 561/2656 | loss 2.6374 | sft_loss 2.5320 | or_loss 1.0542
train_step epoch 0.21163622669930332 | step 562/2656 | loss 2.3551 | sft_loss 2.2794 | or_loss 0.7569
train_step epoch 0.21201280361513838 | step 563/2656 | loss 2.1354 | sft_loss 2.0778 | or_loss 0.5761
train_step epoch 0.21238938053097345 | step 564/2656 | loss 2.1666 | sft_loss 2.1041 | or_loss 0.6257
train_step epoch 0.2127659574468085 | step 565/2656 | loss 2.1403 | sft_loss 2.0686 | or_loss 0.7179
train_step epoch 0.21314253436264358 | step 566/2656 | loss 2.2381 | sft_loss 2.1556 | or_loss 0.8241
train_step epoch 0.21351911127847864 | step 567/2656 | loss 2.4033 | sft_loss 2.3330 | or_loss 0.7034
train_step epoch 0.21389568819431368 | step 568/2656 | loss 2.3953 | sft_loss 2.3158 | or_loss 0.7950
train_step epoch 0.21427226511014874 | step 569/2656 | loss 2.4014 | sft_loss 2.3313 | or_loss 0.7010
train_step epoch 0.2146488420259838 | step 570/2656 | loss 2.3692 | sft_loss 2.2989 | or_loss 0.7034
train_step epoch 0.21502541894181887 | step 571/2656 | loss 2.3040 | sft_loss 2.2060 | or_loss 0.9800
train_step epoch 0.21540199585765393 | step 572/2656 | loss 2.5135 | sft_loss 2.4409 | or_loss 0.7252
train_step epoch 0.215778572773489 | step 573/2656 | loss 2.6267 | sft_loss 2.5412 | or_loss 0.8547
train_step epoch 0.21615514968932403 | step 574/2656 | loss 2.2522 | sft_loss 2.1982 | or_loss 0.5400
train_step epoch 0.2165317266051591 | step 575/2656 | loss 2.2651 | sft_loss 2.1837 | or_loss 0.8144
train_step epoch 0.21690830352099416 | step 576/2656 | loss 2.3367 | sft_loss 2.2592 | or_loss 0.7750
train_step epoch 0.21728488043682923 | step 577/2656 | loss 2.3559 | sft_loss 2.2957 | or_loss 0.6026
train_step epoch 0.2176614573526643 | step 578/2656 | loss 2.3415 | sft_loss 2.2751 | or_loss 0.6634
train_step epoch 0.21803803426849935 | step 579/2656 | loss 2.5030 | sft_loss 2.4237 | or_loss 0.7931
train_step epoch 0.2184146111843344 | step 580/2656 | loss 2.3386 | sft_loss 2.2822 | or_loss 0.5635
train_step epoch 0.21879118810016945 | step 581/2656 | loss 2.3534 | sft_loss 2.2706 | or_loss 0.8287
train_step epoch 0.21916776501600452 | step 582/2656 | loss 2.4361 | sft_loss 2.3735 | or_loss 0.6262
train_step epoch 0.21954434193183958 | step 583/2656 | loss 2.2844 | sft_loss 2.2317 | or_loss 0.5273
train_step epoch 0.21992091884767465 | step 584/2656 | loss 2.5079 | sft_loss 2.4157 | or_loss 0.9228
train_step epoch 0.2202974957635097 | step 585/2656 | loss 2.4077 | sft_loss 2.3407 | or_loss 0.6697
train_step epoch 0.22067407267934475 | step 586/2656 | loss 2.3601 | sft_loss 2.2998 | or_loss 0.6033
train_step epoch 0.2210506495951798 | step 587/2656 | loss 2.5603 | sft_loss 2.4393 | or_loss 1.2105
train_step epoch 0.22142722651101487 | step 588/2656 | loss 2.5798 | sft_loss 2.4953 | or_loss 0.8444
train_step epoch 0.22180380342684994 | step 589/2656 | loss 2.2261 | sft_loss 2.1150 | or_loss 1.1108
train_step epoch 0.222180380342685 | step 590/2656 | loss 2.6481 | sft_loss 2.5588 | or_loss 0.8936
train_step epoch 0.22255695725852007 | step 591/2656 | loss 2.3152 | sft_loss 2.2538 | or_loss 0.6148
train_step epoch 0.2229335341743551 | step 592/2656 | loss 2.5386 | sft_loss 2.4398 | or_loss 0.9883
train_step epoch 0.22331011109019017 | step 593/2656 | loss 2.5440 | sft_loss 2.4646 | or_loss 0.7942
train_step epoch 0.22368668800602523 | step 594/2656 | loss 2.2449 | sft_loss 2.1869 | or_loss 0.5795
train_step epoch 0.2240632649218603 | step 595/2656 | loss 2.3433 | sft_loss 2.2839 | or_loss 0.5933
train_step epoch 0.22443984183769536 | step 596/2656 | loss 2.0908 | sft_loss 2.0283 | or_loss 0.6244
train_step epoch 0.2248164187535304 | step 597/2656 | loss 2.3528 | sft_loss 2.2965 | or_loss 0.5630
train_step epoch 0.22519299566936546 | step 598/2656 | loss 2.4318 | sft_loss 2.3559 | or_loss 0.7598
train_step epoch 0.22556957258520052 | step 599/2656 | loss 2.5467 | sft_loss 2.4664 | or_loss 0.8038
train_step epoch 0.2259461495010356 | step 600/2656 | loss 2.3603 | sft_loss 2.2856 | or_loss 0.7469
train_step epoch 0.22632272641687065 | step 601/2656 | loss 2.3380 | sft_loss 2.2845 | or_loss 0.5358
train_step epoch 0.22669930333270571 | step 602/2656 | loss 2.4067 | sft_loss 2.3218 | or_loss 0.8486
train_step epoch 0.22707588024854075 | step 603/2656 | loss 2.2541 | sft_loss 2.1774 | or_loss 0.7670
train_step epoch 0.22745245716437582 | step 604/2656 | loss 2.4829 | sft_loss 2.4268 | or_loss 0.5606
train_step epoch 0.22782903408021088 | step 605/2656 | loss 2.5472 | sft_loss 2.4792 | or_loss 0.6806
train_step epoch 0.22820561099604594 | step 606/2656 | loss 2.5337 | sft_loss 2.4663 | or_loss 0.6736
train_step epoch 0.228582187911881 | step 607/2656 | loss 2.4819 | sft_loss 2.3823 | or_loss 0.9962
train_step epoch 0.22895876482771607 | step 608/2656 | loss 2.3073 | sft_loss 2.2197 | or_loss 0.8762
train_step epoch 0.2293353417435511 | step 609/2656 | loss 2.3213 | sft_loss 2.2425 | or_loss 0.7885
train_step epoch 0.22971191865938617 | step 610/2656 | loss 2.1731 | sft_loss 2.1187 | or_loss 0.5435
train_step epoch 0.23008849557522124 | step 611/2656 | loss 2.4533 | sft_loss 2.3758 | or_loss 0.7748
train_step epoch 0.2304650724910563 | step 612/2656 | loss 2.5282 | sft_loss 2.4463 | or_loss 0.8187
train_step epoch 0.23084164940689136 | step 613/2656 | loss 2.3752 | sft_loss 2.3090 | or_loss 0.6615
train_step epoch 0.23121822632272643 | step 614/2656 | loss 2.4487 | sft_loss 2.3695 | or_loss 0.7918
train_step epoch 0.23159480323856146 | step 615/2656 | loss 2.2970 | sft_loss 2.2374 | or_loss 0.5964
train_step epoch 0.23197138015439653 | step 616/2656 | loss 2.4453 | sft_loss 2.3491 | or_loss 0.9630
train_step epoch 0.2323479570702316 | step 617/2656 | loss 2.7600 | sft_loss 2.6821 | or_loss 0.7786
train_step epoch 0.23272453398606666 | step 618/2656 | loss 2.1399 | sft_loss 2.0596 | or_loss 0.8031
train_step epoch 0.23310111090190172 | step 619/2656 | loss 2.2925 | sft_loss 2.2274 | or_loss 0.6511
train_step epoch 0.23347768781773678 | step 620/2656 | loss 2.3063 | sft_loss 2.2365 | or_loss 0.6977
train_step epoch 0.23385426473357182 | step 621/2656 | loss 2.3050 | sft_loss 2.2431 | or_loss 0.6185
train_step epoch 0.23423084164940688 | step 622/2656 | loss 2.6549 | sft_loss 2.5810 | or_loss 0.7390
train_step epoch 0.23460741856524195 | step 623/2656 | loss 2.3234 | sft_loss 2.2566 | or_loss 0.6676
train_step epoch 0.234983995481077 | step 624/2656 | loss 2.3682 | sft_loss 2.2962 | or_loss 0.7205
train_step epoch 0.23536057239691208 | step 625/2656 | loss 2.4153 | sft_loss 2.3499 | or_loss 0.6542
train_step epoch 0.23573714931274714 | step 626/2656 | loss 2.3563 | sft_loss 2.2962 | or_loss 0.6012
train_step epoch 0.23611372622858218 | step 627/2656 | loss 2.3987 | sft_loss 2.3266 | or_loss 0.7202
train_step epoch 0.23649030314441724 | step 628/2656 | loss 2.3471 | sft_loss 2.2817 | or_loss 0.6536
train_step epoch 0.2368668800602523 | step 629/2656 | loss 2.4423 | sft_loss 2.3646 | or_loss 0.7769
train_step epoch 0.23724345697608737 | step 630/2656 | loss 2.2694 | sft_loss 2.2070 | or_loss 0.6243
train_step epoch 0.23762003389192243 | step 631/2656 | loss 2.3673 | sft_loss 2.2946 | or_loss 0.7265
train_step epoch 0.2379966108077575 | step 632/2656 | loss 2.4958 | sft_loss 2.4195 | or_loss 0.7636
train_step epoch 0.23837318772359253 | step 633/2656 | loss 2.3719 | sft_loss 2.3076 | or_loss 0.6423
train_step epoch 0.2387497646394276 | step 634/2656 | loss 2.1056 | sft_loss 2.0390 | or_loss 0.6654
train_step epoch 0.23912634155526266 | step 635/2656 | loss 2.4235 | sft_loss 2.3534 | or_loss 0.7009
train_step epoch 0.23950291847109773 | step 636/2656 | loss 2.3759 | sft_loss 2.3069 | or_loss 0.6908
train_step epoch 0.2398794953869328 | step 637/2656 | loss 1.9953 | sft_loss 1.9456 | or_loss 0.4971
train_step epoch 0.24025607230276785 | step 638/2656 | loss 2.3238 | sft_loss 2.2495 | or_loss 0.7422
train_step epoch 0.2406326492186029 | step 639/2656 | loss 2.2007 | sft_loss 2.1335 | or_loss 0.6720
train_step epoch 0.24100922613443795 | step 640/2656 | loss 2.2052 | sft_loss 2.1120 | or_loss 0.9322
train_step epoch 0.24138580305027302 | step 641/2656 | loss 2.3720 | sft_loss 2.3099 | or_loss 0.6209
train_step epoch 0.24176237996610808 | step 642/2656 | loss 2.3043 | sft_loss 2.2470 | or_loss 0.5733
train_step epoch 0.24213895688194315 | step 643/2656 | loss 2.8130 | sft_loss 2.7218 | or_loss 0.9114
train_step epoch 0.2425155337977782 | step 644/2656 | loss 2.4771 | sft_loss 2.4119 | or_loss 0.6528
train_step epoch 0.24289211071361325 | step 645/2656 | loss 2.3398 | sft_loss 2.2366 | or_loss 1.0317
train_step epoch 0.2432686876294483 | step 646/2656 | loss 2.4337 | sft_loss 2.3537 | or_loss 0.8000
train_step epoch 0.24364526454528337 | step 647/2656 | loss 2.4497 | sft_loss 2.3780 | or_loss 0.7170
train_step epoch 0.24402184146111844 | step 648/2656 | loss 2.5655 | sft_loss 2.4887 | or_loss 0.7679
train_step epoch 0.2443984183769535 | step 649/2656 | loss 2.2829 | sft_loss 2.2110 | or_loss 0.7188
train_step epoch 0.24477499529278854 | step 650/2656 | loss 2.5446 | sft_loss 2.4771 | or_loss 0.6742
train_step epoch 0.2451515722086236 | step 651/2656 | loss 2.4451 | sft_loss 2.3732 | or_loss 0.7191
train_step epoch 0.24552814912445867 | step 652/2656 | loss 2.4241 | sft_loss 2.3579 | or_loss 0.6624
train_step epoch 0.24590472604029373 | step 653/2656 | loss 2.7699 | sft_loss 2.6806 | or_loss 0.8929
train_step epoch 0.2462813029561288 | step 654/2656 | loss 2.5118 | sft_loss 2.4350 | or_loss 0.7680
train_step epoch 0.24665787987196386 | step 655/2656 | loss 2.6563 | sft_loss 2.5566 | or_loss 0.9965
train_step epoch 0.2470344567877989 | step 656/2656 | loss 2.3479 | sft_loss 2.2804 | or_loss 0.6747
train_step epoch 0.24741103370363396 | step 657/2656 | loss 2.3934 | sft_loss 2.3282 | or_loss 0.6515
train_step epoch 0.24778761061946902 | step 658/2656 | loss 2.3215 | sft_loss 2.2594 | or_loss 0.6207
train_step epoch 0.2481641875353041 | step 659/2656 | loss 2.4913 | sft_loss 2.3799 | or_loss 1.1134
train_step epoch 0.24854076445113915 | step 660/2656 | loss 2.4136 | sft_loss 2.3401 | or_loss 0.7355
train_step epoch 0.24891734136697422 | step 661/2656 | loss 2.0901 | sft_loss 2.0279 | or_loss 0.6221
train_step epoch 0.24929391828280925 | step 662/2656 | loss 2.4022 | sft_loss 2.3308 | or_loss 0.7145
train_step epoch 0.24967049519864432 | step 663/2656 | loss 2.4715 | sft_loss 2.4061 | or_loss 0.6531
train_step epoch 0.2500470721144794 | step 664/2656 | loss 2.2392 | sft_loss 2.1615 | or_loss 0.7766
train_step epoch 0.25042364903031444 | step 665/2656 | loss 2.7361 | sft_loss 2.6577 | or_loss 0.7833
train_step epoch 0.2508002259461495 | step 666/2656 | loss 2.3113 | sft_loss 2.2528 | or_loss 0.5856
train_step epoch 0.25117680286198457 | step 667/2656 | loss 2.5875 | sft_loss 2.5160 | or_loss 0.7150
train_step epoch 0.2515533797778196 | step 668/2656 | loss 2.2163 | sft_loss 2.1638 | or_loss 0.5254
train_step epoch 0.2519299566936547 | step 669/2656 | loss 2.2927 | sft_loss 2.2235 | or_loss 0.6921
train_step epoch 0.25230653360948974 | step 670/2656 | loss 2.3652 | sft_loss 2.3087 | or_loss 0.5651
train_step epoch 0.25268311052532477 | step 671/2656 | loss 2.4010 | sft_loss 2.3340 | or_loss 0.6705
train_step epoch 0.25305968744115986 | step 672/2656 | loss 2.4125 | sft_loss 2.3376 | or_loss 0.7495
train_step epoch 0.2534362643569949 | step 673/2656 | loss 2.7933 | sft_loss 2.6988 | or_loss 0.9450
train_step epoch 0.25381284127283 | step 674/2656 | loss 2.4403 | sft_loss 2.3354 | or_loss 1.0488
train_step epoch 0.25418941818866503 | step 675/2656 | loss 2.5984 | sft_loss 2.5194 | or_loss 0.7900
train_step epoch 0.2545659951045001 | step 676/2656 | loss 2.6776 | sft_loss 2.5795 | or_loss 0.9810
train_step epoch 0.25494257202033516 | step 677/2656 | loss 2.2585 | sft_loss 2.2052 | or_loss 0.5329
train_step epoch 0.2553191489361702 | step 678/2656 | loss 2.3044 | sft_loss 2.2409 | or_loss 0.6353
train_step epoch 0.2556957258520053 | step 679/2656 | loss 2.2907 | sft_loss 2.2174 | or_loss 0.7332
train_step epoch 0.2560723027678403 | step 680/2656 | loss 2.4774 | sft_loss 2.4128 | or_loss 0.6455
train_step epoch 0.2564488796836754 | step 681/2656 | loss 2.5386 | sft_loss 2.4505 | or_loss 0.8812
train_step epoch 0.25682545659951045 | step 682/2656 | loss 2.5094 | sft_loss 2.4364 | or_loss 0.7295
train_step epoch 0.2572020335153455 | step 683/2656 | loss 2.0680 | sft_loss 2.0055 | or_loss 0.6253
train_step epoch 0.2575786104311806 | step 684/2656 | loss 2.3449 | sft_loss 2.2742 | or_loss 0.7070
train_step epoch 0.2579551873470156 | step 685/2656 | loss 2.5487 | sft_loss 2.4964 | or_loss 0.5229
train_step epoch 0.2583317642628507 | step 686/2656 | loss 2.3513 | sft_loss 2.2764 | or_loss 0.7495
train_step epoch 0.25870834117868574 | step 687/2656 | loss 2.4893 | sft_loss 2.4081 | or_loss 0.8119
train_step epoch 0.25908491809452083 | step 688/2656 | loss 2.5376 | sft_loss 2.4593 | or_loss 0.7833
train_step epoch 0.25946149501035587 | step 689/2656 | loss 2.3038 | sft_loss 2.2304 | or_loss 0.7348
train_step epoch 0.2598380719261909 | step 690/2656 | loss 2.5638 | sft_loss 2.4890 | or_loss 0.7481
train_step epoch 0.260214648842026 | step 691/2656 | loss 2.1948 | sft_loss 2.1454 | or_loss 0.4943
train_step epoch 0.26059122575786103 | step 692/2656 | loss 2.2215 | sft_loss 2.1575 | or_loss 0.6397
train_step epoch 0.2609678026736961 | step 693/2656 | loss 2.5231 | sft_loss 2.4609 | or_loss 0.6217
train_step epoch 0.26134437958953116 | step 694/2656 | loss 2.3725 | sft_loss 2.3108 | or_loss 0.6168
train_step epoch 0.2617209565053662 | step 695/2656 | loss 2.1640 | sft_loss 2.0952 | or_loss 0.6885
train_step epoch 0.2620975334212013 | step 696/2656 | loss 2.0691 | sft_loss 1.9747 | or_loss 0.9441
train_step epoch 0.2624741103370363 | step 697/2656 | loss 2.4307 | sft_loss 2.3729 | or_loss 0.5782
train_step epoch 0.2628506872528714 | step 698/2656 | loss 2.2108 | sft_loss 2.1470 | or_loss 0.6388
train_step epoch 0.26322726416870645 | step 699/2656 | loss 2.3645 | sft_loss 2.2986 | or_loss 0.6593
train_step epoch 0.2636038410845415 | step 700/2656 | loss 2.4841 | sft_loss 2.4093 | or_loss 0.7474
train_step epoch 0.2639804180003766 | step 701/2656 | loss 2.3608 | sft_loss 2.2921 | or_loss 0.6863
train_step epoch 0.2643569949162116 | step 702/2656 | loss 2.3146 | sft_loss 2.2477 | or_loss 0.6698
train_step epoch 0.2647335718320467 | step 703/2656 | loss 2.4346 | sft_loss 2.3607 | or_loss 0.7383
train_step epoch 0.26511014874788175 | step 704/2656 | loss 2.2692 | sft_loss 2.2079 | or_loss 0.6133
train_step epoch 0.26548672566371684 | step 705/2656 | loss 2.3120 | sft_loss 2.2070 | or_loss 1.0509
train_step epoch 0.2658633025795519 | step 706/2656 | loss 2.6346 | sft_loss 2.5397 | or_loss 0.9494
train_step epoch 0.2662398794953869 | step 707/2656 | loss 2.2621 | sft_loss 2.2063 | or_loss 0.5582
train_step epoch 0.266616456411222 | step 708/2656 | loss 2.4188 | sft_loss 2.3471 | or_loss 0.7176
train_step epoch 0.26699303332705704 | step 709/2656 | loss 2.4397 | sft_loss 2.3699 | or_loss 0.6987
train_step epoch 0.26736961024289213 | step 710/2656 | loss 2.6470 | sft_loss 2.5696 | or_loss 0.7744
train_step epoch 0.26774618715872717 | step 711/2656 | loss 2.1135 | sft_loss 2.0585 | or_loss 0.5508
train_step epoch 0.2681227640745622 | step 712/2656 | loss 2.2866 | sft_loss 2.2011 | or_loss 0.8549
train_step epoch 0.2684993409903973 | step 713/2656 | loss 2.4838 | sft_loss 2.4004 | or_loss 0.8342
train_step epoch 0.26887591790623233 | step 714/2656 | loss 2.1405 | sft_loss 2.0704 | or_loss 0.7006
train_step epoch 0.2692524948220674 | step 715/2656 | loss 2.2995 | sft_loss 2.2337 | or_loss 0.6584
train_step epoch 0.26962907173790246 | step 716/2656 | loss 2.0923 | sft_loss 2.0367 | or_loss 0.5562
train_step epoch 0.27000564865373755 | step 717/2656 | loss 2.2419 | sft_loss 2.1655 | or_loss 0.7637
train_step epoch 0.2703822255695726 | step 718/2656 | loss 2.6453 | sft_loss 2.5838 | or_loss 0.6154
train_step epoch 0.2707588024854076 | step 719/2656 | loss 2.3234 | sft_loss 2.2495 | or_loss 0.7390
train_step epoch 0.2711353794012427 | step 720/2656 | loss 2.2717 | sft_loss 2.1950 | or_loss 0.7674
train_step epoch 0.27151195631707775 | step 721/2656 | loss 2.3747 | sft_loss 2.3190 | or_loss 0.5565
train_step epoch 0.27188853323291284 | step 722/2656 | loss 2.2684 | sft_loss 2.1637 | or_loss 1.0475
train_step epoch 0.2722651101487479 | step 723/2656 | loss 2.1912 | sft_loss 2.1110 | or_loss 0.8023
train_step epoch 0.2726416870645829 | step 724/2656 | loss 2.3934 | sft_loss 2.3288 | or_loss 0.6463
train_step epoch 0.273018263980418 | step 725/2656 | loss 2.3214 | sft_loss 2.2538 | or_loss 0.6764
train_step epoch 0.27339484089625304 | step 726/2656 | loss 2.5172 | sft_loss 2.4454 | or_loss 0.7182
train_step epoch 0.27377141781208814 | step 727/2656 | loss 2.3283 | sft_loss 2.2594 | or_loss 0.6885
train_step epoch 0.27414799472792317 | step 728/2656 | loss 1.8074 | sft_loss 1.7495 | or_loss 0.5782
train_step epoch 0.27452457164375826 | step 729/2656 | loss 2.0306 | sft_loss 1.9356 | or_loss 0.9508
train_step epoch 0.2749011485595933 | step 730/2656 | loss 2.2608 | sft_loss 2.1865 | or_loss 0.7428
train_step epoch 0.27527772547542834 | step 731/2656 | loss 2.1436 | sft_loss 2.0842 | or_loss 0.5940
train_step epoch 0.27565430239126343 | step 732/2656 | loss 2.2659 | sft_loss 2.1983 | or_loss 0.6759
train_step epoch 0.27603087930709846 | step 733/2656 | loss 2.4282 | sft_loss 2.3648 | or_loss 0.6342
train_step epoch 0.27640745622293356 | step 734/2656 | loss 2.2073 | sft_loss 2.1385 | or_loss 0.6883
train_step epoch 0.2767840331387686 | step 735/2656 | loss 2.2115 | sft_loss 2.1559 | or_loss 0.5564
train_step epoch 0.27716061005460363 | step 736/2656 | loss 2.4679 | sft_loss 2.3992 | or_loss 0.6866
train_step epoch 0.2775371869704387 | step 737/2656 | loss 2.4593 | sft_loss 2.3791 | or_loss 0.8013
train_step epoch 0.27791376388627376 | step 738/2656 | loss 2.0836 | sft_loss 2.0068 | or_loss 0.7676
train_step epoch 0.27829034080210885 | step 739/2656 | loss 2.5221 | sft_loss 2.4350 | or_loss 0.8708
train_step epoch 0.2786669177179439 | step 740/2656 | loss 2.4929 | sft_loss 2.4141 | or_loss 0.7878
train_step epoch 0.279043494633779 | step 741/2656 | loss 2.6413 | sft_loss 2.5568 | or_loss 0.8447
train_step epoch 0.279420071549614 | step 742/2656 | loss 2.2860 | sft_loss 2.2207 | or_loss 0.6526
train_step epoch 0.27979664846544905 | step 743/2656 | loss 2.2362 | sft_loss 2.1727 | or_loss 0.6350
train_step epoch 0.28017322538128414 | step 744/2656 | loss 2.0949 | sft_loss 2.0450 | or_loss 0.4982
train_step epoch 0.2805498022971192 | step 745/2656 | loss 2.2544 | sft_loss 2.1899 | or_loss 0.6446
train_step epoch 0.28092637921295427 | step 746/2656 | loss 2.3693 | sft_loss 2.2842 | or_loss 0.8506
train_step epoch 0.2813029561287893 | step 747/2656 | loss 2.4086 | sft_loss 2.3405 | or_loss 0.6805
train_step epoch 0.28167953304462434 | step 748/2656 | loss 2.3600 | sft_loss 2.2851 | or_loss 0.7489
train_step epoch 0.28205610996045943 | step 749/2656 | loss 2.3243 | sft_loss 2.2611 | or_loss 0.6321
train_step epoch 0.28243268687629447 | step 750/2656 | loss 2.4484 | sft_loss 2.3746 | or_loss 0.7378
train_step epoch 0.28280926379212956 | step 751/2656 | loss 2.4792 | sft_loss 2.3945 | or_loss 0.8476
train_step epoch 0.2831858407079646 | step 752/2656 | loss 2.4626 | sft_loss 2.3874 | or_loss 0.7520
train_step epoch 0.28356241762379963 | step 753/2656 | loss 2.4591 | sft_loss 2.3781 | or_loss 0.8107
train_step epoch 0.2839389945396347 | step 754/2656 | loss 2.4489 | sft_loss 2.3785 | or_loss 0.7043
train_step epoch 0.28431557145546976 | step 755/2656 | loss 2.4480 | sft_loss 2.3653 | or_loss 0.8267
train_step epoch 0.28469214837130485 | step 756/2656 | loss 2.3829 | sft_loss 2.3128 | or_loss 0.7003
train_step epoch 0.2850687252871399 | step 757/2656 | loss 2.1756 | sft_loss 2.1149 | or_loss 0.6072
train_step epoch 0.285445302202975 | step 758/2656 | loss 2.4935 | sft_loss 2.4167 | or_loss 0.7682
train_step epoch 0.28582187911881 | step 759/2656 | loss 2.3787 | sft_loss 2.3188 | or_loss 0.5988
train_step epoch 0.28619845603464505 | step 760/2656 | loss 2.2783 | sft_loss 2.2154 | or_loss 0.6288
train_step epoch 0.28657503295048015 | step 761/2656 | loss 2.2846 | sft_loss 2.2054 | or_loss 0.7916
train_step epoch 0.2869516098663152 | step 762/2656 | loss 2.3540 | sft_loss 2.2993 | or_loss 0.5474
train_step epoch 0.2873281867821503 | step 763/2656 | loss 2.3962 | sft_loss 2.3197 | or_loss 0.7657
train_step epoch 0.2877047636979853 | step 764/2656 | loss 2.3766 | sft_loss 2.3077 | or_loss 0.6886
train_step epoch 0.28808134061382035 | step 765/2656 | loss 2.5723 | sft_loss 2.4950 | or_loss 0.7725
train_step epoch 0.28845791752965544 | step 766/2656 | loss 2.4584 | sft_loss 2.3163 | or_loss 1.4214
train_step epoch 0.2888344944454905 | step 767/2656 | loss 2.4186 | sft_loss 2.3349 | or_loss 0.8367
train_step epoch 0.28921107136132557 | step 768/2656 | loss 2.4864 | sft_loss 2.3942 | or_loss 0.9222
train_step epoch 0.2895876482771606 | step 769/2656 | loss 2.0563 | sft_loss 1.9915 | or_loss 0.6479
train_step epoch 0.2899642251929957 | step 770/2656 | loss 2.4306 | sft_loss 2.3326 | or_loss 0.9801
train_step epoch 0.29034080210883073 | step 771/2656 | loss 2.4370 | sft_loss 2.3329 | or_loss 1.0409
train_step epoch 0.29071737902466577 | step 772/2656 | loss 2.4676 | sft_loss 2.3946 | or_loss 0.7302
train_step epoch 0.29109395594050086 | step 773/2656 | loss 2.3065 | sft_loss 2.2089 | or_loss 0.9756
train_step epoch 0.2914705328563359 | step 774/2656 | loss 2.3358 | sft_loss 2.2664 | or_loss 0.6940
train_step epoch 0.291847109772171 | step 775/2656 | loss 2.4730 | sft_loss 2.3724 | or_loss 1.0053
train_step epoch 0.292223686688006 | step 776/2656 | loss 2.4492 | sft_loss 2.3777 | or_loss 0.7153
train_step epoch 0.29260026360384106 | step 777/2656 | loss 2.2190 | sft_loss 2.1456 | or_loss 0.7336
train_step epoch 0.29297684051967615 | step 778/2656 | loss 1.8136 | sft_loss 1.7351 | or_loss 0.7855
train_step epoch 0.2933534174355112 | step 779/2656 | loss 2.3339 | sft_loss 2.2602 | or_loss 0.7367
train_step epoch 0.2937299943513463 | step 780/2656 | loss 2.4833 | sft_loss 2.4070 | or_loss 0.7632
train_step epoch 0.2941065712671813 | step 781/2656 | loss 2.3937 | sft_loss 2.3272 | or_loss 0.6649
train_step epoch 0.2944831481830164 | step 782/2656 | loss 2.0524 | sft_loss 2.0154 | or_loss 0.3703
train_step epoch 0.29485972509885144 | step 783/2656 | loss 2.7742 | sft_loss 2.6868 | or_loss 0.8737
train_step epoch 0.2952363020146865 | step 784/2656 | loss 2.5157 | sft_loss 2.4338 | or_loss 0.8194
train_step epoch 0.29561287893052157 | step 785/2656 | loss 2.3768 | sft_loss 2.3216 | or_loss 0.5519
train_step epoch 0.2959894558463566 | step 786/2656 | loss 2.4088 | sft_loss 2.3281 | or_loss 0.8070
train_step epoch 0.2963660327621917 | step 787/2656 | loss 2.3577 | sft_loss 2.2887 | or_loss 0.6893
train_step epoch 0.29674260967802674 | step 788/2656 | loss 2.4756 | sft_loss 2.3903 | or_loss 0.8531
train_step epoch 0.2971191865938618 | step 789/2656 | loss 2.6102 | sft_loss 2.5344 | or_loss 0.7580
train_step epoch 0.29749576350969686 | step 790/2656 | loss 2.6438 | sft_loss 2.5719 | or_loss 0.7196
train_step epoch 0.2978723404255319 | step 791/2656 | loss 2.6719 | sft_loss 2.5858 | or_loss 0.8615
train_step epoch 0.298248917341367 | step 792/2656 | loss 2.3475 | sft_loss 2.2845 | or_loss 0.6303
train_step epoch 0.29862549425720203 | step 793/2656 | loss 2.2553 | sft_loss 2.2098 | or_loss 0.4555
train_step epoch 0.2990020711730371 | step 794/2656 | loss 2.4485 | sft_loss 2.3743 | or_loss 0.7416
train_step epoch 0.29937864808887216 | step 795/2656 | loss 2.3334 | sft_loss 2.2433 | or_loss 0.9013
train_step epoch 0.2997552250047072 | step 796/2656 | loss 2.4721 | sft_loss 2.3958 | or_loss 0.7621
train_step epoch 0.3001318019205423 | step 797/2656 | loss 2.4067 | sft_loss 2.3422 | or_loss 0.6456
train_step epoch 0.3005083788363773 | step 798/2656 | loss 2.4484 | sft_loss 2.3696 | or_loss 0.7875
train_step epoch 0.3008849557522124 | step 799/2656 | loss 2.4819 | sft_loss 2.4028 | or_loss 0.7912
train_step epoch 0.30126153266804745 | step 800/2656 | loss 2.3424 | sft_loss 2.2448 | or_loss 0.9754
train_step epoch 0.3016381095838825 | step 801/2656 | loss 2.3174 | sft_loss 2.2526 | or_loss 0.6473
train_step epoch 0.3020146864997176 | step 802/2656 | loss 2.3164 | sft_loss 2.2442 | or_loss 0.7221
train_step epoch 0.3023912634155526 | step 803/2656 | loss 2.4314 | sft_loss 2.3673 | or_loss 0.6408
train_step epoch 0.3027678403313877 | step 804/2656 | loss 2.2250 | sft_loss 2.1544 | or_loss 0.7060
train_step epoch 0.30314441724722274 | step 805/2656 | loss 2.5673 | sft_loss 2.4815 | or_loss 0.8579
train_step epoch 0.3035209941630578 | step 806/2656 | loss 2.6350 | sft_loss 2.5206 | or_loss 1.1447
train_step epoch 0.30389757107889287 | step 807/2656 | loss 2.4129 | sft_loss 2.3429 | or_loss 0.7000
train_step epoch 0.3042741479947279 | step 808/2656 | loss 2.6388 | sft_loss 2.5842 | or_loss 0.5468
train_step epoch 0.304650724910563 | step 809/2656 | loss 2.5435 | sft_loss 2.4453 | or_loss 0.9820
train_step epoch 0.30502730182639803 | step 810/2656 | loss 2.2091 | sft_loss 2.1556 | or_loss 0.5346
train_step epoch 0.3054038787422331 | step 811/2656 | loss 2.5503 | sft_loss 2.4609 | or_loss 0.8937
train_step epoch 0.30578045565806816 | step 812/2656 | loss 2.2979 | sft_loss 2.2261 | or_loss 0.7185
train_step epoch 0.3061570325739032 | step 813/2656 | loss 2.6264 | sft_loss 2.5451 | or_loss 0.8125
train_step epoch 0.3065336094897383 | step 814/2656 | loss 2.0739 | sft_loss 2.0110 | or_loss 0.6295
train_step epoch 0.3069101864055733 | step 815/2656 | loss 2.4600 | sft_loss 2.3853 | or_loss 0.7475
train_step epoch 0.3072867633214084 | step 816/2656 | loss 2.4123 | sft_loss 2.3265 | or_loss 0.8579
train_step epoch 0.30766334023724345 | step 817/2656 | loss 2.3146 | sft_loss 2.2448 | or_loss 0.6982
train_step epoch 0.3080399171530785 | step 818/2656 | loss 2.4032 | sft_loss 2.3327 | or_loss 0.7051
train_step epoch 0.3084164940689136 | step 819/2656 | loss 2.2050 | sft_loss 2.1491 | or_loss 0.5593
train_step epoch 0.3087930709847486 | step 820/2656 | loss 2.2912 | sft_loss 2.2272 | or_loss 0.6405
train_step epoch 0.3091696479005837 | step 821/2656 | loss 2.3685 | sft_loss 2.2984 | or_loss 0.7006
train_step epoch 0.30954622481641875 | step 822/2656 | loss 2.5940 | sft_loss 2.4810 | or_loss 1.1305
train_step epoch 0.30992280173225384 | step 823/2656 | loss 2.4699 | sft_loss 2.3943 | or_loss 0.7568
train_step epoch 0.3102993786480889 | step 824/2656 | loss 2.4801 | sft_loss 2.4199 | or_loss 0.6016
train_step epoch 0.3106759555639239 | step 825/2656 | loss 2.4763 | sft_loss 2.4148 | or_loss 0.6147
train_step epoch 0.311052532479759 | step 826/2656 | loss 2.1513 | sft_loss 2.1028 | or_loss 0.4850
train_step epoch 0.31142910939559404 | step 827/2656 | loss 2.2311 | sft_loss 2.1676 | or_loss 0.6347
train_step epoch 0.31180568631142913 | step 828/2656 | loss 2.2976 | sft_loss 2.2384 | or_loss 0.5921
train_step epoch 0.31218226322726417 | step 829/2656 | loss 2.2818 | sft_loss 2.1991 | or_loss 0.8265
train_step epoch 0.3125588401430992 | step 830/2656 | loss 2.5183 | sft_loss 2.4504 | or_loss 0.6790
train_step epoch 0.3129354170589343 | step 831/2656 | loss 2.2659 | sft_loss 2.1923 | or_loss 0.7358
train_step epoch 0.31331199397476933 | step 832/2656 | loss 2.2167 | sft_loss 2.1393 | or_loss 0.7734
train_step epoch 0.3136885708906044 | step 833/2656 | loss 2.4816 | sft_loss 2.4063 | or_loss 0.7536
train_step epoch 0.31406514780643946 | step 834/2656 | loss 2.2844 | sft_loss 2.2043 | or_loss 0.8012
train_step epoch 0.31444172472227455 | step 835/2656 | loss 2.7680 | sft_loss 2.5990 | or_loss 1.6902
train_step epoch 0.3148183016381096 | step 836/2656 | loss 2.4197 | sft_loss 2.3334 | or_loss 0.8629
train_step epoch 0.3151948785539446 | step 837/2656 | loss 2.3989 | sft_loss 2.3194 | or_loss 0.7951
train_step epoch 0.3155714554697797 | step 838/2656 | loss 2.2176 | sft_loss 2.1551 | or_loss 0.6252
train_step epoch 0.31594803238561475 | step 839/2656 | loss 2.3975 | sft_loss 2.3251 | or_loss 0.7242
train_step epoch 0.31632460930144984 | step 840/2656 | loss 2.0058 | sft_loss 1.9537 | or_loss 0.5207
train_step epoch 0.3167011862172849 | step 841/2656 | loss 2.0935 | sft_loss 2.0408 | or_loss 0.5266
train_step epoch 0.3170777631331199 | step 842/2656 | loss 2.7503 | sft_loss 2.6513 | or_loss 0.9900
train_step epoch 0.317454340048955 | step 843/2656 | loss 2.5925 | sft_loss 2.5165 | or_loss 0.7602
train_step epoch 0.31783091696479004 | step 844/2656 | loss 2.4317 | sft_loss 2.3628 | or_loss 0.6888
train_step epoch 0.31820749388062514 | step 845/2656 | loss 2.3767 | sft_loss 2.3108 | or_loss 0.6590
train_step epoch 0.3185840707964602 | step 846/2656 | loss 2.1290 | sft_loss 2.0631 | or_loss 0.6586
train_step epoch 0.3189606477122952 | step 847/2656 | loss 2.3416 | sft_loss 2.2751 | or_loss 0.6652
train_step epoch 0.3193372246281303 | step 848/2656 | loss 2.1268 | sft_loss 2.0662 | or_loss 0.6061
train_step epoch 0.31971380154396534 | step 849/2656 | loss 2.4154 | sft_loss 2.3550 | or_loss 0.6044
train_step epoch 0.32009037845980043 | step 850/2656 | loss 2.1872 | sft_loss 2.1225 | or_loss 0.6466
train_step epoch 0.32046695537563546 | step 851/2656 | loss 2.1713 | sft_loss 2.1037 | or_loss 0.6758
train_step epoch 0.32084353229147056 | step 852/2656 | loss 2.5625 | sft_loss 2.5027 | or_loss 0.5982
train_step epoch 0.3212201092073056 | step 853/2656 | loss 2.3258 | sft_loss 2.2694 | or_loss 0.5644
train_step epoch 0.32159668612314063 | step 854/2656 | loss 2.6582 | sft_loss 2.5712 | or_loss 0.8706
train_step epoch 0.3219732630389757 | step 855/2656 | loss 2.4816 | sft_loss 2.4345 | or_loss 0.4708
train_step epoch 0.32234983995481076 | step 856/2656 | loss 2.5651 | sft_loss 2.4827 | or_loss 0.8245
train_step epoch 0.32272641687064585 | step 857/2656 | loss 2.3196 | sft_loss 2.2426 | or_loss 0.7699
train_step epoch 0.3231029937864809 | step 858/2656 | loss 2.1040 | sft_loss 2.0454 | or_loss 0.5863
train_step epoch 0.3234795707023159 | step 859/2656 | loss 2.7265 | sft_loss 2.6436 | or_loss 0.8296
train_step epoch 0.323856147618151 | step 860/2656 | loss 2.3243 | sft_loss 2.2623 | or_loss 0.6198
train_step epoch 0.32423272453398605 | step 861/2656 | loss 2.2835 | sft_loss 2.2143 | or_loss 0.6923
train_step epoch 0.32460930144982114 | step 862/2656 | loss 2.2671 | sft_loss 2.1955 | or_loss 0.7157
train_step epoch 0.3249858783656562 | step 863/2656 | loss 2.2651 | sft_loss 2.1922 | or_loss 0.7292
train_step epoch 0.32536245528149127 | step 864/2656 | loss 2.5259 | sft_loss 2.4510 | or_loss 0.7491
train_step epoch 0.3257390321973263 | step 865/2656 | loss 2.2744 | sft_loss 2.1932 | or_loss 0.8124
train_step epoch 0.32611560911316134 | step 866/2656 | loss 2.3011 | sft_loss 2.2455 | or_loss 0.5559
train_step epoch 0.32649218602899643 | step 867/2656 | loss 2.6830 | sft_loss 2.5814 | or_loss 1.0157
train_step epoch 0.32686876294483147 | step 868/2656 | loss 2.3136 | sft_loss 2.2433 | or_loss 0.7032
train_step epoch 0.32724533986066656 | step 869/2656 | loss 1.9640 | sft_loss 1.8989 | or_loss 0.6517
train_step epoch 0.3276219167765016 | step 870/2656 | loss 2.5426 | sft_loss 2.4504 | or_loss 0.9219
train_step epoch 0.32799849369233663 | step 871/2656 | loss 2.2870 | sft_loss 2.2063 | or_loss 0.8069
train_step epoch 0.3283750706081717 | step 872/2656 | loss 2.1556 | sft_loss 2.0924 | or_loss 0.6317
train_step epoch 0.32875164752400676 | step 873/2656 | loss 2.4311 | sft_loss 2.3518 | or_loss 0.7934
train_step epoch 0.32912822443984185 | step 874/2656 | loss 2.6407 | sft_loss 2.5522 | or_loss 0.8843
train_step epoch 0.3295048013556769 | step 875/2656 | loss 2.5962 | sft_loss 2.5032 | or_loss 0.9300
train_step epoch 0.329881378271512 | step 876/2656 | loss 2.1151 | sft_loss 2.0559 | or_loss 0.5919
train_step epoch 0.330257955187347 | step 877/2656 | loss 2.4000 | sft_loss 2.3435 | or_loss 0.5650
train_step epoch 0.33063453210318205 | step 878/2656 | loss 2.4130 | sft_loss 2.3187 | or_loss 0.9435
train_step epoch 0.33101110901901715 | step 879/2656 | loss 2.4029 | sft_loss 2.3293 | or_loss 0.7355
train_step epoch 0.3313876859348522 | step 880/2656 | loss 2.4653 | sft_loss 2.3875 | or_loss 0.7782
train_step epoch 0.3317642628506873 | step 881/2656 | loss 2.5355 | sft_loss 2.4642 | or_loss 0.7131
train_step epoch 0.3321408397665223 | step 882/2656 | loss 2.3082 | sft_loss 2.2013 | or_loss 1.0686
train_step epoch 0.33251741668235735 | step 883/2656 | loss 2.2518 | sft_loss 2.1952 | or_loss 0.5659
train_step epoch 0.33289399359819244 | step 884/2656 | loss 2.5805 | sft_loss 2.4885 | or_loss 0.9200
train_step epoch 0.3332705705140275 | step 885/2656 | loss 2.1392 | sft_loss 2.0854 | or_loss 0.5387
train_step epoch 0.33364714742986257 | step 886/2656 | loss 2.2296 | sft_loss 2.1561 | or_loss 0.7349
train_step epoch 0.3340237243456976 | step 887/2656 | loss 2.5093 | sft_loss 2.4331 | or_loss 0.7613
train_step epoch 0.3344003012615327 | step 888/2656 | loss 2.3422 | sft_loss 2.2690 | or_loss 0.7316
train_step epoch 0.33477687817736773 | step 889/2656 | loss 2.4252 | sft_loss 2.3582 | or_loss 0.6700
train_step epoch 0.33515345509320277 | step 890/2656 | loss 2.3863 | sft_loss 2.3079 | or_loss 0.7840
train_step epoch 0.33553003200903786 | step 891/2656 | loss 2.3757 | sft_loss 2.3098 | or_loss 0.6588
train_step epoch 0.3359066089248729 | step 892/2656 | loss 2.6764 | sft_loss 2.5786 | or_loss 0.9776
train_step epoch 0.336283185840708 | step 893/2656 | loss 2.6429 | sft_loss 2.5612 | or_loss 0.8165
train_step epoch 0.336659762756543 | step 894/2656 | loss 2.2009 | sft_loss 2.1374 | or_loss 0.6348
train_step epoch 0.33703633967237806 | step 895/2656 | loss 2.3046 | sft_loss 2.2366 | or_loss 0.6801
train_step epoch 0.33741291658821315 | step 896/2656 | loss 2.5988 | sft_loss 2.4498 | or_loss 1.4902
train_step epoch 0.3377894935040482 | step 897/2656 | loss 2.3556 | sft_loss 2.2807 | or_loss 0.7496
train_step epoch 0.3381660704198833 | step 898/2656 | loss 2.6708 | sft_loss 2.5579 | or_loss 1.1297
train_step epoch 0.3385426473357183 | step 899/2656 | loss 2.4142 | sft_loss 2.3326 | or_loss 0.8157
train_step epoch 0.33891922425155335 | step 900/2656 | loss 2.2898 | sft_loss 2.2210 | or_loss 0.6879
train_step epoch 0.33929580116738844 | step 901/2656 | loss 2.7765 | sft_loss 2.6948 | or_loss 0.8163
train_step epoch 0.3396723780832235 | step 902/2656 | loss 2.6503 | sft_loss 2.5811 | or_loss 0.6917
train_step epoch 0.3400489549990586 | step 903/2656 | loss 2.4604 | sft_loss 2.3989 | or_loss 0.6153
train_step epoch 0.3404255319148936 | step 904/2656 | loss 2.7737 | sft_loss 2.6734 | or_loss 1.0029
train_step epoch 0.3408021088307287 | step 905/2656 | loss 2.5166 | sft_loss 2.4215 | or_loss 0.9512
train_step epoch 0.34117868574656374 | step 906/2656 | loss 2.4330 | sft_loss 2.3409 | or_loss 0.9206
train_step epoch 0.3415552626623988 | step 907/2656 | loss 2.4134 | sft_loss 2.3386 | or_loss 0.7477
train_step epoch 0.34193183957823386 | step 908/2656 | loss 2.2899 | sft_loss 2.2306 | or_loss 0.5921
train_step epoch 0.3423084164940689 | step 909/2656 | loss 2.1946 | sft_loss 2.1176 | or_loss 0.7699
train_step epoch 0.342684993409904 | step 910/2656 | loss 2.6527 | sft_loss 2.5516 | or_loss 1.0112
train_step epoch 0.34306157032573903 | step 911/2656 | loss 2.4743 | sft_loss 2.4011 | or_loss 0.7316
train_step epoch 0.34343814724157407 | step 912/2656 | loss 2.4591 | sft_loss 2.3782 | or_loss 0.8081
train_step epoch 0.34381472415740916 | step 913/2656 | loss 2.2652 | sft_loss 2.1829 | or_loss 0.8233
train_step epoch 0.3441913010732442 | step 914/2656 | loss 2.3419 | sft_loss 2.2698 | or_loss 0.7209
train_step epoch 0.3445678779890793 | step 915/2656 | loss 2.2228 | sft_loss 2.1571 | or_loss 0.6566
train_step epoch 0.3449444549049143 | step 916/2656 | loss 2.2658 | sft_loss 2.2147 | or_loss 0.5104
train_step epoch 0.3453210318207494 | step 917/2656 | loss 2.1673 | sft_loss 2.1088 | or_loss 0.5858
train_step epoch 0.34569760873658445 | step 918/2656 | loss 2.0362 | sft_loss 1.9631 | or_loss 0.7319
train_step epoch 0.3460741856524195 | step 919/2656 | loss 2.4035 | sft_loss 2.3495 | or_loss 0.5401
train_step epoch 0.3464507625682546 | step 920/2656 | loss 2.3452 | sft_loss 2.2773 | or_loss 0.6795
train_step epoch 0.3468273394840896 | step 921/2656 | loss 2.3680 | sft_loss 2.3073 | or_loss 0.6074
train_step epoch 0.3472039163999247 | step 922/2656 | loss 2.3673 | sft_loss 2.2932 | or_loss 0.7415
train_step epoch 0.34758049331575974 | step 923/2656 | loss 2.3356 | sft_loss 2.2883 | or_loss 0.4731
train_step epoch 0.3479570702315948 | step 924/2656 | loss 2.0146 | sft_loss 1.9681 | or_loss 0.4651
train_step epoch 0.34833364714742987 | step 925/2656 | loss 2.5470 | sft_loss 2.4611 | or_loss 0.8596
train_step epoch 0.3487102240632649 | step 926/2656 | loss 2.4846 | sft_loss 2.4152 | or_loss 0.6934
train_step epoch 0.3490868009791 | step 927/2656 | loss 2.6000 | sft_loss 2.5283 | or_loss 0.7165
train_step epoch 0.34946337789493503 | step 928/2656 | loss 2.2060 | sft_loss 2.1431 | or_loss 0.6295
train_step epoch 0.3498399548107701 | step 929/2656 | loss 2.3819 | sft_loss 2.3186 | or_loss 0.6324
train_step epoch 0.35021653172660516 | step 930/2656 | loss 2.2784 | sft_loss 2.2244 | or_loss 0.5400
train_step epoch 0.3505931086424402 | step 931/2656 | loss 2.4546 | sft_loss 2.3915 | or_loss 0.6309
train_step epoch 0.3509696855582753 | step 932/2656 | loss 2.3068 | sft_loss 2.2493 | or_loss 0.5746
train_step epoch 0.3513462624741103 | step 933/2656 | loss 2.2585 | sft_loss 2.1907 | or_loss 0.6782
train_step epoch 0.3517228393899454 | step 934/2656 | loss 2.2285 | sft_loss 2.1242 | or_loss 1.0433
train_step epoch 0.35209941630578045 | step 935/2656 | loss 2.2260 | sft_loss 2.1626 | or_loss 0.6342
train_step epoch 0.3524759932216155 | step 936/2656 | loss 2.2907 | sft_loss 2.2108 | or_loss 0.7993
train_step epoch 0.3528525701374506 | step 937/2656 | loss 2.2453 | sft_loss 2.1812 | or_loss 0.6415
train_step epoch 0.3532291470532856 | step 938/2656 | loss 2.3940 | sft_loss 2.3305 | or_loss 0.6347
train_step epoch 0.3536057239691207 | step 939/2656 | loss 2.6301 | sft_loss 2.5516 | or_loss 0.7847
train_step epoch 0.35398230088495575 | step 940/2656 | loss 2.4303 | sft_loss 2.3754 | or_loss 0.5486
train_step epoch 0.35435887780079084 | step 941/2656 | loss 2.4680 | sft_loss 2.3908 | or_loss 0.7722
train_step epoch 0.3547354547166259 | step 942/2656 | loss 2.6269 | sft_loss 2.5480 | or_loss 0.7886
train_step epoch 0.3551120316324609 | step 943/2656 | loss 2.1718 | sft_loss 2.1112 | or_loss 0.6063
train_step epoch 0.355488608548296 | step 944/2656 | loss 2.2686 | sft_loss 2.1958 | or_loss 0.7288
train_step epoch 0.35586518546413104 | step 945/2656 | loss 2.3659 | sft_loss 2.3132 | or_loss 0.5272
train_step epoch 0.35624176237996613 | step 946/2656 | loss 2.2958 | sft_loss 2.1912 | or_loss 1.0454
train_step epoch 0.35661833929580117 | step 947/2656 | loss 2.6114 | sft_loss 2.5265 | or_loss 0.8499
train_step epoch 0.3569949162116362 | step 948/2656 | loss 2.4016 | sft_loss 2.3149 | or_loss 0.8669
train_step epoch 0.3573714931274713 | step 949/2656 | loss 2.2936 | sft_loss 2.2271 | or_loss 0.6650
train_step epoch 0.35774807004330633 | step 950/2656 | loss 2.2620 | sft_loss 2.1891 | or_loss 0.7288
train_step epoch 0.3581246469591414 | step 951/2656 | loss 2.4150 | sft_loss 2.3498 | or_loss 0.6517
train_step epoch 0.35850122387497646 | step 952/2656 | loss 2.2149 | sft_loss 2.1561 | or_loss 0.5879
train_step epoch 0.3588778007908115 | step 953/2656 | loss 2.2366 | sft_loss 2.1762 | or_loss 0.6041
train_step epoch 0.3592543777066466 | step 954/2656 | loss 2.2168 | sft_loss 2.1653 | or_loss 0.5147
train_step epoch 0.3596309546224816 | step 955/2656 | loss 2.4312 | sft_loss 2.3683 | or_loss 0.6291
train_step epoch 0.3600075315383167 | step 956/2656 | loss 2.4366 | sft_loss 2.3492 | or_loss 0.8739
train_step epoch 0.36038410845415175 | step 957/2656 | loss 2.4176 | sft_loss 2.3448 | or_loss 0.7281
train_step epoch 0.36076068536998684 | step 958/2656 | loss 2.4134 | sft_loss 2.3283 | or_loss 0.8512
train_step epoch 0.3611372622858219 | step 959/2656 | loss 2.5306 | sft_loss 2.4135 | or_loss 1.1706
train_step epoch 0.3615138392016569 | step 960/2656 | loss 2.5442 | sft_loss 2.4822 | or_loss 0.6209
train_step epoch 0.361890416117492 | step 961/2656 | loss 2.6032 | sft_loss 2.5152 | or_loss 0.8801
train_step epoch 0.36226699303332704 | step 962/2656 | loss 2.3997 | sft_loss 2.3318 | or_loss 0.6798
train_step epoch 0.36264356994916214 | step 963/2656 | loss 2.4138 | sft_loss 2.3531 | or_loss 0.6078
train_step epoch 0.3630201468649972 | step 964/2656 | loss 2.2508 | sft_loss 2.1866 | or_loss 0.6422
train_step epoch 0.3633967237808322 | step 965/2656 | loss 2.4121 | sft_loss 2.3437 | or_loss 0.6835
train_step epoch 0.3637733006966673 | step 966/2656 | loss 2.3426 | sft_loss 2.2732 | or_loss 0.6934
train_step epoch 0.36414987761250234 | step 967/2656 | loss 2.3458 | sft_loss 2.2461 | or_loss 0.9975
train_step epoch 0.36452645452833743 | step 968/2656 | loss 2.2716 | sft_loss 2.2053 | or_loss 0.6639
train_step epoch 0.36490303144417247 | step 969/2656 | loss 2.4515 | sft_loss 2.3881 | or_loss 0.6342
train_step epoch 0.36527960836000756 | step 970/2656 | loss 2.3779 | sft_loss 2.2996 | or_loss 0.7825
train_step epoch 0.3656561852758426 | step 971/2656 | loss 2.4581 | sft_loss 2.3862 | or_loss 0.7193
train_step epoch 0.36603276219167763 | step 972/2656 | loss 2.4767 | sft_loss 2.3996 | or_loss 0.7711
train_step epoch 0.3664093391075127 | step 973/2656 | loss 2.3641 | sft_loss 2.2982 | or_loss 0.6590
train_step epoch 0.36678591602334776 | step 974/2656 | loss 2.1864 | sft_loss 2.1221 | or_loss 0.6436
train_step epoch 0.36716249293918285 | step 975/2656 | loss 2.3025 | sft_loss 2.2321 | or_loss 0.7039
train_step epoch 0.3675390698550179 | step 976/2656 | loss 2.4369 | sft_loss 2.3654 | or_loss 0.7157
train_step epoch 0.3679156467708529 | step 977/2656 | loss 2.5457 | sft_loss 2.3773 | or_loss 1.6841
train_step epoch 0.368292223686688 | step 978/2656 | loss 2.5178 | sft_loss 2.3984 | or_loss 1.1946
train_step epoch 0.36866880060252305 | step 979/2656 | loss 2.5659 | sft_loss 2.4912 | or_loss 0.7476
train_step epoch 0.36904537751835814 | step 980/2656 | loss 2.4825 | sft_loss 2.4016 | or_loss 0.8099
train_step epoch 0.3694219544341932 | step 981/2656 | loss 2.2531 | sft_loss 2.1907 | or_loss 0.6241
train_step epoch 0.36979853135002827 | step 982/2656 | loss 2.5422 | sft_loss 2.4691 | or_loss 0.7315
train_step epoch 0.3701751082658633 | step 983/2656 | loss 2.2996 | sft_loss 2.2222 | or_loss 0.7738
train_step epoch 0.37055168518169834 | step 984/2656 | loss 2.3800 | sft_loss 2.2909 | or_loss 0.8918
train_step epoch 0.37092826209753343 | step 985/2656 | loss 2.3856 | sft_loss 2.3030 | or_loss 0.8262
train_step epoch 0.37130483901336847 | step 986/2656 | loss 2.0779 | sft_loss 2.0038 | or_loss 0.7401
train_step epoch 0.37168141592920356 | step 987/2656 | loss 2.3861 | sft_loss 2.3160 | or_loss 0.7003
train_step epoch 0.3720579928450386 | step 988/2656 | loss 2.3611 | sft_loss 2.2809 | or_loss 0.8022
train_step epoch 0.37243456976087363 | step 989/2656 | loss 2.1610 | sft_loss 2.0915 | or_loss 0.6956
train_step epoch 0.3728111466767087 | step 990/2656 | loss 2.7780 | sft_loss 2.6458 | or_loss 1.3229
train_step epoch 0.37318772359254376 | step 991/2656 | loss 2.1608 | sft_loss 2.1039 | or_loss 0.5688
train_step epoch 0.37356430050837885 | step 992/2656 | loss 2.3569 | sft_loss 2.2834 | or_loss 0.7341
train_step epoch 0.3739408774242139 | step 993/2656 | loss 2.4152 | sft_loss 2.3515 | or_loss 0.6373
train_step epoch 0.3743174543400489 | step 994/2656 | loss 2.5638 | sft_loss 2.4851 | or_loss 0.7870
train_step epoch 0.374694031255884 | step 995/2656 | loss 2.1578 | sft_loss 2.1062 | or_loss 0.5161
train_step epoch 0.37507060817171906 | step 996/2656 | loss 2.5296 | sft_loss 2.4487 | or_loss 0.8090
train_step epoch 0.37544718508755415 | step 997/2656 | loss 2.3584 | sft_loss 2.2813 | or_loss 0.7703
train_step epoch 0.3758237620033892 | step 998/2656 | loss 2.2209 | sft_loss 2.1475 | or_loss 0.7346
train_step epoch 0.3762003389192243 | step 999/2656 | loss 2.2341 | sft_loss 2.1834 | or_loss 0.5069
train_step epoch 0.3765769158350593 | step 1000/2656 | loss 2.3448 | sft_loss 2.2758 | or_loss 0.6893
trainer_log step=1000 epoch=0.3765769158350593: {"epoch": 0.3765769158350593, "grad_norm": 5.8016252517700195, "learning_rate": 6.238704819277109e-06, "loss": 2.37903515625}
train_step epoch 0.37695349275089435 | step 1001/2656 | loss 2.2005 | sft_loss 2.1402 | or_loss 0.6031
train_step epoch 0.37733006966672944 | step 1002/2656 | loss 2.3543 | sft_loss 2.2770 | or_loss 0.7725
train_step epoch 0.3777066465825645 | step 1003/2656 | loss 2.6784 | sft_loss 2.6127 | or_loss 0.6573
train_step epoch 0.37808322349839957 | step 1004/2656 | loss 2.5183 | sft_loss 2.4520 | or_loss 0.6634
train_step epoch 0.3784598004142346 | step 1005/2656 | loss 2.3633 | sft_loss 2.2862 | or_loss 0.7707
train_step epoch 0.37883637733006964 | step 1006/2656 | loss 2.2490 | sft_loss 2.1798 | or_loss 0.6920
train_step epoch 0.37921295424590473 | step 1007/2656 | loss 2.4316 | sft_loss 2.3567 | or_loss 0.7491
train_step epoch 0.37958953116173977 | step 1008/2656 | loss 2.3336 | sft_loss 2.2736 | or_loss 0.5996
train_step epoch 0.37996610807757486 | step 1009/2656 | loss 2.4826 | sft_loss 2.4232 | or_loss 0.5942
train_step epoch 0.3803426849934099 | step 1010/2656 | loss 2.4105 | sft_loss 2.3054 | or_loss 1.0512
train_step epoch 0.380719261909245 | step 1011/2656 | loss 2.5784 | sft_loss 2.4975 | or_loss 0.8082
train_step epoch 0.38109583882508 | step 1012/2656 | loss 2.3348 | sft_loss 2.2444 | or_loss 0.9041
train_step epoch 0.38147241574091506 | step 1013/2656 | loss 2.6672 | sft_loss 2.5862 | or_loss 0.8102
train_step epoch 0.38184899265675015 | step 1014/2656 | loss 2.6457 | sft_loss 2.5425 | or_loss 1.0327
train_step epoch 0.3822255695725852 | step 1015/2656 | loss 1.9949 | sft_loss 1.9359 | or_loss 0.5905
train_step epoch 0.3826021464884203 | step 1016/2656 | loss 2.3368 | sft_loss 2.2584 | or_loss 0.7834
train_step epoch 0.3829787234042553 | step 1017/2656 | loss 2.5877 | sft_loss 2.5272 | or_loss 0.6049
train_step epoch 0.38335530032009035 | step 1018/2656 | loss 2.3530 | sft_loss 2.2658 | or_loss 0.8717
train_step epoch 0.38373187723592544 | step 1019/2656 | loss 2.2382 | sft_loss 2.1756 | or_loss 0.6256
train_step epoch 0.3841084541517605 | step 1020/2656 | loss 2.4052 | sft_loss 2.3239 | or_loss 0.8127
train_step epoch 0.3844850310675956 | step 1021/2656 | loss 2.2042 | sft_loss 2.1310 | or_loss 0.7321
train_step epoch 0.3848616079834306 | step 1022/2656 | loss 2.2996 | sft_loss 2.2185 | or_loss 0.8102
train_step epoch 0.3852381848992657 | step 1023/2656 | loss 2.4203 | sft_loss 2.3260 | or_loss 0.9426
train_step epoch 0.38561476181510074 | step 1024/2656 | loss 2.0092 | sft_loss 1.9544 | or_loss 0.5472
train_step epoch 0.3859913387309358 | step 1025/2656 | loss 2.2322 | sft_loss 2.1540 | or_loss 0.7817
train_step epoch 0.38636791564677087 | step 1026/2656 | loss 2.4059 | sft_loss 2.3362 | or_loss 0.6966
train_step epoch 0.3867444925626059 | step 1027/2656 | loss 2.2502 | sft_loss 2.1714 | or_loss 0.7883
train_step epoch 0.387121069478441 | step 1028/2656 | loss 2.1802 | sft_loss 2.1298 | or_loss 0.5035
train_step epoch 0.38749764639427603 | step 1029/2656 | loss 2.0536 | sft_loss 1.9979 | or_loss 0.5575
train_step epoch 0.38787422331011107 | step 1030/2656 | loss 2.2803 | sft_loss 2.2190 | or_loss 0.6135
train_step epoch 0.38825080022594616 | step 1031/2656 | loss 2.0479 | sft_loss 1.9975 | or_loss 0.5037
train_step epoch 0.3886273771417812 | step 1032/2656 | loss 2.2443 | sft_loss 2.1828 | or_loss 0.6153
train_step epoch 0.3890039540576163 | step 1033/2656 | loss 2.3139 | sft_loss 2.2530 | or_loss 0.6088
train_step epoch 0.3893805309734513 | step 1034/2656 | loss 2.1854 | sft_loss 2.1319 | or_loss 0.5354
train_step epoch 0.3897571078892864 | step 1035/2656 | loss 2.6083 | sft_loss 2.5265 | or_loss 0.8181
train_step epoch 0.39013368480512145 | step 1036/2656 | loss 2.1797 | sft_loss 2.1179 | or_loss 0.6186
train_step epoch 0.3905102617209565 | step 1037/2656 | loss 2.4967 | sft_loss 2.4223 | or_loss 0.7443
train_step epoch 0.3908868386367916 | step 1038/2656 | loss 2.2601 | sft_loss 2.1989 | or_loss 0.6118
train_step epoch 0.3912634155526266 | step 1039/2656 | loss 2.5478 | sft_loss 2.4661 | or_loss 0.8173
train_step epoch 0.3916399924684617 | step 1040/2656 | loss 2.2285 | sft_loss 2.1535 | or_loss 0.7501
train_step epoch 0.39201656938429674 | step 1041/2656 | loss 2.2855 | sft_loss 2.2093 | or_loss 0.7621
train_step epoch 0.3923931463001318 | step 1042/2656 | loss 2.2678 | sft_loss 2.1790 | or_loss 0.8878
train_step epoch 0.39276972321596687 | step 1043/2656 | loss 2.2950 | sft_loss 2.2287 | or_loss 0.6624
train_step epoch 0.3931463001318019 | step 1044/2656 | loss 2.0931 | sft_loss 2.0353 | or_loss 0.5785
train_step epoch 0.393522877047637 | step 1045/2656 | loss 2.4670 | sft_loss 2.3964 | or_loss 0.7057
train_step epoch 0.39389945396347203 | step 1046/2656 | loss 2.2400 | sft_loss 2.1772 | or_loss 0.6282
train_step epoch 0.39427603087930707 | step 1047/2656 | loss 2.6113 | sft_loss 2.5365 | or_loss 0.7482
train_step epoch 0.39465260779514216 | step 1048/2656 | loss 2.1738 | sft_loss 2.1017 | or_loss 0.7214
train_step epoch 0.3950291847109772 | step 1049/2656 | loss 2.5959 | sft_loss 2.5301 | or_loss 0.6583
train_step epoch 0.3954057616268123 | step 1050/2656 | loss 2.6170 | sft_loss 2.5404 | or_loss 0.7665
train_step epoch 0.3957823385426473 | step 1051/2656 | loss 2.4620 | sft_loss 2.4051 | or_loss 0.5690
train_step epoch 0.3961589154584824 | step 1052/2656 | loss 2.3778 | sft_loss 2.2982 | or_loss 0.7956
train_step epoch 0.39653549237431746 | step 1053/2656 | loss 2.2478 | sft_loss 2.1832 | or_loss 0.6461
train_step epoch 0.3969120692901525 | step 1054/2656 | loss 2.1827 | sft_loss 2.1220 | or_loss 0.6074
train_step epoch 0.3972886462059876 | step 1055/2656 | loss 2.3146 | sft_loss 2.2511 | or_loss 0.6358
train_step epoch 0.3976652231218226 | step 1056/2656 | loss 2.3087 | sft_loss 2.2319 | or_loss 0.7688
train_step epoch 0.3980418000376577 | step 1057/2656 | loss 2.2731 | sft_loss 2.2139 | or_loss 0.5917
train_step epoch 0.39841837695349275 | step 1058/2656 | loss 2.3982 | sft_loss 2.3203 | or_loss 0.7789
train_step epoch 0.3987949538693278 | step 1059/2656 | loss 2.4536 | sft_loss 2.3895 | or_loss 0.6408
train_step epoch 0.3991715307851629 | step 1060/2656 | loss 2.4971 | sft_loss 2.4151 | or_loss 0.8205
train_step epoch 0.3995481077009979 | step 1061/2656 | loss 2.3231 | sft_loss 2.2537 | or_loss 0.6933
train_step epoch 0.399924684616833 | step 1062/2656 | loss 2.3736 | sft_loss 2.2981 | or_loss 0.7544
train_step epoch 0.40030126153266804 | step 1063/2656 | loss 2.1185 | sft_loss 2.0554 | or_loss 0.6310
train_step epoch 0.40067783844850313 | step 1064/2656 | loss 2.3553 | sft_loss 2.2814 | or_loss 0.7391
train_step epoch 0.40105441536433817 | step 1065/2656 | loss 2.5831 | sft_loss 2.5164 | or_loss 0.6673
train_step epoch 0.4014309922801732 | step 1066/2656 | loss 2.2427 | sft_loss 2.1660 | or_loss 0.7662
train_step epoch 0.4018075691960083 | step 1067/2656 | loss 2.2718 | sft_loss 2.2063 | or_loss 0.6553
train_step epoch 0.40218414611184333 | step 1068/2656 | loss 2.3881 | sft_loss 2.3053 | or_loss 0.8280
train_step epoch 0.4025607230276784 | step 1069/2656 | loss 2.1212 | sft_loss 2.0573 | or_loss 0.6384
train_step epoch 0.40293729994351346 | step 1070/2656 | loss 2.2571 | sft_loss 2.1850 | or_loss 0.7212
train_step epoch 0.4033138768593485 | step 1071/2656 | loss 2.4494 | sft_loss 2.3576 | or_loss 0.9185
train_step epoch 0.4036904537751836 | step 1072/2656 | loss 2.3769 | sft_loss 2.3117 | or_loss 0.6517
train_step epoch 0.4040670306910186 | step 1073/2656 | loss 2.5520 | sft_loss 2.4856 | or_loss 0.6633
train_step epoch 0.4044436076068537 | step 1074/2656 | loss 2.4166 | sft_loss 2.3496 | or_loss 0.6706
train_step epoch 0.40482018452268875 | step 1075/2656 | loss 2.5071 | sft_loss 2.4226 | or_loss 0.8454
train_step epoch 0.40519676143852384 | step 1076/2656 | loss 2.4417 | sft_loss 2.3740 | or_loss 0.6768
train_step epoch 0.4055733383543589 | step 1077/2656 | loss 2.1766 | sft_loss 2.1092 | or_loss 0.6737
train_step epoch 0.4059499152701939 | step 1078/2656 | loss 2.1939 | sft_loss 2.1168 | or_loss 0.7706
train_step epoch 0.406326492186029 | step 1079/2656 | loss 2.2454 | sft_loss 2.1747 | or_loss 0.7076
train_step epoch 0.40670306910186405 | step 1080/2656 | loss 2.4109 | sft_loss 2.3402 | or_loss 0.7070
train_step epoch 0.40707964601769914 | step 1081/2656 | loss 2.3808 | sft_loss 2.3057 | or_loss 0.7508
train_step epoch 0.4074562229335342 | step 1082/2656 | loss 2.1519 | sft_loss 2.0994 | or_loss 0.5247
train_step epoch 0.4078327998493692 | step 1083/2656 | loss 2.2463 | sft_loss 2.1608 | or_loss 0.8548
train_step epoch 0.4082093767652043 | step 1084/2656 | loss 2.4014 | sft_loss 2.3440 | or_loss 0.5741
train_step epoch 0.40858595368103934 | step 1085/2656 | loss 2.5915 | sft_loss 2.4927 | or_loss 0.9884
train_step epoch 0.40896253059687443 | step 1086/2656 | loss 2.3168 | sft_loss 2.2467 | or_loss 0.7006
train_step epoch 0.40933910751270947 | step 1087/2656 | loss 2.2879 | sft_loss 2.2031 | or_loss 0.8483
train_step epoch 0.40971568442854456 | step 1088/2656 | loss 2.5049 | sft_loss 2.4242 | or_loss 0.8067
train_step epoch 0.4100922613443796 | step 1089/2656 | loss 2.2034 | sft_loss 2.1492 | or_loss 0.5425
train_step epoch 0.41046883826021463 | step 1090/2656 | loss 2.2450 | sft_loss 2.1798 | or_loss 0.6521
train_step epoch 0.4108454151760497 | step 1091/2656 | loss 2.3488 | sft_loss 2.2766 | or_loss 0.7226
train_step epoch 0.41122199209188476 | step 1092/2656 | loss 2.1513 | sft_loss 2.0877 | or_loss 0.6360
train_step epoch 0.41159856900771985 | step 1093/2656 | loss 2.0611 | sft_loss 2.0098 | or_loss 0.5133
train_step epoch 0.4119751459235549 | step 1094/2656 | loss 2.4284 | sft_loss 2.3654 | or_loss 0.6300
train_step epoch 0.4123517228393899 | step 1095/2656 | loss 2.3137 | sft_loss 2.2498 | or_loss 0.6394
train_step epoch 0.412728299755225 | step 1096/2656 | loss 2.3863 | sft_loss 2.3200 | or_loss 0.6628
train_step epoch 0.41310487667106005 | step 1097/2656 | loss 1.9168 | sft_loss 1.8709 | or_loss 0.4587
train_step epoch 0.41348145358689514 | step 1098/2656 | loss 2.5215 | sft_loss 2.4454 | or_loss 0.7614
train_step epoch 0.4138580305027302 | step 1099/2656 | loss 2.4623 | sft_loss 2.3857 | or_loss 0.7659
train_step epoch 0.4142346074185652 | step 1100/2656 | loss 2.1560 | sft_loss 2.0919 | or_loss 0.6418
train_step epoch 0.4146111843344003 | step 1101/2656 | loss 2.3815 | sft_loss 2.2961 | or_loss 0.8535
train_step epoch 0.41498776125023534 | step 1102/2656 | loss 2.4797 | sft_loss 2.3965 | or_loss 0.8317
train_step epoch 0.41536433816607043 | step 1103/2656 | loss 2.6001 | sft_loss 2.4973 | or_loss 1.0274
train_step epoch 0.41574091508190547 | step 1104/2656 | loss 2.6929 | sft_loss 2.5888 | or_loss 1.0411
train_step epoch 0.41611749199774056 | step 1105/2656 | loss 2.3875 | sft_loss 2.3211 | or_loss 0.6639
train_step epoch 0.4164940689135756 | step 1106/2656 | loss 2.2408 | sft_loss 2.1720 | or_loss 0.6888
train_step epoch 0.41687064582941064 | step 1107/2656 | loss 2.3897 | sft_loss 2.3027 | or_loss 0.8703
train_step epoch 0.4172472227452457 | step 1108/2656 | loss 2.6590 | sft_loss 2.5736 | or_loss 0.8544
train_step epoch 0.41762379966108076 | step 1109/2656 | loss 2.2051 | sft_loss 2.1498 | or_loss 0.5533
train_step epoch 0.41800037657691586 | step 1110/2656 | loss 2.3465 | sft_loss 2.2726 | or_loss 0.7395
train_step epoch 0.4183769534927509 | step 1111/2656 | loss 2.7319 | sft_loss 2.6293 | or_loss 1.0265
train_step epoch 0.41875353040858593 | step 1112/2656 | loss 2.3031 | sft_loss 2.2445 | or_loss 0.5863
train_step epoch 0.419130107324421 | step 1113/2656 | loss 2.1423 | sft_loss 2.0898 | or_loss 0.5246
train_step epoch 0.41950668424025606 | step 1114/2656 | loss 2.1751 | sft_loss 2.1060 | or_loss 0.6908
train_step epoch 0.41988326115609115 | step 1115/2656 | loss 2.5062 | sft_loss 2.4077 | or_loss 0.9857
train_step epoch 0.4202598380719262 | step 1116/2656 | loss 2.2524 | sft_loss 2.1854 | or_loss 0.6705
train_step epoch 0.4206364149877613 | step 1117/2656 | loss 2.1502 | sft_loss 2.0869 | or_loss 0.6332
train_step epoch 0.4210129919035963 | step 1118/2656 | loss 2.5889 | sft_loss 2.5184 | or_loss 0.7054
train_step epoch 0.42138956881943135 | step 1119/2656 | loss 2.2247 | sft_loss 2.1256 | or_loss 0.9910
train_step epoch 0.42176614573526644 | step 1120/2656 | loss 2.2030 | sft_loss 2.1464 | or_loss 0.5661
train_step epoch 0.4221427226511015 | step 1121/2656 | loss 2.3292 | sft_loss 2.2692 | or_loss 0.6005
train_step epoch 0.42251929956693657 | step 1122/2656 | loss 2.2047 | sft_loss 2.1147 | or_loss 0.8997
train_step epoch 0.4228958764827716 | step 1123/2656 | loss 2.3019 | sft_loss 2.2390 | or_loss 0.6289
train_step epoch 0.42327245339860664 | step 1124/2656 | loss 2.3430 | sft_loss 2.2779 | or_loss 0.6511
train_step epoch 0.42364903031444173 | step 1125/2656 | loss 2.4562 | sft_loss 2.3743 | or_loss 0.8196
train_step epoch 0.42402560723027677 | step 1126/2656 | loss 2.4379 | sft_loss 2.3717 | or_loss 0.6621
train_step epoch 0.42440218414611186 | step 1127/2656 | loss 2.5254 | sft_loss 2.4448 | or_loss 0.8064
train_step epoch 0.4247787610619469 | step 1128/2656 | loss 2.3627 | sft_loss 2.2907 | or_loss 0.7196
train_step epoch 0.425155337977782 | step 1129/2656 | loss 2.3913 | sft_loss 2.3121 | or_loss 0.7926
train_step epoch 0.425531914893617 | step 1130/2656 | loss 2.3854 | sft_loss 2.3229 | or_loss 0.6255
train_step epoch 0.42590849180945206 | step 1131/2656 | loss 2.4220 | sft_loss 2.3268 | or_loss 0.9519
train_step epoch 0.42628506872528715 | step 1132/2656 | loss 2.3019 | sft_loss 2.2302 | or_loss 0.7176
train_step epoch 0.4266616456411222 | step 1133/2656 | loss 2.2787 | sft_loss 2.2000 | or_loss 0.7868
train_step epoch 0.4270382225569573 | step 1134/2656 | loss 2.1739 | sft_loss 2.1106 | or_loss 0.6325
train_step epoch 0.4274147994727923 | step 1135/2656 | loss 2.2249 | sft_loss 2.1515 | or_loss 0.7344
train_step epoch 0.42779137638862735 | step 1136/2656 | loss 2.5126 | sft_loss 2.4413 | or_loss 0.7132
train_step epoch 0.42816795330446245 | step 1137/2656 | loss 2.4223 | sft_loss 2.3504 | or_loss 0.7195
train_step epoch 0.4285445302202975 | step 1138/2656 | loss 2.3095 | sft_loss 2.2528 | or_loss 0.5664
train_step epoch 0.4289211071361326 | step 1139/2656 | loss 2.3842 | sft_loss 2.3029 | or_loss 0.8128
train_step epoch 0.4292976840519676 | step 1140/2656 | loss 2.6848 | sft_loss 2.5710 | or_loss 1.1374
train_step epoch 0.4296742609678027 | step 1141/2656 | loss 2.3993 | sft_loss 2.3438 | or_loss 0.5552
train_step epoch 0.43005083788363774 | step 1142/2656 | loss 2.4760 | sft_loss 2.4082 | or_loss 0.6782
train_step epoch 0.4304274147994728 | step 1143/2656 | loss 2.3945 | sft_loss 2.3215 | or_loss 0.7294
train_step epoch 0.43080399171530787 | step 1144/2656 | loss 2.0186 | sft_loss 1.9498 | or_loss 0.6885
train_step epoch 0.4311805686311429 | step 1145/2656 | loss 2.4673 | sft_loss 2.3924 | or_loss 0.7489
train_step epoch 0.431557145546978 | step 1146/2656 | loss 2.4469 | sft_loss 2.3946 | or_loss 0.5230
train_step epoch 0.43193372246281303 | step 1147/2656 | loss 2.5019 | sft_loss 2.4386 | or_loss 0.6331
train_step epoch 0.43231029937864807 | step 1148/2656 | loss 2.4718 | sft_loss 2.4063 | or_loss 0.6552
train_step epoch 0.43268687629448316 | step 1149/2656 | loss 2.0745 | sft_loss 2.0020 | or_loss 0.7250
train_step epoch 0.4330634532103182 | step 1150/2656 | loss 2.2854 | sft_loss 2.2404 | or_loss 0.4499
train_step epoch 0.4334400301261533 | step 1151/2656 | loss 2.3072 | sft_loss 2.2519 | or_loss 0.5530
train_step epoch 0.4338166070419883 | step 1152/2656 | loss 2.2072 | sft_loss 2.1292 | or_loss 0.7793
train_step epoch 0.43419318395782336 | step 1153/2656 | loss 2.2864 | sft_loss 2.2270 | or_loss 0.5943
train_step epoch 0.43456976087365845 | step 1154/2656 | loss 2.3466 | sft_loss 2.2822 | or_loss 0.6440
train_step epoch 0.4349463377894935 | step 1155/2656 | loss 2.1601 | sft_loss 2.0979 | or_loss 0.6223
train_step epoch 0.4353229147053286 | step 1156/2656 | loss 2.3808 | sft_loss 2.3007 | or_loss 0.8003
train_step epoch 0.4356994916211636 | step 1157/2656 | loss 2.3971 | sft_loss 2.3221 | or_loss 0.7496
train_step epoch 0.4360760685369987 | step 1158/2656 | loss 2.4494 | sft_loss 2.3534 | or_loss 0.9594
train_step epoch 0.43645264545283374 | step 1159/2656 | loss 2.2649 | sft_loss 2.2009 | or_loss 0.6401
train_step epoch 0.4368292223686688 | step 1160/2656 | loss 2.1709 | sft_loss 2.1034 | or_loss 0.6751
train_step epoch 0.43720579928450387 | step 1161/2656 | loss 2.3248 | sft_loss 2.2424 | or_loss 0.8239
train_step epoch 0.4375823762003389 | step 1162/2656 | loss 2.7287 | sft_loss 2.6416 | or_loss 0.8701
train_step epoch 0.437958953116174 | step 1163/2656 | loss 2.7447 | sft_loss 2.6652 | or_loss 0.7950
train_step epoch 0.43833553003200904 | step 1164/2656 | loss 2.5022 | sft_loss 2.4289 | or_loss 0.7329
train_step epoch 0.43871210694784407 | step 1165/2656 | loss 2.4587 | sft_loss 2.4019 | or_loss 0.5678
train_step epoch 0.43908868386367916 | step 1166/2656 | loss 2.6616 | sft_loss 2.5831 | or_loss 0.7855
train_step epoch 0.4394652607795142 | step 1167/2656 | loss 2.4447 | sft_loss 2.3665 | or_loss 0.7820
train_step epoch 0.4398418376953493 | step 1168/2656 | loss 2.4384 | sft_loss 2.3571 | or_loss 0.8125
train_step epoch 0.4402184146111843 | step 1169/2656 | loss 2.4859 | sft_loss 2.3926 | or_loss 0.9332
train_step epoch 0.4405949915270194 | step 1170/2656 | loss 2.1910 | sft_loss 2.1174 | or_loss 0.7365
train_step epoch 0.44097156844285446 | step 1171/2656 | loss 2.3923 | sft_loss 2.3217 | or_loss 0.7064
train_step epoch 0.4413481453586895 | step 1172/2656 | loss 2.3501 | sft_loss 2.2785 | or_loss 0.7158
train_step epoch 0.4417247222745246 | step 1173/2656 | loss 2.3622 | sft_loss 2.2889 | or_loss 0.7323
train_step epoch 0.4421012991903596 | step 1174/2656 | loss 2.5724 | sft_loss 2.4931 | or_loss 0.7928
train_step epoch 0.4424778761061947 | step 1175/2656 | loss 2.5308 | sft_loss 2.4505 | or_loss 0.8029
train_step epoch 0.44285445302202975 | step 1176/2656 | loss 2.2225 | sft_loss 2.1630 | or_loss 0.5949
train_step epoch 0.4432310299378648 | step 1177/2656 | loss 2.2470 | sft_loss 2.1753 | or_loss 0.7169
train_step epoch 0.4436076068536999 | step 1178/2656 | loss 2.2884 | sft_loss 2.2195 | or_loss 0.6895
train_step epoch 0.4439841837695349 | step 1179/2656 | loss 2.5855 | sft_loss 2.4979 | or_loss 0.8755
train_step epoch 0.44436076068537 | step 1180/2656 | loss 2.0484 | sft_loss 1.9822 | or_loss 0.6617
train_step epoch 0.44473733760120504 | step 1181/2656 | loss 2.4220 | sft_loss 2.3514 | or_loss 0.7060
train_step epoch 0.44511391451704013 | step 1182/2656 | loss 2.3354 | sft_loss 2.2775 | or_loss 0.5786
train_step epoch 0.44549049143287517 | step 1183/2656 | loss 2.3841 | sft_loss 2.3165 | or_loss 0.6761
train_step epoch 0.4458670683487102 | step 1184/2656 | loss 2.3073 | sft_loss 2.2251 | or_loss 0.8224
train_step epoch 0.4462436452645453 | step 1185/2656 | loss 1.9453 | sft_loss 1.8925 | or_loss 0.5275
train_step epoch 0.44662022218038033 | step 1186/2656 | loss 2.4607 | sft_loss 2.3843 | or_loss 0.7638
train_step epoch 0.4469967990962154 | step 1187/2656 | loss 2.2750 | sft_loss 2.2121 | or_loss 0.6284
train_step epoch 0.44737337601205046 | step 1188/2656 | loss 2.7726 | sft_loss 2.6643 | or_loss 1.0832
train_step epoch 0.4477499529278855 | step 1189/2656 | loss 2.2212 | sft_loss 2.1498 | or_loss 0.7140
train_step epoch 0.4481265298437206 | step 1190/2656 | loss 2.1137 | sft_loss 2.0401 | or_loss 0.7352
train_step epoch 0.4485031067595556 | step 1191/2656 | loss 2.2707 | sft_loss 2.2002 | or_loss 0.7053
train_step epoch 0.4488796836753907 | step 1192/2656 | loss 2.3236 | sft_loss 2.2496 | or_loss 0.7398
train_step epoch 0.44925626059122575 | step 1193/2656 | loss 2.3738 | sft_loss 2.2950 | or_loss 0.7882
train_step epoch 0.4496328375070608 | step 1194/2656 | loss 2.3426 | sft_loss 2.2832 | or_loss 0.5941
train_step epoch 0.4500094144228959 | step 1195/2656 | loss 2.0072 | sft_loss 1.9526 | or_loss 0.5462
train_step epoch 0.4503859913387309 | step 1196/2656 | loss 2.6527 | sft_loss 2.5690 | or_loss 0.8370
train_step epoch 0.450762568254566 | step 1197/2656 | loss 2.4217 | sft_loss 2.3567 | or_loss 0.6500
train_step epoch 0.45113914517040105 | step 1198/2656 | loss 2.4897 | sft_loss 2.3995 | or_loss 0.9023
train_step epoch 0.45151572208623614 | step 1199/2656 | loss 2.6228 | sft_loss 2.5420 | or_loss 0.8080
train_step epoch 0.4518922990020712 | step 1200/2656 | loss 2.3776 | sft_loss 2.3005 | or_loss 0.7710
train_step epoch 0.4522688759179062 | step 1201/2656 | loss 2.4636 | sft_loss 2.3820 | or_loss 0.8153
train_step epoch 0.4526454528337413 | step 1202/2656 | loss 2.4155 | sft_loss 2.3446 | or_loss 0.7085
train_step epoch 0.45302202974957634 | step 1203/2656 | loss 2.2830 | sft_loss 2.2151 | or_loss 0.6788
train_step epoch 0.45339860666541143 | step 1204/2656 | loss 2.4831 | sft_loss 2.3920 | or_loss 0.9112
train_step epoch 0.45377518358124647 | step 1205/2656 | loss 2.2812 | sft_loss 2.2155 | or_loss 0.6567
train_step epoch 0.4541517604970815 | step 1206/2656 | loss 2.2372 | sft_loss 2.1854 | or_loss 0.5181
train_step epoch 0.4545283374129166 | step 1207/2656 | loss 2.2523 | sft_loss 2.1818 | or_loss 0.7056
train_step epoch 0.45490491432875163 | step 1208/2656 | loss 2.5728 | sft_loss 2.5041 | or_loss 0.6879
train_step epoch 0.4552814912445867 | step 1209/2656 | loss 2.1968 | sft_loss 2.1327 | or_loss 0.6414
train_step epoch 0.45565806816042176 | step 1210/2656 | loss 2.3429 | sft_loss 2.2735 | or_loss 0.6937
train_step epoch 0.45603464507625685 | step 1211/2656 | loss 2.3357 | sft_loss 2.2769 | or_loss 0.5882
train_step epoch 0.4564112219920919 | step 1212/2656 | loss 2.4288 | sft_loss 2.3126 | or_loss 1.1618
train_step epoch 0.4567877989079269 | step 1213/2656 | loss 2.4245 | sft_loss 2.3567 | or_loss 0.6781
train_step epoch 0.457164375823762 | step 1214/2656 | loss 2.2373 | sft_loss 2.1747 | or_loss 0.6264
train_step epoch 0.45754095273959705 | step 1215/2656 | loss 2.3705 | sft_loss 2.3171 | or_loss 0.5343
train_step epoch 0.45791752965543214 | step 1216/2656 | loss 2.6576 | sft_loss 2.5894 | or_loss 0.6820
train_step epoch 0.4582941065712672 | step 1217/2656 | loss 2.3664 | sft_loss 2.3057 | or_loss 0.6070
train_step epoch 0.4586706834871022 | step 1218/2656 | loss 2.3501 | sft_loss 2.2818 | or_loss 0.6834
train_step epoch 0.4590472604029373 | step 1219/2656 | loss 2.1386 | sft_loss 2.0761 | or_loss 0.6245
train_step epoch 0.45942383731877234 | step 1220/2656 | loss 2.4112 | sft_loss 2.3403 | or_loss 0.7096
train_step epoch 0.45980041423460744 | step 1221/2656 | loss 2.0991 | sft_loss 2.0410 | or_loss 0.5813
train_step epoch 0.46017699115044247 | step 1222/2656 | loss 2.2451 | sft_loss 2.1764 | or_loss 0.6869
train_step epoch 0.46055356806627756 | step 1223/2656 | loss 2.3261 | sft_loss 2.2491 | or_loss 0.7705
train_step epoch 0.4609301449821126 | step 1224/2656 | loss 2.2404 | sft_loss 2.1666 | or_loss 0.7386
train_step epoch 0.46130672189794764 | step 1225/2656 | loss 2.4128 | sft_loss 2.3305 | or_loss 0.8230
train_step epoch 0.4616832988137827 | step 1226/2656 | loss 2.1895 | sft_loss 2.1240 | or_loss 0.6552
train_step epoch 0.46205987572961776 | step 1227/2656 | loss 2.6169 | sft_loss 2.5349 | or_loss 0.8201
train_step epoch 0.46243645264545286 | step 1228/2656 | loss 2.2671 | sft_loss 2.2044 | or_loss 0.6276
train_step epoch 0.4628130295612879 | step 1229/2656 | loss 2.2021 | sft_loss 2.1298 | or_loss 0.7234
train_step epoch 0.46318960647712293 | step 1230/2656 | loss 2.5560 | sft_loss 2.4923 | or_loss 0.6363
train_step epoch 0.463566183392958 | step 1231/2656 | loss 2.4018 | sft_loss 2.3438 | or_loss 0.5797
train_step epoch 0.46394276030879306 | step 1232/2656 | loss 2.3943 | sft_loss 2.3274 | or_loss 0.6691
train_step epoch 0.46431933722462815 | step 1233/2656 | loss 2.2393 | sft_loss 2.1829 | or_loss 0.5649
train_step epoch 0.4646959141404632 | step 1234/2656 | loss 2.3389 | sft_loss 2.2844 | or_loss 0.5449
train_step epoch 0.4650724910562983 | step 1235/2656 | loss 2.3086 | sft_loss 2.2460 | or_loss 0.6261
train_step epoch 0.4654490679721333 | step 1236/2656 | loss 2.4201 | sft_loss 2.3488 | or_loss 0.7130
train_step epoch 0.46582564488796835 | step 1237/2656 | loss 2.2438 | sft_loss 2.1915 | or_loss 0.5226
train_step epoch 0.46620222180380344 | step 1238/2656 | loss 2.1588 | sft_loss 2.0590 | or_loss 0.9983
train_step epoch 0.4665787987196385 | step 1239/2656 | loss 2.5771 | sft_loss 2.4985 | or_loss 0.7861
train_step epoch 0.46695537563547357 | step 1240/2656 | loss 2.0358 | sft_loss 1.9731 | or_loss 0.6275
train_step epoch 0.4673319525513086 | step 1241/2656 | loss 2.2741 | sft_loss 2.1868 | or_loss 0.8734
train_step epoch 0.46770852946714364 | step 1242/2656 | loss 2.3467 | sft_loss 2.2831 | or_loss 0.6359
train_step epoch 0.46808510638297873 | step 1243/2656 | loss 2.3446 | sft_loss 2.2643 | or_loss 0.8027
train_step epoch 0.46846168329881377 | step 1244/2656 | loss 2.4912 | sft_loss 2.4284 | or_loss 0.6285
train_step epoch 0.46883826021464886 | step 1245/2656 | loss 2.3125 | sft_loss 2.2543 | or_loss 0.5816
train_step epoch 0.4692148371304839 | step 1246/2656 | loss 2.1493 | sft_loss 2.0798 | or_loss 0.6942
train_step epoch 0.46959141404631893 | step 1247/2656 | loss 2.4037 | sft_loss 2.2944 | or_loss 1.0928
train_step epoch 0.469967990962154 | step 1248/2656 | loss 2.4859 | sft_loss 2.4060 | or_loss 0.7996
train_step epoch 0.47034456787798906 | step 1249/2656 | loss 2.3455 | sft_loss 2.2669 | or_loss 0.7861
train_step epoch 0.47072114479382415 | step 1250/2656 | loss 2.3859 | sft_loss 2.3327 | or_loss 0.5324
train_step epoch 0.4710977217096592 | step 1251/2656 | loss 2.3785 | sft_loss 2.3150 | or_loss 0.6356
train_step epoch 0.4714742986254943 | step 1252/2656 | loss 2.5701 | sft_loss 2.4890 | or_loss 0.8113
train_step epoch 0.4718508755413293 | step 1253/2656 | loss 2.5888 | sft_loss 2.5142 | or_loss 0.7463
train_step epoch 0.47222745245716435 | step 1254/2656 | loss 2.5100 | sft_loss 2.4338 | or_loss 0.7625
train_step epoch 0.47260402937299945 | step 1255/2656 | loss 2.4412 | sft_loss 2.3622 | or_loss 0.7894
train_step epoch 0.4729806062888345 | step 1256/2656 | loss 2.6753 | sft_loss 2.5876 | or_loss 0.8767
train_step epoch 0.4733571832046696 | step 1257/2656 | loss 2.4612 | sft_loss 2.3910 | or_loss 0.7023
train_step epoch 0.4737337601205046 | step 1258/2656 | loss 2.2693 | sft_loss 2.1936 | or_loss 0.7572
train_step epoch 0.47411033703633965 | step 1259/2656 | loss 2.3943 | sft_loss 2.3408 | or_loss 0.5349
train_step epoch 0.47448691395217474 | step 1260/2656 | loss 2.3280 | sft_loss 2.2555 | or_loss 0.7250
train_step epoch 0.4748634908680098 | step 1261/2656 | loss 2.2045 | sft_loss 2.1478 | or_loss 0.5665
train_step epoch 0.47524006778384487 | step 1262/2656 | loss 2.6010 | sft_loss 2.5079 | or_loss 0.9301
train_step epoch 0.4756166446996799 | step 1263/2656 | loss 2.5070 | sft_loss 2.4159 | or_loss 0.9112
train_step epoch 0.475993221615515 | step 1264/2656 | loss 2.3074 | sft_loss 2.2446 | or_loss 0.6281
train_step epoch 0.47636979853135003 | step 1265/2656 | loss 2.2228 | sft_loss 2.1472 | or_loss 0.7558
train_step epoch 0.47674637544718507 | step 1266/2656 | loss 2.0713 | sft_loss 2.0211 | or_loss 0.5014
train_step epoch 0.47712295236302016 | step 1267/2656 | loss 2.4174 | sft_loss 2.3469 | or_loss 0.7051
train_step epoch 0.4774995292788552 | step 1268/2656 | loss 2.5870 | sft_loss 2.5019 | or_loss 0.8504
train_step epoch 0.4778761061946903 | step 1269/2656 | loss 2.5059 | sft_loss 2.4375 | or_loss 0.6841
train_step epoch 0.4782526831105253 | step 1270/2656 | loss 2.6067 | sft_loss 2.5172 | or_loss 0.8956
train_step epoch 0.47862926002636036 | step 1271/2656 | loss 2.6665 | sft_loss 2.5744 | or_loss 0.9214
train_step epoch 0.47900583694219545 | step 1272/2656 | loss 2.3342 | sft_loss 2.2591 | or_loss 0.7514
train_step epoch 0.4793824138580305 | step 1273/2656 | loss 2.2177 | sft_loss 2.1450 | or_loss 0.7264
train_step epoch 0.4797589907738656 | step 1274/2656 | loss 2.2478 | sft_loss 2.1866 | or_loss 0.6120
train_step epoch 0.4801355676897006 | step 1275/2656 | loss 2.4209 | sft_loss 2.3425 | or_loss 0.7847
train_step epoch 0.4805121446055357 | step 1276/2656 | loss 2.2488 | sft_loss 2.1938 | or_loss 0.5500
train_step epoch 0.48088872152137074 | step 1277/2656 | loss 2.4711 | sft_loss 2.3984 | or_loss 0.7278
train_step epoch 0.4812652984372058 | step 1278/2656 | loss 2.4164 | sft_loss 2.3396 | or_loss 0.7686
train_step epoch 0.48164187535304087 | step 1279/2656 | loss 2.3708 | sft_loss 2.3093 | or_loss 0.6151
train_step epoch 0.4820184522688759 | step 1280/2656 | loss 2.5571 | sft_loss 2.4691 | or_loss 0.8801
train_step epoch 0.482395029184711 | step 1281/2656 | loss 2.2234 | sft_loss 2.1534 | or_loss 0.6997
train_step epoch 0.48277160610054604 | step 1282/2656 | loss 2.3084 | sft_loss 2.2432 | or_loss 0.6520
train_step epoch 0.48314818301638107 | step 1283/2656 | loss 2.4574 | sft_loss 2.3689 | or_loss 0.8850
train_step epoch 0.48352475993221616 | step 1284/2656 | loss 2.5117 | sft_loss 2.4400 | or_loss 0.7167
train_step epoch 0.4839013368480512 | step 1285/2656 | loss 2.5398 | sft_loss 2.4449 | or_loss 0.9485
train_step epoch 0.4842779137638863 | step 1286/2656 | loss 2.3939 | sft_loss 2.3221 | or_loss 0.7177
train_step epoch 0.48465449067972133 | step 1287/2656 | loss 2.3381 | sft_loss 2.2576 | or_loss 0.8041
train_step epoch 0.4850310675955564 | step 1288/2656 | loss 2.2191 | sft_loss 2.1408 | or_loss 0.7837
train_step epoch 0.48540764451139146 | step 1289/2656 | loss 2.7073 | sft_loss 2.6088 | or_loss 0.9853
train_step epoch 0.4857842214272265 | step 1290/2656 | loss 1.9427 | sft_loss 1.8861 | or_loss 0.5657
train_step epoch 0.4861607983430616 | step 1291/2656 | loss 2.3604 | sft_loss 2.2921 | or_loss 0.6832
train_step epoch 0.4865373752588966 | step 1292/2656 | loss 2.2657 | sft_loss 2.2072 | or_loss 0.5856
train_step epoch 0.4869139521747317 | step 1293/2656 | loss 2.3995 | sft_loss 2.3259 | or_loss 0.7359
train_step epoch 0.48729052909056675 | step 1294/2656 | loss 2.5616 | sft_loss 2.4869 | or_loss 0.7470
train_step epoch 0.4876671060064018 | step 1295/2656 | loss 2.2154 | sft_loss 2.1441 | or_loss 0.7134
train_step epoch 0.4880436829222369 | step 1296/2656 | loss 2.2521 | sft_loss 2.1753 | or_loss 0.7685
train_step epoch 0.4884202598380719 | step 1297/2656 | loss 2.4235 | sft_loss 2.3539 | or_loss 0.6960
train_step epoch 0.488796836753907 | step 1298/2656 | loss 2.5156 | sft_loss 2.4629 | or_loss 0.5269
train_step epoch 0.48917341366974204 | step 1299/2656 | loss 2.4475 | sft_loss 2.3682 | or_loss 0.7924
train_step epoch 0.4895499905855771 | step 1300/2656 | loss 2.3984 | sft_loss 2.3170 | or_loss 0.8144
train_step epoch 0.48992656750141217 | step 1301/2656 | loss 2.3819 | sft_loss 2.3031 | or_loss 0.7879
train_step epoch 0.4903031444172472 | step 1302/2656 | loss 2.2876 | sft_loss 2.2320 | or_loss 0.5559
train_step epoch 0.4906797213330823 | step 1303/2656 | loss 2.0555 | sft_loss 2.0000 | or_loss 0.5548
train_step epoch 0.49105629824891733 | step 1304/2656 | loss 2.5216 | sft_loss 2.4369 | or_loss 0.8471
train_step epoch 0.4914328751647524 | step 1305/2656 | loss 2.1476 | sft_loss 2.0781 | or_loss 0.6945
train_step epoch 0.49180945208058746 | step 1306/2656 | loss 2.2172 | sft_loss 2.1373 | or_loss 0.7991
train_step epoch 0.4921860289964225 | step 1307/2656 | loss 2.3307 | sft_loss 2.2647 | or_loss 0.6593
train_step epoch 0.4925626059122576 | step 1308/2656 | loss 2.2935 | sft_loss 2.2114 | or_loss 0.8211
train_step epoch 0.4929391828280926 | step 1309/2656 | loss 2.5187 | sft_loss 2.4452 | or_loss 0.7350
train_step epoch 0.4933157597439277 | step 1310/2656 | loss 2.2945 | sft_loss 2.2168 | or_loss 0.7773
train_step epoch 0.49369233665976275 | step 1311/2656 | loss 2.4165 | sft_loss 2.3465 | or_loss 0.7000
train_step epoch 0.4940689135755978 | step 1312/2656 | loss 2.2322 | sft_loss 2.1701 | or_loss 0.6209
train_step epoch 0.4944454904914329 | step 1313/2656 | loss 2.2516 | sft_loss 2.1792 | or_loss 0.7241
train_step epoch 0.4948220674072679 | step 1314/2656 | loss 2.3775 | sft_loss 2.2856 | or_loss 0.9197
train_step epoch 0.495198644323103 | step 1315/2656 | loss 2.4998 | sft_loss 2.4180 | or_loss 0.8186
train_step epoch 0.49557522123893805 | step 1316/2656 | loss 2.3254 | sft_loss 2.2622 | or_loss 0.6327
train_step epoch 0.49595179815477314 | step 1317/2656 | loss 2.4523 | sft_loss 2.3771 | or_loss 0.7518
train_step epoch 0.4963283750706082 | step 1318/2656 | loss 2.5284 | sft_loss 2.4267 | or_loss 1.0166
train_step epoch 0.4967049519864432 | step 1319/2656 | loss 2.2179 | sft_loss 2.1561 | or_loss 0.6174
train_step epoch 0.4970815289022783 | step 1320/2656 | loss 2.2148 | sft_loss 2.1549 | or_loss 0.5983
train_step epoch 0.49745810581811334 | step 1321/2656 | loss 2.4008 | sft_loss 2.3283 | or_loss 0.7250
train_step epoch 0.49783468273394843 | step 1322/2656 | loss 2.3129 | sft_loss 2.2437 | or_loss 0.6921
train_step epoch 0.49821125964978347 | step 1323/2656 | loss 2.3401 | sft_loss 2.2756 | or_loss 0.6447
train_step epoch 0.4985878365656185 | step 1324/2656 | loss 2.4611 | sft_loss 2.3671 | or_loss 0.9408
train_step epoch 0.4989644134814536 | step 1325/2656 | loss 2.2884 | sft_loss 2.2250 | or_loss 0.6332
train_step epoch 0.49934099039728863 | step 1326/2656 | loss 2.4539 | sft_loss 2.3912 | or_loss 0.6268
train_step epoch 0.4997175673131237 | step 1327/2656 | loss 2.2878 | sft_loss 2.2305 | or_loss 0.5736
train_step epoch 0.5000941442289588 | step 1328/2656 | loss 2.6967 | sft_loss 2.6166 | or_loss 0.8017
train_step epoch 0.5004707211447939 | step 1329/2656 | loss 2.1409 | sft_loss 2.0804 | or_loss 0.6046
train_step epoch 0.5008472980606289 | step 1330/2656 | loss 2.6394 | sft_loss 2.5760 | or_loss 0.6336
train_step epoch 0.5012238749764639 | step 1331/2656 | loss 2.6513 | sft_loss 2.5500 | or_loss 1.0132
train_step epoch 0.501600451892299 | step 1332/2656 | loss 2.2765 | sft_loss 2.1898 | or_loss 0.8668
train_step epoch 0.5019770288081341 | step 1333/2656 | loss 2.4182 | sft_loss 2.3533 | or_loss 0.6490
train_step epoch 0.5023536057239691 | step 1334/2656 | loss 2.2505 | sft_loss 2.1833 | or_loss 0.6724
train_step epoch 0.5027301826398042 | step 1335/2656 | loss 2.3246 | sft_loss 2.2553 | or_loss 0.6925
train_step epoch 0.5031067595556392 | step 1336/2656 | loss 2.3603 | sft_loss 2.2927 | or_loss 0.6762
train_step epoch 0.5034833364714743 | step 1337/2656 | loss 2.1999 | sft_loss 2.1319 | or_loss 0.6802
train_step epoch 0.5038599133873094 | step 1338/2656 | loss 2.4105 | sft_loss 2.3381 | or_loss 0.7242
train_step epoch 0.5042364903031444 | step 1339/2656 | loss 2.3162 | sft_loss 2.2330 | or_loss 0.8320
train_step epoch 0.5046130672189795 | step 1340/2656 | loss 2.4294 | sft_loss 2.3551 | or_loss 0.7422
train_step epoch 0.5049896441348145 | step 1341/2656 | loss 2.1614 | sft_loss 2.0872 | or_loss 0.7424
train_step epoch 0.5053662210506495 | step 1342/2656 | loss 2.6532 | sft_loss 2.5842 | or_loss 0.6909
train_step epoch 0.5057427979664847 | step 1343/2656 | loss 2.3498 | sft_loss 2.2891 | or_loss 0.6071
train_step epoch 0.5061193748823197 | step 1344/2656 | loss 2.3532 | sft_loss 2.2774 | or_loss 0.7582
train_step epoch 0.5064959517981548 | step 1345/2656 | loss 2.4999 | sft_loss 2.4202 | or_loss 0.7971
train_step epoch 0.5068725287139898 | step 1346/2656 | loss 2.2945 | sft_loss 2.2157 | or_loss 0.7880
train_step epoch 0.5072491056298248 | step 1347/2656 | loss 2.5102 | sft_loss 2.4395 | or_loss 0.7066
train_step epoch 0.50762568254566 | step 1348/2656 | loss 2.4066 | sft_loss 2.3389 | or_loss 0.6764
train_step epoch 0.508002259461495 | step 1349/2656 | loss 2.3085 | sft_loss 2.2285 | or_loss 0.8000
train_step epoch 0.5083788363773301 | step 1350/2656 | loss 1.9186 | sft_loss 1.8681 | or_loss 0.5042
train_step epoch 0.5087554132931651 | step 1351/2656 | loss 2.3569 | sft_loss 2.2802 | or_loss 0.7674
train_step epoch 0.5091319902090002 | step 1352/2656 | loss 2.4547 | sft_loss 2.3748 | or_loss 0.7987
train_step epoch 0.5095085671248353 | step 1353/2656 | loss 2.5313 | sft_loss 2.4628 | or_loss 0.6852
train_step epoch 0.5098851440406703 | step 1354/2656 | loss 2.4151 | sft_loss 2.3622 | or_loss 0.5295
train_step epoch 0.5102617209565053 | step 1355/2656 | loss 2.2295 | sft_loss 2.1688 | or_loss 0.6067
train_step epoch 0.5106382978723404 | step 1356/2656 | loss 2.3293 | sft_loss 2.2622 | or_loss 0.6705
train_step epoch 0.5110148747881755 | step 1357/2656 | loss 2.3713 | sft_loss 2.2676 | or_loss 1.0373
train_step epoch 0.5113914517040106 | step 1358/2656 | loss 2.4487 | sft_loss 2.3640 | or_loss 0.8470
train_step epoch 0.5117680286198456 | step 1359/2656 | loss 2.3179 | sft_loss 2.2570 | or_loss 0.6096
train_step epoch 0.5121446055356806 | step 1360/2656 | loss 2.5572 | sft_loss 2.4893 | or_loss 0.6798
train_step epoch 0.5125211824515157 | step 1361/2656 | loss 2.2123 | sft_loss 2.1498 | or_loss 0.6251
train_step epoch 0.5128977593673508 | step 1362/2656 | loss 2.4708 | sft_loss 2.3968 | or_loss 0.7402
train_step epoch 0.5132743362831859 | step 1363/2656 | loss 2.4983 | sft_loss 2.4193 | or_loss 0.7899
train_step epoch 0.5136509131990209 | step 1364/2656 | loss 2.4012 | sft_loss 2.3240 | or_loss 0.7714
train_step epoch 0.5140274901148559 | step 1365/2656 | loss 2.4807 | sft_loss 2.4082 | or_loss 0.7247
train_step epoch 0.514404067030691 | step 1366/2656 | loss 2.1766 | sft_loss 2.1191 | or_loss 0.5753
train_step epoch 0.5147806439465261 | step 1367/2656 | loss 2.1936 | sft_loss 2.1344 | or_loss 0.5913
train_step epoch 0.5151572208623612 | step 1368/2656 | loss 1.9526 | sft_loss 1.8824 | or_loss 0.7016
train_step epoch 0.5155337977781962 | step 1369/2656 | loss 2.6311 | sft_loss 2.5505 | or_loss 0.8060
train_step epoch 0.5159103746940312 | step 1370/2656 | loss 2.2706 | sft_loss 2.2006 | or_loss 0.6997
train_step epoch 0.5162869516098663 | step 1371/2656 | loss 2.3586 | sft_loss 2.2960 | or_loss 0.6261
train_step epoch 0.5166635285257014 | step 1372/2656 | loss 2.4748 | sft_loss 2.3850 | or_loss 0.8979
train_step epoch 0.5170401054415364 | step 1373/2656 | loss 2.2363 | sft_loss 2.1798 | or_loss 0.5651
train_step epoch 0.5174166823573715 | step 1374/2656 | loss 2.2014 | sft_loss 2.1525 | or_loss 0.4888
train_step epoch 0.5177932592732065 | step 1375/2656 | loss 2.5084 | sft_loss 2.4236 | or_loss 0.8481
train_step epoch 0.5181698361890417 | step 1376/2656 | loss 2.2821 | sft_loss 2.2207 | or_loss 0.6145
train_step epoch 0.5185464131048767 | step 1377/2656 | loss 2.3832 | sft_loss 2.3340 | or_loss 0.4921
train_step epoch 0.5189229900207117 | step 1378/2656 | loss 2.3508 | sft_loss 2.2840 | or_loss 0.6678
train_step epoch 0.5192995669365468 | step 1379/2656 | loss 2.4180 | sft_loss 2.3214 | or_loss 0.9660
train_step epoch 0.5196761438523818 | step 1380/2656 | loss 2.4709 | sft_loss 2.4058 | or_loss 0.6502
train_step epoch 0.520052720768217 | step 1381/2656 | loss 2.2900 | sft_loss 2.2123 | or_loss 0.7769
train_step epoch 0.520429297684052 | step 1382/2656 | loss 2.4247 | sft_loss 2.3509 | or_loss 0.7380
train_step epoch 0.520805874599887 | step 1383/2656 | loss 2.5218 | sft_loss 2.4463 | or_loss 0.7553
train_step epoch 0.5211824515157221 | step 1384/2656 | loss 2.4325 | sft_loss 2.3515 | or_loss 0.8099
train_step epoch 0.5215590284315571 | step 1385/2656 | loss 2.4793 | sft_loss 2.3989 | or_loss 0.8039
train_step epoch 0.5219356053473923 | step 1386/2656 | loss 2.2681 | sft_loss 2.2039 | or_loss 0.6418
train_step epoch 0.5223121822632273 | step 1387/2656 | loss 2.2903 | sft_loss 2.2284 | or_loss 0.6186
train_step epoch 0.5226887591790623 | step 1388/2656 | loss 2.3414 | sft_loss 2.2666 | or_loss 0.7475
train_step epoch 0.5230653360948974 | step 1389/2656 | loss 2.3741 | sft_loss 2.2946 | or_loss 0.7952
train_step epoch 0.5234419130107324 | step 1390/2656 | loss 2.1814 | sft_loss 2.1338 | or_loss 0.4763
train_step epoch 0.5238184899265675 | step 1391/2656 | loss 2.2041 | sft_loss 2.1245 | or_loss 0.7955
train_step epoch 0.5241950668424026 | step 1392/2656 | loss 2.3324 | sft_loss 2.2841 | or_loss 0.4829
train_step epoch 0.5245716437582376 | step 1393/2656 | loss 2.3085 | sft_loss 2.2452 | or_loss 0.6332
train_step epoch 0.5249482206740727 | step 1394/2656 | loss 2.2338 | sft_loss 2.1597 | or_loss 0.7412
train_step epoch 0.5253247975899077 | step 1395/2656 | loss 2.4133 | sft_loss 2.3364 | or_loss 0.7692
train_step epoch 0.5257013745057428 | step 1396/2656 | loss 2.4520 | sft_loss 2.3788 | or_loss 0.7315
train_step epoch 0.5260779514215779 | step 1397/2656 | loss 2.2594 | sft_loss 2.2026 | or_loss 0.5685
train_step epoch 0.5264545283374129 | step 1398/2656 | loss 2.3774 | sft_loss 2.3160 | or_loss 0.6134
train_step epoch 0.5268311052532479 | step 1399/2656 | loss 2.0491 | sft_loss 1.9819 | or_loss 0.6720
train_step epoch 0.527207682169083 | step 1400/2656 | loss 2.2297 | sft_loss 2.1690 | or_loss 0.6069
train_step epoch 0.5275842590849181 | step 1401/2656 | loss 2.0636 | sft_loss 2.0009 | or_loss 0.6262
train_step epoch 0.5279608360007532 | step 1402/2656 | loss 2.2133 | sft_loss 2.1472 | or_loss 0.6611
train_step epoch 0.5283374129165882 | step 1403/2656 | loss 2.5090 | sft_loss 2.4543 | or_loss 0.5475
train_step epoch 0.5287139898324232 | step 1404/2656 | loss 2.2593 | sft_loss 2.1846 | or_loss 0.7475
train_step epoch 0.5290905667482584 | step 1405/2656 | loss 2.1307 | sft_loss 2.0741 | or_loss 0.5657
train_step epoch 0.5294671436640934 | step 1406/2656 | loss 2.4574 | sft_loss 2.3320 | or_loss 1.2531
train_step epoch 0.5298437205799285 | step 1407/2656 | loss 2.0968 | sft_loss 2.0404 | or_loss 0.5639
train_step epoch 0.5302202974957635 | step 1408/2656 | loss 2.1793 | sft_loss 2.0856 | or_loss 0.9376
train_step epoch 0.5305968744115985 | step 1409/2656 | loss 2.7626 | sft_loss 2.6642 | or_loss 0.9833
train_step epoch 0.5309734513274337 | step 1410/2656 | loss 2.3348 | sft_loss 2.2617 | or_loss 0.7302
train_step epoch 0.5313500282432687 | step 1411/2656 | loss 2.2781 | sft_loss 2.2176 | or_loss 0.6049
train_step epoch 0.5317266051591037 | step 1412/2656 | loss 2.4024 | sft_loss 2.3337 | or_loss 0.6869
train_step epoch 0.5321031820749388 | step 1413/2656 | loss 2.5518 | sft_loss 2.4656 | or_loss 0.8625
train_step epoch 0.5324797589907738 | step 1414/2656 | loss 2.3756 | sft_loss 2.3171 | or_loss 0.5859
train_step epoch 0.532856335906609 | step 1415/2656 | loss 2.3640 | sft_loss 2.2555 | or_loss 1.0851
train_step epoch 0.533232912822444 | step 1416/2656 | loss 2.3266 | sft_loss 2.2620 | or_loss 0.6460
train_step epoch 0.533609489738279 | step 1417/2656 | loss 2.5219 | sft_loss 2.4447 | or_loss 0.7719
train_step epoch 0.5339860666541141 | step 1418/2656 | loss 2.1588 | sft_loss 2.1020 | or_loss 0.5688
train_step epoch 0.5343626435699491 | step 1419/2656 | loss 2.4275 | sft_loss 2.3420 | or_loss 0.8547
train_step epoch 0.5347392204857843 | step 1420/2656 | loss 2.2050 | sft_loss 2.1280 | or_loss 0.7705
train_step epoch 0.5351157974016193 | step 1421/2656 | loss 2.0871 | sft_loss 2.0313 | or_loss 0.5582
train_step epoch 0.5354923743174543 | step 1422/2656 | loss 2.4095 | sft_loss 2.3475 | or_loss 0.6199
train_step epoch 0.5358689512332894 | step 1423/2656 | loss 2.4556 | sft_loss 2.3872 | or_loss 0.6842
train_step epoch 0.5362455281491244 | step 1424/2656 | loss 2.3565 | sft_loss 2.2959 | or_loss 0.6059
train_step epoch 0.5366221050649596 | step 1425/2656 | loss 2.2913 | sft_loss 2.2273 | or_loss 0.6401
train_step epoch 0.5369986819807946 | step 1426/2656 | loss 2.3022 | sft_loss 2.2260 | or_loss 0.7623
train_step epoch 0.5373752588966296 | step 1427/2656 | loss 2.4051 | sft_loss 2.3408 | or_loss 0.6429
train_step epoch 0.5377518358124647 | step 1428/2656 | loss 2.1460 | sft_loss 2.0833 | or_loss 0.6270
train_step epoch 0.5381284127282998 | step 1429/2656 | loss 2.2287 | sft_loss 2.1634 | or_loss 0.6534
train_step epoch 0.5385049896441348 | step 1430/2656 | loss 2.2343 | sft_loss 2.1649 | or_loss 0.6935
train_step epoch 0.5388815665599699 | step 1431/2656 | loss 2.5508 | sft_loss 2.4638 | or_loss 0.8697
train_step epoch 0.5392581434758049 | step 1432/2656 | loss 2.4334 | sft_loss 2.3654 | or_loss 0.6806
train_step epoch 0.53963472039164 | step 1433/2656 | loss 2.4628 | sft_loss 2.4046 | or_loss 0.5820
train_step epoch 0.5400112973074751 | step 1434/2656 | loss 2.2589 | sft_loss 2.1769 | or_loss 0.8197
train_step epoch 0.5403878742233101 | step 1435/2656 | loss 2.4794 | sft_loss 2.4193 | or_loss 0.6010
train_step epoch 0.5407644511391452 | step 1436/2656 | loss 2.4440 | sft_loss 2.3676 | or_loss 0.7639
train_step epoch 0.5411410280549802 | step 1437/2656 | loss 2.1275 | sft_loss 2.0690 | or_loss 0.5852
train_step epoch 0.5415176049708152 | step 1438/2656 | loss 2.2431 | sft_loss 2.1893 | or_loss 0.5376
train_step epoch 0.5418941818866504 | step 1439/2656 | loss 2.2159 | sft_loss 2.1285 | or_loss 0.8739
train_step epoch 0.5422707588024854 | step 1440/2656 | loss 2.3688 | sft_loss 2.2957 | or_loss 0.7309
train_step epoch 0.5426473357183205 | step 1441/2656 | loss 2.3994 | sft_loss 2.3263 | or_loss 0.7306
train_step epoch 0.5430239126341555 | step 1442/2656 | loss 2.1533 | sft_loss 2.1095 | or_loss 0.4373
train_step epoch 0.5434004895499905 | step 1443/2656 | loss 2.3863 | sft_loss 2.3229 | or_loss 0.6342
train_step epoch 0.5437770664658257 | step 1444/2656 | loss 2.4263 | sft_loss 2.3555 | or_loss 0.7078
train_step epoch 0.5441536433816607 | step 1445/2656 | loss 2.2911 | sft_loss 2.2109 | or_loss 0.8027
train_step epoch 0.5445302202974958 | step 1446/2656 | loss 2.4228 | sft_loss 2.3544 | or_loss 0.6841
train_step epoch 0.5449067972133308 | step 1447/2656 | loss 2.2573 | sft_loss 2.1957 | or_loss 0.6158
train_step epoch 0.5452833741291658 | step 1448/2656 | loss 2.5207 | sft_loss 2.4257 | or_loss 0.9498
train_step epoch 0.545659951045001 | step 1449/2656 | loss 2.1842 | sft_loss 2.1290 | or_loss 0.5517
train_step epoch 0.546036527960836 | step 1450/2656 | loss 2.4839 | sft_loss 2.4262 | or_loss 0.5766
train_step epoch 0.546413104876671 | step 1451/2656 | loss 2.4455 | sft_loss 2.3833 | or_loss 0.6215
train_step epoch 0.5467896817925061 | step 1452/2656 | loss 2.1780 | sft_loss 2.1179 | or_loss 0.6014
train_step epoch 0.5471662587083411 | step 1453/2656 | loss 2.4765 | sft_loss 2.3853 | or_loss 0.9121
train_step epoch 0.5475428356241763 | step 1454/2656 | loss 2.6514 | sft_loss 2.5694 | or_loss 0.8199
train_step epoch 0.5479194125400113 | step 1455/2656 | loss 2.0347 | sft_loss 1.9822 | or_loss 0.5252
train_step epoch 0.5482959894558463 | step 1456/2656 | loss 2.4289 | sft_loss 2.3571 | or_loss 0.7179
train_step epoch 0.5486725663716814 | step 1457/2656 | loss 2.4472 | sft_loss 2.3764 | or_loss 0.7077
train_step epoch 0.5490491432875165 | step 1458/2656 | loss 2.3782 | sft_loss 2.2836 | or_loss 0.9461
train_step epoch 0.5494257202033516 | step 1459/2656 | loss 2.3805 | sft_loss 2.3165 | or_loss 0.6404
train_step epoch 0.5498022971191866 | step 1460/2656 | loss 2.3361 | sft_loss 2.2528 | or_loss 0.8330
train_step epoch 0.5501788740350216 | step 1461/2656 | loss 2.2782 | sft_loss 2.2066 | or_loss 0.7155
train_step epoch 0.5505554509508567 | step 1462/2656 | loss 2.2468 | sft_loss 2.1792 | or_loss 0.6755
train_step epoch 0.5509320278666918 | step 1463/2656 | loss 2.1475 | sft_loss 2.0774 | or_loss 0.7008
train_step epoch 0.5513086047825269 | step 1464/2656 | loss 2.5611 | sft_loss 2.4674 | or_loss 0.9368
train_step epoch 0.5516851816983619 | step 1465/2656 | loss 2.3939 | sft_loss 2.3185 | or_loss 0.7541
train_step epoch 0.5520617586141969 | step 1466/2656 | loss 2.7224 | sft_loss 2.6153 | or_loss 1.0705
train_step epoch 0.552438335530032 | step 1467/2656 | loss 2.3794 | sft_loss 2.3097 | or_loss 0.6973
train_step epoch 0.5528149124458671 | step 1468/2656 | loss 2.5238 | sft_loss 2.4400 | or_loss 0.8375
train_step epoch 0.5531914893617021 | step 1469/2656 | loss 2.3729 | sft_loss 2.3047 | or_loss 0.6817
train_step epoch 0.5535680662775372 | step 1470/2656 | loss 2.2908 | sft_loss 2.2217 | or_loss 0.6913
train_step epoch 0.5539446431933722 | step 1471/2656 | loss 2.2478 | sft_loss 2.1783 | or_loss 0.6959
train_step epoch 0.5543212201092073 | step 1472/2656 | loss 2.3211 | sft_loss 2.2641 | or_loss 0.5698
train_step epoch 0.5546977970250424 | step 1473/2656 | loss 2.2548 | sft_loss 2.1882 | or_loss 0.6656
train_step epoch 0.5550743739408774 | step 1474/2656 | loss 2.6952 | sft_loss 2.6137 | or_loss 0.8155
train_step epoch 0.5554509508567125 | step 1475/2656 | loss 2.6024 | sft_loss 2.5198 | or_loss 0.8259
train_step epoch 0.5558275277725475 | step 1476/2656 | loss 2.1874 | sft_loss 2.1200 | or_loss 0.6740
train_step epoch 0.5562041046883826 | step 1477/2656 | loss 2.2948 | sft_loss 2.2284 | or_loss 0.6643
train_step epoch 0.5565806816042177 | step 1478/2656 | loss 2.2167 | sft_loss 2.1409 | or_loss 0.7582
train_step epoch 0.5569572585200527 | step 1479/2656 | loss 2.4093 | sft_loss 2.3331 | or_loss 0.7623
train_step epoch 0.5573338354358878 | step 1480/2656 | loss 2.4959 | sft_loss 2.3690 | or_loss 1.2691
train_step epoch 0.5577104123517228 | step 1481/2656 | loss 2.3081 | sft_loss 2.2447 | or_loss 0.6345
train_step epoch 0.558086989267558 | step 1482/2656 | loss 2.1814 | sft_loss 2.1191 | or_loss 0.6230
train_step epoch 0.558463566183393 | step 1483/2656 | loss 2.3789 | sft_loss 2.3093 | or_loss 0.6958
train_step epoch 0.558840143099228 | step 1484/2656 | loss 2.4988 | sft_loss 2.4360 | or_loss 0.6282
train_step epoch 0.5592167200150631 | step 1485/2656 | loss 2.2784 | sft_loss 2.1780 | or_loss 1.0044
train_step epoch 0.5595932969308981 | step 1486/2656 | loss 2.6414 | sft_loss 2.5292 | or_loss 1.1217
train_step epoch 0.5599698738467332 | step 1487/2656 | loss 2.3007 | sft_loss 2.2321 | or_loss 0.6854
train_step epoch 0.5603464507625683 | step 1488/2656 | loss 2.3714 | sft_loss 2.3146 | or_loss 0.5684
train_step epoch 0.5607230276784033 | step 1489/2656 | loss 2.2903 | sft_loss 2.2328 | or_loss 0.5750
train_step epoch 0.5610996045942384 | step 1490/2656 | loss 2.3369 | sft_loss 2.2437 | or_loss 0.9317
train_step epoch 0.5614761815100734 | step 1491/2656 | loss 2.4669 | sft_loss 2.4058 | or_loss 0.6115
train_step epoch 0.5618527584259085 | step 1492/2656 | loss 2.3050 | sft_loss 2.2508 | or_loss 0.5424
train_step epoch 0.5622293353417436 | step 1493/2656 | loss 2.2227 | sft_loss 2.1600 | or_loss 0.6268
train_step epoch 0.5626059122575786 | step 1494/2656 | loss 2.5507 | sft_loss 2.4507 | or_loss 1.0002
train_step epoch 0.5629824891734136 | step 1495/2656 | loss 2.3776 | sft_loss 2.3100 | or_loss 0.6760
train_step epoch 0.5633590660892487 | step 1496/2656 | loss 2.1860 | sft_loss 2.1224 | or_loss 0.6356
train_step epoch 0.5637356430050838 | step 1497/2656 | loss 2.4853 | sft_loss 2.4107 | or_loss 0.7456
train_step epoch 0.5641122199209189 | step 1498/2656 | loss 2.1288 | sft_loss 2.0605 | or_loss 0.6839
train_step epoch 0.5644887968367539 | step 1499/2656 | loss 2.2645 | sft_loss 2.2020 | or_loss 0.6256
train_step epoch 0.5648653737525889 | step 1500/2656 | loss 2.3708 | sft_loss 2.3048 | or_loss 0.6599
trainer_log step=1500 epoch=0.5648653737525889: {"epoch": 0.5648653737525889, "grad_norm": 6.478198051452637, "learning_rate": 4.356174698795181e-06, "loss": 2.356468017578125}
train_step epoch 0.565241950668424 | step 1501/2656 | loss 2.4413 | sft_loss 2.3603 | or_loss 0.8095
train_step epoch 0.5656185275842591 | step 1502/2656 | loss 2.2626 | sft_loss 2.1928 | or_loss 0.6980
train_step epoch 0.5659951045000942 | step 1503/2656 | loss 2.3203 | sft_loss 2.2400 | or_loss 0.8026
train_step epoch 0.5663716814159292 | step 1504/2656 | loss 2.3851 | sft_loss 2.3023 | or_loss 0.8280
train_step epoch 0.5667482583317642 | step 1505/2656 | loss 2.3826 | sft_loss 2.3171 | or_loss 0.6549
train_step epoch 0.5671248352475993 | step 1506/2656 | loss 2.3613 | sft_loss 2.2976 | or_loss 0.6373
train_step epoch 0.5675014121634344 | step 1507/2656 | loss 2.2924 | sft_loss 2.2157 | or_loss 0.7665
train_step epoch 0.5678779890792695 | step 1508/2656 | loss 2.6331 | sft_loss 2.5649 | or_loss 0.6820
train_step epoch 0.5682545659951045 | step 1509/2656 | loss 2.6004 | sft_loss 2.5448 | or_loss 0.5556
train_step epoch 0.5686311429109395 | step 1510/2656 | loss 2.2425 | sft_loss 2.1944 | or_loss 0.4809
train_step epoch 0.5690077198267747 | step 1511/2656 | loss 2.5773 | sft_loss 2.4950 | or_loss 0.8236
train_step epoch 0.5693842967426097 | step 1512/2656 | loss 2.1318 | sft_loss 2.0686 | or_loss 0.6322
train_step epoch 0.5697608736584447 | step 1513/2656 | loss 2.7723 | sft_loss 2.6618 | or_loss 1.1050
train_step epoch 0.5701374505742798 | step 1514/2656 | loss 2.2712 | sft_loss 2.2120 | or_loss 0.5919
train_step epoch 0.5705140274901148 | step 1515/2656 | loss 2.3657 | sft_loss 2.2956 | or_loss 0.7010
train_step epoch 0.57089060440595 | step 1516/2656 | loss 2.3527 | sft_loss 2.2903 | or_loss 0.6241
train_step epoch 0.571267181321785 | step 1517/2656 | loss 2.4811 | sft_loss 2.4131 | or_loss 0.6803
train_step epoch 0.57164375823762 | step 1518/2656 | loss 2.1163 | sft_loss 2.0600 | or_loss 0.5623
train_step epoch 0.5720203351534551 | step 1519/2656 | loss 2.3333 | sft_loss 2.2585 | or_loss 0.7475
train_step epoch 0.5723969120692901 | step 1520/2656 | loss 2.0519 | sft_loss 2.0035 | or_loss 0.4845
train_step epoch 0.5727734889851253 | step 1521/2656 | loss 2.1793 | sft_loss 2.1198 | or_loss 0.5944
train_step epoch 0.5731500659009603 | step 1522/2656 | loss 2.1645 | sft_loss 2.1006 | or_loss 0.6395
train_step epoch 0.5735266428167953 | step 1523/2656 | loss 2.3207 | sft_loss 2.2542 | or_loss 0.6646
train_step epoch 0.5739032197326304 | step 1524/2656 | loss 2.4812 | sft_loss 2.3686 | or_loss 1.1263
train_step epoch 0.5742797966484654 | step 1525/2656 | loss 2.2370 | sft_loss 2.1685 | or_loss 0.6846
train_step epoch 0.5746563735643005 | step 1526/2656 | loss 2.2758 | sft_loss 2.2016 | or_loss 0.7428
train_step epoch 0.5750329504801356 | step 1527/2656 | loss 2.4784 | sft_loss 2.4125 | or_loss 0.6586
train_step epoch 0.5754095273959706 | step 1528/2656 | loss 2.0865 | sft_loss 2.0122 | or_loss 0.7427
train_step epoch 0.5757861043118057 | step 1529/2656 | loss 2.2807 | sft_loss 2.2154 | or_loss 0.6539
train_step epoch 0.5761626812276407 | step 1530/2656 | loss 2.3233 | sft_loss 2.2339 | or_loss 0.8941
train_step epoch 0.5765392581434758 | step 1531/2656 | loss 2.2976 | sft_loss 2.2242 | or_loss 0.7337
train_step epoch 0.5769158350593109 | step 1532/2656 | loss 2.1737 | sft_loss 2.1208 | or_loss 0.5292
train_step epoch 0.5772924119751459 | step 1533/2656 | loss 2.0640 | sft_loss 2.0108 | or_loss 0.5316
train_step epoch 0.577668988890981 | step 1534/2656 | loss 2.4537 | sft_loss 2.3789 | or_loss 0.7481
train_step epoch 0.5780455658068161 | step 1535/2656 | loss 2.3103 | sft_loss 2.2417 | or_loss 0.6853
train_step epoch 0.5784221427226511 | step 1536/2656 | loss 2.3501 | sft_loss 2.2684 | or_loss 0.8173
train_step epoch 0.5787987196384862 | step 1537/2656 | loss 2.2383 | sft_loss 2.1711 | or_loss 0.6724
train_step epoch 0.5791752965543212 | step 1538/2656 | loss 2.3919 | sft_loss 2.3176 | or_loss 0.7438
train_step epoch 0.5795518734701562 | step 1539/2656 | loss 2.1549 | sft_loss 2.0871 | or_loss 0.6780
train_step epoch 0.5799284503859914 | step 1540/2656 | loss 2.5372 | sft_loss 2.4643 | or_loss 0.7284
train_step epoch 0.5803050273018264 | step 1541/2656 | loss 2.4340 | sft_loss 2.3593 | or_loss 0.7468
train_step epoch 0.5806816042176615 | step 1542/2656 | loss 2.4114 | sft_loss 2.3332 | or_loss 0.7823
train_step epoch 0.5810581811334965 | step 1543/2656 | loss 2.2984 | sft_loss 2.2444 | or_loss 0.5393
train_step epoch 0.5814347580493315 | step 1544/2656 | loss 2.3156 | sft_loss 2.2468 | or_loss 0.6881
train_step epoch 0.5818113349651667 | step 1545/2656 | loss 2.5580 | sft_loss 2.4638 | or_loss 0.9417
train_step epoch 0.5821879118810017 | step 1546/2656 | loss 2.2235 | sft_loss 2.1593 | or_loss 0.6417
train_step epoch 0.5825644887968368 | step 1547/2656 | loss 2.4122 | sft_loss 2.3423 | or_loss 0.6990
train_step epoch 0.5829410657126718 | step 1548/2656 | loss 2.3820 | sft_loss 2.3263 | or_loss 0.5568
train_step epoch 0.5833176426285068 | step 1549/2656 | loss 2.3380 | sft_loss 2.2605 | or_loss 0.7749
train_step epoch 0.583694219544342 | step 1550/2656 | loss 1.8947 | sft_loss 1.8280 | or_loss 0.6671
train_step epoch 0.584070796460177 | step 1551/2656 | loss 2.4158 | sft_loss 2.3365 | or_loss 0.7924
train_step epoch 0.584447373376012 | step 1552/2656 | loss 2.3576 | sft_loss 2.2793 | or_loss 0.7826
train_step epoch 0.5848239502918471 | step 1553/2656 | loss 2.6246 | sft_loss 2.5397 | or_loss 0.8486
train_step epoch 0.5852005272076821 | step 1554/2656 | loss 2.3963 | sft_loss 2.3293 | or_loss 0.6697
train_step epoch 0.5855771041235173 | step 1555/2656 | loss 2.2057 | sft_loss 2.1176 | or_loss 0.8812
train_step epoch 0.5859536810393523 | step 1556/2656 | loss 2.4984 | sft_loss 2.4284 | or_loss 0.7005
train_step epoch 0.5863302579551873 | step 1557/2656 | loss 2.3048 | sft_loss 2.2258 | or_loss 0.7897
train_step epoch 0.5867068348710224 | step 1558/2656 | loss 2.5387 | sft_loss 2.4532 | or_loss 0.8548
train_step epoch 0.5870834117868574 | step 1559/2656 | loss 2.5101 | sft_loss 2.4419 | or_loss 0.6820
train_step epoch 0.5874599887026926 | step 1560/2656 | loss 2.4952 | sft_loss 2.4174 | or_loss 0.7780
train_step epoch 0.5878365656185276 | step 1561/2656 | loss 2.1482 | sft_loss 2.0787 | or_loss 0.6951
train_step epoch 0.5882131425343626 | step 1562/2656 | loss 2.1396 | sft_loss 2.0700 | or_loss 0.6958
train_step epoch 0.5885897194501977 | step 1563/2656 | loss 2.2771 | sft_loss 2.2153 | or_loss 0.6176
train_step epoch 0.5889662963660328 | step 1564/2656 | loss 2.0583 | sft_loss 2.0083 | or_loss 0.5004
train_step epoch 0.5893428732818679 | step 1565/2656 | loss 2.2559 | sft_loss 2.1970 | or_loss 0.5888
train_step epoch 0.5897194501977029 | step 1566/2656 | loss 2.5185 | sft_loss 2.4371 | or_loss 0.8138
train_step epoch 0.5900960271135379 | step 1567/2656 | loss 2.2760 | sft_loss 2.2073 | or_loss 0.6871
train_step epoch 0.590472604029373 | step 1568/2656 | loss 2.1464 | sft_loss 2.0921 | or_loss 0.5429
train_step epoch 0.5908491809452081 | step 1569/2656 | loss 2.2959 | sft_loss 2.2293 | or_loss 0.6661
train_step epoch 0.5912257578610431 | step 1570/2656 | loss 2.3481 | sft_loss 2.2899 | or_loss 0.5821
train_step epoch 0.5916023347768782 | step 1571/2656 | loss 2.3496 | sft_loss 2.2948 | or_loss 0.5478
train_step epoch 0.5919789116927132 | step 1572/2656 | loss 2.2216 | sft_loss 2.1516 | or_loss 0.6996
train_step epoch 0.5923554886085483 | step 1573/2656 | loss 2.4169 | sft_loss 2.3452 | or_loss 0.7175
train_step epoch 0.5927320655243834 | step 1574/2656 | loss 2.4732 | sft_loss 2.3959 | or_loss 0.7726
train_step epoch 0.5931086424402184 | step 1575/2656 | loss 2.3034 | sft_loss 2.2380 | or_loss 0.6541
train_step epoch 0.5934852193560535 | step 1576/2656 | loss 2.4051 | sft_loss 2.3446 | or_loss 0.6042
train_step epoch 0.5938617962718885 | step 1577/2656 | loss 1.9927 | sft_loss 1.9386 | or_loss 0.5414
train_step epoch 0.5942383731877235 | step 1578/2656 | loss 2.7039 | sft_loss 2.6248 | or_loss 0.7904
train_step epoch 0.5946149501035587 | step 1579/2656 | loss 2.2761 | sft_loss 2.2092 | or_loss 0.6694
train_step epoch 0.5949915270193937 | step 1580/2656 | loss 2.3668 | sft_loss 2.2955 | or_loss 0.7129
train_step epoch 0.5953681039352288 | step 1581/2656 | loss 2.4979 | sft_loss 2.4192 | or_loss 0.7872
train_step epoch 0.5957446808510638 | step 1582/2656 | loss 2.4016 | sft_loss 2.3267 | or_loss 0.7487
train_step epoch 0.5961212577668988 | step 1583/2656 | loss 2.3351 | sft_loss 2.2669 | or_loss 0.6818
train_step epoch 0.596497834682734 | step 1584/2656 | loss 2.2581 | sft_loss 2.1842 | or_loss 0.7381
train_step epoch 0.596874411598569 | step 1585/2656 | loss 2.5291 | sft_loss 2.4323 | or_loss 0.9684
train_step epoch 0.5972509885144041 | step 1586/2656 | loss 2.6665 | sft_loss 2.5456 | or_loss 1.2086
train_step epoch 0.5976275654302391 | step 1587/2656 | loss 2.2130 | sft_loss 2.1573 | or_loss 0.5563
train_step epoch 0.5980041423460742 | step 1588/2656 | loss 2.4274 | sft_loss 2.3397 | or_loss 0.8765
train_step epoch 0.5983807192619093 | step 1589/2656 | loss 2.3048 | sft_loss 2.2469 | or_loss 0.5789
train_step epoch 0.5987572961777443 | step 1590/2656 | loss 2.3153 | sft_loss 2.2390 | or_loss 0.7627
train_step epoch 0.5991338730935793 | step 1591/2656 | loss 2.1993 | sft_loss 2.1409 | or_loss 0.5838
train_step epoch 0.5995104500094144 | step 1592/2656 | loss 2.3255 | sft_loss 2.2650 | or_loss 0.6043
train_step epoch 0.5998870269252495 | step 1593/2656 | loss 2.7246 | sft_loss 2.6381 | or_loss 0.8653
train_step epoch 0.6002636038410846 | step 1594/2656 | loss 2.4115 | sft_loss 2.3413 | or_loss 0.7017
train_step epoch 0.6006401807569196 | step 1595/2656 | loss 2.4466 | sft_loss 2.3670 | or_loss 0.7965
train_step epoch 0.6010167576727546 | step 1596/2656 | loss 2.3682 | sft_loss 2.3016 | or_loss 0.6658
train_step epoch 0.6013933345885897 | step 1597/2656 | loss 2.4295 | sft_loss 2.3599 | or_loss 0.6957
train_step epoch 0.6017699115044248 | step 1598/2656 | loss 2.4642 | sft_loss 2.3824 | or_loss 0.8183
train_step epoch 0.6021464884202599 | step 1599/2656 | loss 2.4712 | sft_loss 2.3546 | or_loss 1.1655
train_step epoch 0.6025230653360949 | step 1600/2656 | loss 2.2103 | sft_loss 2.1251 | or_loss 0.8521
train_step epoch 0.6028996422519299 | step 1601/2656 | loss 2.2734 | sft_loss 2.1902 | or_loss 0.8325
train_step epoch 0.603276219167765 | step 1602/2656 | loss 2.1466 | sft_loss 2.0519 | or_loss 0.9467
train_step epoch 0.6036527960836001 | step 1603/2656 | loss 2.5773 | sft_loss 2.4964 | or_loss 0.8088
train_step epoch 0.6040293729994352 | step 1604/2656 | loss 2.3703 | sft_loss 2.3184 | or_loss 0.5192
train_step epoch 0.6044059499152702 | step 1605/2656 | loss 2.2781 | sft_loss 2.2093 | or_loss 0.6882
train_step epoch 0.6047825268311052 | step 1606/2656 | loss 2.4010 | sft_loss 2.3238 | or_loss 0.7721
train_step epoch 0.6051591037469403 | step 1607/2656 | loss 2.2649 | sft_loss 2.1885 | or_loss 0.7648
train_step epoch 0.6055356806627754 | step 1608/2656 | loss 2.3190 | sft_loss 2.2537 | or_loss 0.6530
train_step epoch 0.6059122575786104 | step 1609/2656 | loss 2.4523 | sft_loss 2.3752 | or_loss 0.7710
train_step epoch 0.6062888344944455 | step 1610/2656 | loss 2.1964 | sft_loss 2.1279 | or_loss 0.6854
train_step epoch 0.6066654114102805 | step 1611/2656 | loss 2.3273 | sft_loss 2.2453 | or_loss 0.8203
train_step epoch 0.6070419883261156 | step 1612/2656 | loss 2.1337 | sft_loss 2.0619 | or_loss 0.7186
train_step epoch 0.6074185652419507 | step 1613/2656 | loss 2.3143 | sft_loss 2.2543 | or_loss 0.6003
train_step epoch 0.6077951421577857 | step 1614/2656 | loss 2.3728 | sft_loss 2.2913 | or_loss 0.8145
train_step epoch 0.6081717190736208 | step 1615/2656 | loss 2.3289 | sft_loss 2.2475 | or_loss 0.8141
train_step epoch 0.6085482959894558 | step 1616/2656 | loss 2.4478 | sft_loss 2.3345 | or_loss 1.1326
train_step epoch 0.608924872905291 | step 1617/2656 | loss 2.2534 | sft_loss 2.1880 | or_loss 0.6539
train_step epoch 0.609301449821126 | step 1618/2656 | loss 2.1853 | sft_loss 2.1375 | or_loss 0.4784
train_step epoch 0.609678026736961 | step 1619/2656 | loss 2.4854 | sft_loss 2.4118 | or_loss 0.7360
train_step epoch 0.6100546036527961 | step 1620/2656 | loss 2.7895 | sft_loss 2.6953 | or_loss 0.9417
train_step epoch 0.6104311805686311 | step 1621/2656 | loss 2.2333 | sft_loss 2.1865 | or_loss 0.4678
train_step epoch 0.6108077574844663 | step 1622/2656 | loss 2.3180 | sft_loss 2.2417 | or_loss 0.7635
train_step epoch 0.6111843344003013 | step 1623/2656 | loss 2.3724 | sft_loss 2.3060 | or_loss 0.6641
train_step epoch 0.6115609113161363 | step 1624/2656 | loss 2.1478 | sft_loss 2.0961 | or_loss 0.5169
train_step epoch 0.6119374882319714 | step 1625/2656 | loss 2.2424 | sft_loss 2.1800 | or_loss 0.6244
train_step epoch 0.6123140651478064 | step 1626/2656 | loss 2.5246 | sft_loss 2.4340 | or_loss 0.9054
train_step epoch 0.6126906420636415 | step 1627/2656 | loss 2.2698 | sft_loss 2.2187 | or_loss 0.5115
train_step epoch 0.6130672189794766 | step 1628/2656 | loss 2.1653 | sft_loss 2.0876 | or_loss 0.7777
train_step epoch 0.6134437958953116 | step 1629/2656 | loss 2.2398 | sft_loss 2.1774 | or_loss 0.6242
train_step epoch 0.6138203728111467 | step 1630/2656 | loss 2.4422 | sft_loss 2.3650 | or_loss 0.7725
train_step epoch 0.6141969497269817 | step 1631/2656 | loss 2.1714 | sft_loss 2.1238 | or_loss 0.4760
train_step epoch 0.6145735266428168 | step 1632/2656 | loss 2.1746 | sft_loss 2.1244 | or_loss 0.5024
train_step epoch 0.6149501035586519 | step 1633/2656 | loss 2.4586 | sft_loss 2.3567 | or_loss 1.0190
train_step epoch 0.6153266804744869 | step 1634/2656 | loss 2.3522 | sft_loss 2.2698 | or_loss 0.8245
train_step epoch 0.615703257390322 | step 1635/2656 | loss 2.2944 | sft_loss 2.2339 | or_loss 0.6051
train_step epoch 0.616079834306157 | step 1636/2656 | loss 2.2316 | sft_loss 2.1886 | or_loss 0.4306
train_step epoch 0.6164564112219921 | step 1637/2656 | loss 2.2761 | sft_loss 2.2178 | or_loss 0.5828
train_step epoch 0.6168329881378272 | step 1638/2656 | loss 2.3673 | sft_loss 2.3045 | or_loss 0.6282
train_step epoch 0.6172095650536622 | step 1639/2656 | loss 2.3967 | sft_loss 2.2996 | or_loss 0.9710
train_step epoch 0.6175861419694972 | step 1640/2656 | loss 2.2868 | sft_loss 2.2191 | or_loss 0.6768
train_step epoch 0.6179627188853323 | step 1641/2656 | loss 2.3174 | sft_loss 2.2428 | or_loss 0.7463
train_step epoch 0.6183392958011674 | step 1642/2656 | loss 2.5016 | sft_loss 2.3994 | or_loss 1.0222
train_step epoch 0.6187158727170025 | step 1643/2656 | loss 2.4236 | sft_loss 2.3408 | or_loss 0.8277
train_step epoch 0.6190924496328375 | step 1644/2656 | loss 2.0007 | sft_loss 1.9507 | or_loss 0.5001
train_step epoch 0.6194690265486725 | step 1645/2656 | loss 2.1964 | sft_loss 2.1179 | or_loss 0.7848
train_step epoch 0.6198456034645077 | step 1646/2656 | loss 2.3332 | sft_loss 2.2694 | or_loss 0.6374
train_step epoch 0.6202221803803427 | step 1647/2656 | loss 2.3447 | sft_loss 2.2666 | or_loss 0.7816
train_step epoch 0.6205987572961777 | step 1648/2656 | loss 2.3844 | sft_loss 2.3034 | or_loss 0.8099
train_step epoch 0.6209753342120128 | step 1649/2656 | loss 2.4277 | sft_loss 2.3550 | or_loss 0.7270
train_step epoch 0.6213519111278478 | step 1650/2656 | loss 2.3151 | sft_loss 2.2320 | or_loss 0.8304
train_step epoch 0.621728488043683 | step 1651/2656 | loss 2.3780 | sft_loss 2.3048 | or_loss 0.7315
train_step epoch 0.622105064959518 | step 1652/2656 | loss 2.3891 | sft_loss 2.3052 | or_loss 0.8381
train_step epoch 0.622481641875353 | step 1653/2656 | loss 2.2648 | sft_loss 2.1950 | or_loss 0.6977
train_step epoch 0.6228582187911881 | step 1654/2656 | loss 2.1400 | sft_loss 2.0866 | or_loss 0.5335
train_step epoch 0.6232347957070231 | step 1655/2656 | loss 2.3595 | sft_loss 2.2913 | or_loss 0.6819
train_step epoch 0.6236113726228583 | step 1656/2656 | loss 2.3672 | sft_loss 2.3017 | or_loss 0.6554
train_step epoch 0.6239879495386933 | step 1657/2656 | loss 2.4482 | sft_loss 2.3621 | or_loss 0.8608
train_step epoch 0.6243645264545283 | step 1658/2656 | loss 2.5072 | sft_loss 2.4190 | or_loss 0.8815
train_step epoch 0.6247411033703634 | step 1659/2656 | loss 2.6426 | sft_loss 2.5501 | or_loss 0.9247
train_step epoch 0.6251176802861984 | step 1660/2656 | loss 2.4793 | sft_loss 2.3926 | or_loss 0.8665
train_step epoch 0.6254942572020336 | step 1661/2656 | loss 2.1770 | sft_loss 2.1262 | or_loss 0.5078
train_step epoch 0.6258708341178686 | step 1662/2656 | loss 2.2110 | sft_loss 2.1450 | or_loss 0.6596
train_step epoch 0.6262474110337036 | step 1663/2656 | loss 2.2941 | sft_loss 2.2328 | or_loss 0.6132
train_step epoch 0.6266239879495387 | step 1664/2656 | loss 2.5538 | sft_loss 2.4551 | or_loss 0.9871
train_step epoch 0.6270005648653737 | step 1665/2656 | loss 2.5445 | sft_loss 2.4701 | or_loss 0.7441
train_step epoch 0.6273771417812088 | step 1666/2656 | loss 2.3295 | sft_loss 2.2437 | or_loss 0.8584
train_step epoch 0.6277537186970439 | step 1667/2656 | loss 2.5058 | sft_loss 2.4353 | or_loss 0.7050
train_step epoch 0.6281302956128789 | step 1668/2656 | loss 2.4223 | sft_loss 2.3361 | or_loss 0.8626
train_step epoch 0.628506872528714 | step 1669/2656 | loss 2.4785 | sft_loss 2.3763 | or_loss 1.0218
train_step epoch 0.6288834494445491 | step 1670/2656 | loss 2.3632 | sft_loss 2.2894 | or_loss 0.7381
train_step epoch 0.6292600263603841 | step 1671/2656 | loss 2.3504 | sft_loss 2.2845 | or_loss 0.6591
train_step epoch 0.6296366032762192 | step 1672/2656 | loss 2.1902 | sft_loss 2.1299 | or_loss 0.6032
train_step epoch 0.6300131801920542 | step 1673/2656 | loss 2.3121 | sft_loss 2.2587 | or_loss 0.5341
train_step epoch 0.6303897571078892 | step 1674/2656 | loss 2.2770 | sft_loss 2.1984 | or_loss 0.7863
train_step epoch 0.6307663340237244 | step 1675/2656 | loss 2.3728 | sft_loss 2.2812 | or_loss 0.9163
train_step epoch 0.6311429109395594 | step 1676/2656 | loss 2.0071 | sft_loss 1.9501 | or_loss 0.5694
train_step epoch 0.6315194878553945 | step 1677/2656 | loss 2.2362 | sft_loss 2.1786 | or_loss 0.5760
train_step epoch 0.6318960647712295 | step 1678/2656 | loss 2.2614 | sft_loss 2.1784 | or_loss 0.8303
train_step epoch 0.6322726416870645 | step 1679/2656 | loss 2.2595 | sft_loss 2.1731 | or_loss 0.8635
train_step epoch 0.6326492186028997 | step 1680/2656 | loss 2.3031 | sft_loss 2.2443 | or_loss 0.5873
train_step epoch 0.6330257955187347 | step 1681/2656 | loss 2.4924 | sft_loss 2.4171 | or_loss 0.7528
train_step epoch 0.6334023724345698 | step 1682/2656 | loss 2.5580 | sft_loss 2.4873 | or_loss 0.7077
train_step epoch 0.6337789493504048 | step 1683/2656 | loss 2.2830 | sft_loss 2.2143 | or_loss 0.6870
train_step epoch 0.6341555262662398 | step 1684/2656 | loss 2.4135 | sft_loss 2.3431 | or_loss 0.7041
train_step epoch 0.634532103182075 | step 1685/2656 | loss 2.2373 | sft_loss 2.1759 | or_loss 0.6138
train_step epoch 0.63490868009791 | step 1686/2656 | loss 2.3446 | sft_loss 2.2724 | or_loss 0.7218
train_step epoch 0.635285257013745 | step 1687/2656 | loss 2.4144 | sft_loss 2.2982 | or_loss 1.1622
train_step epoch 0.6356618339295801 | step 1688/2656 | loss 2.3717 | sft_loss 2.3047 | or_loss 0.6693
train_step epoch 0.6360384108454151 | step 1689/2656 | loss 2.1403 | sft_loss 2.0841 | or_loss 0.5618
train_step epoch 0.6364149877612503 | step 1690/2656 | loss 2.4387 | sft_loss 2.3677 | or_loss 0.7098
train_step epoch 0.6367915646770853 | step 1691/2656 | loss 2.3103 | sft_loss 2.2294 | or_loss 0.8090
train_step epoch 0.6371681415929203 | step 1692/2656 | loss 2.4347 | sft_loss 2.3625 | or_loss 0.7218
train_step epoch 0.6375447185087554 | step 1693/2656 | loss 2.3049 | sft_loss 2.2395 | or_loss 0.6541
train_step epoch 0.6379212954245904 | step 1694/2656 | loss 2.1344 | sft_loss 2.0658 | or_loss 0.6863
train_step epoch 0.6382978723404256 | step 1695/2656 | loss 2.4520 | sft_loss 2.3656 | or_loss 0.8638
train_step epoch 0.6386744492562606 | step 1696/2656 | loss 2.3833 | sft_loss 2.3203 | or_loss 0.6301
train_step epoch 0.6390510261720956 | step 1697/2656 | loss 2.6543 | sft_loss 2.5714 | or_loss 0.8286
train_step epoch 0.6394276030879307 | step 1698/2656 | loss 2.3715 | sft_loss 2.3014 | or_loss 0.7015
train_step epoch 0.6398041800037658 | step 1699/2656 | loss 1.9846 | sft_loss 1.9366 | or_loss 0.4797
train_step epoch 0.6401807569196009 | step 1700/2656 | loss 2.5956 | sft_loss 2.5053 | or_loss 0.9031
train_step epoch 0.6405573338354359 | step 1701/2656 | loss 2.1624 | sft_loss 2.0830 | or_loss 0.7939
train_step epoch 0.6409339107512709 | step 1702/2656 | loss 2.5418 | sft_loss 2.4778 | or_loss 0.6399
train_step epoch 0.641310487667106 | step 1703/2656 | loss 2.6458 | sft_loss 2.5719 | or_loss 0.7390
train_step epoch 0.6416870645829411 | step 1704/2656 | loss 2.4087 | sft_loss 2.3199 | or_loss 0.8883
train_step epoch 0.6420636414987761 | step 1705/2656 | loss 2.1385 | sft_loss 2.0846 | or_loss 0.5396
train_step epoch 0.6424402184146112 | step 1706/2656 | loss 2.3269 | sft_loss 2.2355 | or_loss 0.9144
train_step epoch 0.6428167953304462 | step 1707/2656 | loss 2.4788 | sft_loss 2.3970 | or_loss 0.8178
train_step epoch 0.6431933722462813 | step 1708/2656 | loss 2.4616 | sft_loss 2.3748 | or_loss 0.8679
train_step epoch 0.6435699491621164 | step 1709/2656 | loss 2.2320 | sft_loss 2.1875 | or_loss 0.4452
train_step epoch 0.6439465260779514 | step 1710/2656 | loss 2.4462 | sft_loss 2.3663 | or_loss 0.7988
train_step epoch 0.6443231029937865 | step 1711/2656 | loss 2.4774 | sft_loss 2.4079 | or_loss 0.6959
train_step epoch 0.6446996799096215 | step 1712/2656 | loss 2.5978 | sft_loss 2.5123 | or_loss 0.8555
train_step epoch 0.6450762568254566 | step 1713/2656 | loss 2.1858 | sft_loss 2.1165 | or_loss 0.6928
train_step epoch 0.6454528337412917 | step 1714/2656 | loss 2.2823 | sft_loss 2.2157 | or_loss 0.6667
train_step epoch 0.6458294106571267 | step 1715/2656 | loss 2.2039 | sft_loss 2.1295 | or_loss 0.7437
train_step epoch 0.6462059875729618 | step 1716/2656 | loss 2.1754 | sft_loss 2.1201 | or_loss 0.5530
train_step epoch 0.6465825644887968 | step 1717/2656 | loss 2.1838 | sft_loss 2.1045 | or_loss 0.7933
train_step epoch 0.6469591414046318 | step 1718/2656 | loss 2.5095 | sft_loss 2.4358 | or_loss 0.7369
train_step epoch 0.647335718320467 | step 1719/2656 | loss 2.4696 | sft_loss 2.3821 | or_loss 0.8749
train_step epoch 0.647712295236302 | step 1720/2656 | loss 2.6757 | sft_loss 2.5906 | or_loss 0.8512
train_step epoch 0.6480888721521371 | step 1721/2656 | loss 2.2971 | sft_loss 2.2051 | or_loss 0.9198
train_step epoch 0.6484654490679721 | step 1722/2656 | loss 2.3120 | sft_loss 2.2211 | or_loss 0.9091
train_step epoch 0.6488420259838072 | step 1723/2656 | loss 2.3407 | sft_loss 2.2157 | or_loss 1.2496
train_step epoch 0.6492186028996423 | step 1724/2656 | loss 2.3791 | sft_loss 2.3187 | or_loss 0.6049
train_step epoch 0.6495951798154773 | step 1725/2656 | loss 2.3474 | sft_loss 2.2703 | or_loss 0.7710
train_step epoch 0.6499717567313124 | step 1726/2656 | loss 2.4930 | sft_loss 2.4313 | or_loss 0.6165
train_step epoch 0.6503483336471474 | step 1727/2656 | loss 2.4410 | sft_loss 2.3708 | or_loss 0.7018
train_step epoch 0.6507249105629825 | step 1728/2656 | loss 2.5725 | sft_loss 2.4853 | or_loss 0.8717
train_step epoch 0.6511014874788176 | step 1729/2656 | loss 2.5797 | sft_loss 2.5109 | or_loss 0.6879
train_step epoch 0.6514780643946526 | step 1730/2656 | loss 2.4137 | sft_loss 2.3031 | or_loss 1.1063
train_step epoch 0.6518546413104876 | step 1731/2656 | loss 2.2971 | sft_loss 2.2304 | or_loss 0.6672
train_step epoch 0.6522312182263227 | step 1732/2656 | loss 2.4616 | sft_loss 2.3714 | or_loss 0.9021
train_step epoch 0.6526077951421578 | step 1733/2656 | loss 2.5394 | sft_loss 2.4596 | or_loss 0.7974
train_step epoch 0.6529843720579929 | step 1734/2656 | loss 2.5750 | sft_loss 2.5010 | or_loss 0.7399
train_step epoch 0.6533609489738279 | step 1735/2656 | loss 2.2866 | sft_loss 2.2103 | or_loss 0.7626
train_step epoch 0.6537375258896629 | step 1736/2656 | loss 2.6221 | sft_loss 2.5143 | or_loss 1.0781
train_step epoch 0.654114102805498 | step 1737/2656 | loss 2.4781 | sft_loss 2.3990 | or_loss 0.7905
train_step epoch 0.6544906797213331 | step 1738/2656 | loss 2.4791 | sft_loss 2.4121 | or_loss 0.6704
train_step epoch 0.6548672566371682 | step 1739/2656 | loss 2.2996 | sft_loss 2.2145 | or_loss 0.8509
train_step epoch 0.6552438335530032 | step 1740/2656 | loss 2.3698 | sft_loss 2.2981 | or_loss 0.7166
train_step epoch 0.6556204104688382 | step 1741/2656 | loss 2.3420 | sft_loss 2.2752 | or_loss 0.6681
train_step epoch 0.6559969873846733 | step 1742/2656 | loss 2.5667 | sft_loss 2.4749 | or_loss 0.9175
train_step epoch 0.6563735643005084 | step 1743/2656 | loss 2.2407 | sft_loss 2.1903 | or_loss 0.5041
train_step epoch 0.6567501412163435 | step 1744/2656 | loss 2.2830 | sft_loss 2.2269 | or_loss 0.5607
train_step epoch 0.6571267181321785 | step 1745/2656 | loss 2.5104 | sft_loss 2.4332 | or_loss 0.7719
train_step epoch 0.6575032950480135 | step 1746/2656 | loss 2.3367 | sft_loss 2.2700 | or_loss 0.6664
train_step epoch 0.6578798719638486 | step 1747/2656 | loss 2.6380 | sft_loss 2.5624 | or_loss 0.7568
train_step epoch 0.6582564488796837 | step 1748/2656 | loss 2.2219 | sft_loss 2.1654 | or_loss 0.5646
train_step epoch 0.6586330257955187 | step 1749/2656 | loss 2.4546 | sft_loss 2.3762 | or_loss 0.7834
train_step epoch 0.6590096027113538 | step 1750/2656 | loss 2.2929 | sft_loss 2.2259 | or_loss 0.6700
train_step epoch 0.6593861796271888 | step 1751/2656 | loss 2.3305 | sft_loss 2.2586 | or_loss 0.7193
train_step epoch 0.659762756543024 | step 1752/2656 | loss 2.4299 | sft_loss 2.3541 | or_loss 0.7586
train_step epoch 0.660139333458859 | step 1753/2656 | loss 2.2349 | sft_loss 2.1616 | or_loss 0.7331
train_step epoch 0.660515910374694 | step 1754/2656 | loss 2.7572 | sft_loss 2.6692 | or_loss 0.8796
train_step epoch 0.6608924872905291 | step 1755/2656 | loss 2.6448 | sft_loss 2.5640 | or_loss 0.8083
train_step epoch 0.6612690642063641 | step 1756/2656 | loss 2.7884 | sft_loss 2.6939 | or_loss 0.9453
train_step epoch 0.6616456411221993 | step 1757/2656 | loss 2.2219 | sft_loss 2.1387 | or_loss 0.8312
train_step epoch 0.6620222180380343 | step 1758/2656 | loss 2.1750 | sft_loss 2.1252 | or_loss 0.4983
train_step epoch 0.6623987949538693 | step 1759/2656 | loss 2.5174 | sft_loss 2.4461 | or_loss 0.7126
train_step epoch 0.6627753718697044 | step 1760/2656 | loss 2.1879 | sft_loss 2.1282 | or_loss 0.5966
train_step epoch 0.6631519487855394 | step 1761/2656 | loss 2.2789 | sft_loss 2.2108 | or_loss 0.6815
train_step epoch 0.6635285257013745 | step 1762/2656 | loss 2.5791 | sft_loss 2.4464 | or_loss 1.3265
train_step epoch 0.6639051026172096 | step 1763/2656 | loss 2.4005 | sft_loss 2.3367 | or_loss 0.6384
train_step epoch 0.6642816795330446 | step 1764/2656 | loss 2.2894 | sft_loss 2.2070 | or_loss 0.8247
train_step epoch 0.6646582564488797 | step 1765/2656 | loss 2.3865 | sft_loss 2.3052 | or_loss 0.8130
train_step epoch 0.6650348333647147 | step 1766/2656 | loss 2.0064 | sft_loss 1.9552 | or_loss 0.5122
train_step epoch 0.6654114102805498 | step 1767/2656 | loss 2.2438 | sft_loss 2.1629 | or_loss 0.8089
train_step epoch 0.6657879871963849 | step 1768/2656 | loss 2.3785 | sft_loss 2.3126 | or_loss 0.6591
train_step epoch 0.6661645641122199 | step 1769/2656 | loss 2.0528 | sft_loss 1.9869 | or_loss 0.6592
train_step epoch 0.666541141028055 | step 1770/2656 | loss 2.3070 | sft_loss 2.2351 | or_loss 0.7193
train_step epoch 0.66691771794389 | step 1771/2656 | loss 2.3671 | sft_loss 2.3043 | or_loss 0.6282
train_step epoch 0.6672942948597251 | step 1772/2656 | loss 2.6697 | sft_loss 2.5928 | or_loss 0.7693
train_step epoch 0.6676708717755602 | step 1773/2656 | loss 1.9348 | sft_loss 1.8870 | or_loss 0.4785
train_step epoch 0.6680474486913952 | step 1774/2656 | loss 2.3027 | sft_loss 2.2405 | or_loss 0.6225
train_step epoch 0.6684240256072302 | step 1775/2656 | loss 2.0928 | sft_loss 2.0436 | or_loss 0.4916
train_step epoch 0.6688006025230654 | step 1776/2656 | loss 2.2565 | sft_loss 2.1985 | or_loss 0.5800
train_step epoch 0.6691771794389004 | step 1777/2656 | loss 2.4437 | sft_loss 2.3849 | or_loss 0.5877
train_step epoch 0.6695537563547355 | step 1778/2656 | loss 2.3275 | sft_loss 2.2401 | or_loss 0.8741
train_step epoch 0.6699303332705705 | step 1779/2656 | loss 2.2324 | sft_loss 2.1774 | or_loss 0.5499
train_step epoch 0.6703069101864055 | step 1780/2656 | loss 2.3434 | sft_loss 2.2573 | or_loss 0.8613
train_step epoch 0.6706834871022407 | step 1781/2656 | loss 2.4059 | sft_loss 2.3352 | or_loss 0.7067
train_step epoch 0.6710600640180757 | step 1782/2656 | loss 2.3549 | sft_loss 2.2963 | or_loss 0.5856
train_step epoch 0.6714366409339108 | step 1783/2656 | loss 2.1914 | sft_loss 2.1062 | or_loss 0.8525
train_step epoch 0.6718132178497458 | step 1784/2656 | loss 2.1985 | sft_loss 2.1258 | or_loss 0.7273
train_step epoch 0.6721897947655808 | step 1785/2656 | loss 2.3002 | sft_loss 2.2303 | or_loss 0.6987
train_step epoch 0.672566371681416 | step 1786/2656 | loss 2.3343 | sft_loss 2.2570 | or_loss 0.7730
train_step epoch 0.672942948597251 | step 1787/2656 | loss 2.4972 | sft_loss 2.4082 | or_loss 0.8899
train_step epoch 0.673319525513086 | step 1788/2656 | loss 2.4913 | sft_loss 2.4267 | or_loss 0.6458
train_step epoch 0.6736961024289211 | step 1789/2656 | loss 2.5378 | sft_loss 2.4703 | or_loss 0.6749
train_step epoch 0.6740726793447561 | step 1790/2656 | loss 2.7357 | sft_loss 2.6410 | or_loss 0.9464
train_step epoch 0.6744492562605913 | step 1791/2656 | loss 2.6345 | sft_loss 2.5446 | or_loss 0.8988
train_step epoch 0.6748258331764263 | step 1792/2656 | loss 2.4004 | sft_loss 2.3286 | or_loss 0.7178
train_step epoch 0.6752024100922613 | step 1793/2656 | loss 2.1609 | sft_loss 2.1001 | or_loss 0.6083
train_step epoch 0.6755789870080964 | step 1794/2656 | loss 2.6118 | sft_loss 2.5315 | or_loss 0.8029
train_step epoch 0.6759555639239314 | step 1795/2656 | loss 2.0868 | sft_loss 2.0264 | or_loss 0.6037
train_step epoch 0.6763321408397666 | step 1796/2656 | loss 2.2824 | sft_loss 2.2030 | or_loss 0.7933
train_step epoch 0.6767087177556016 | step 1797/2656 | loss 2.3350 | sft_loss 2.2523 | or_loss 0.8270
train_step epoch 0.6770852946714366 | step 1798/2656 | loss 2.4939 | sft_loss 2.3929 | or_loss 1.0102
train_step epoch 0.6774618715872717 | step 1799/2656 | loss 2.2872 | sft_loss 2.2081 | or_loss 0.7906
train_step epoch 0.6778384485031067 | step 1800/2656 | loss 2.5116 | sft_loss 2.4226 | or_loss 0.8900
train_step epoch 0.6782150254189419 | step 1801/2656 | loss 2.3353 | sft_loss 2.2532 | or_loss 0.8210
train_step epoch 0.6785916023347769 | step 1802/2656 | loss 2.1139 | sft_loss 2.0510 | or_loss 0.6286
train_step epoch 0.6789681792506119 | step 1803/2656 | loss 2.3772 | sft_loss 2.3037 | or_loss 0.7351
train_step epoch 0.679344756166447 | step 1804/2656 | loss 2.3199 | sft_loss 2.2509 | or_loss 0.6899
train_step epoch 0.6797213330822821 | step 1805/2656 | loss 2.2393 | sft_loss 2.1666 | or_loss 0.7265
train_step epoch 0.6800979099981171 | step 1806/2656 | loss 2.2808 | sft_loss 2.1873 | or_loss 0.9349
train_step epoch 0.6804744869139522 | step 1807/2656 | loss 2.2387 | sft_loss 2.1657 | or_loss 0.7298
train_step epoch 0.6808510638297872 | step 1808/2656 | loss 2.3351 | sft_loss 2.2696 | or_loss 0.6554
train_step epoch 0.6812276407456223 | step 1809/2656 | loss 2.3578 | sft_loss 2.3017 | or_loss 0.5603
train_step epoch 0.6816042176614574 | step 1810/2656 | loss 2.2227 | sft_loss 2.1481 | or_loss 0.7468
train_step epoch 0.6819807945772924 | step 1811/2656 | loss 2.3910 | sft_loss 2.2906 | or_loss 1.0045
train_step epoch 0.6823573714931275 | step 1812/2656 | loss 2.0835 | sft_loss 2.0346 | or_loss 0.4891
train_step epoch 0.6827339484089625 | step 1813/2656 | loss 2.7122 | sft_loss 2.5974 | or_loss 1.1476
train_step epoch 0.6831105253247975 | step 1814/2656 | loss 2.1099 | sft_loss 2.0507 | or_loss 0.5914
train_step epoch 0.6834871022406327 | step 1815/2656 | loss 2.5293 | sft_loss 2.4272 | or_loss 1.0208
train_step epoch 0.6838636791564677 | step 1816/2656 | loss 2.4364 | sft_loss 2.3492 | or_loss 0.8717
train_step epoch 0.6842402560723028 | step 1817/2656 | loss 2.3697 | sft_loss 2.3009 | or_loss 0.6879
train_step epoch 0.6846168329881378 | step 1818/2656 | loss 2.4478 | sft_loss 2.3634 | or_loss 0.8439
train_step epoch 0.6849934099039728 | step 1819/2656 | loss 2.4211 | sft_loss 2.3273 | or_loss 0.9371
train_step epoch 0.685369986819808 | step 1820/2656 | loss 2.4590 | sft_loss 2.3863 | or_loss 0.7270
train_step epoch 0.685746563735643 | step 1821/2656 | loss 2.4946 | sft_loss 2.4237 | or_loss 0.7089
train_step epoch 0.6861231406514781 | step 1822/2656 | loss 2.4217 | sft_loss 2.3387 | or_loss 0.8299
train_step epoch 0.6864997175673131 | step 1823/2656 | loss 2.2412 | sft_loss 2.1672 | or_loss 0.7395
train_step epoch 0.6868762944831481 | step 1824/2656 | loss 2.4750 | sft_loss 2.4124 | or_loss 0.6260
train_step epoch 0.6872528713989833 | step 1825/2656 | loss 2.3714 | sft_loss 2.3075 | or_loss 0.6392
train_step epoch 0.6876294483148183 | step 1826/2656 | loss 2.4048 | sft_loss 2.3413 | or_loss 0.6350
train_step epoch 0.6880060252306534 | step 1827/2656 | loss 2.1650 | sft_loss 2.0712 | or_loss 0.9388
train_step epoch 0.6883826021464884 | step 1828/2656 | loss 2.4573 | sft_loss 2.3910 | or_loss 0.6638
train_step epoch 0.6887591790623235 | step 1829/2656 | loss 2.1442 | sft_loss 2.0847 | or_loss 0.5953
train_step epoch 0.6891357559781586 | step 1830/2656 | loss 2.2569 | sft_loss 2.1717 | or_loss 0.8519
train_step epoch 0.6895123328939936 | step 1831/2656 | loss 2.2460 | sft_loss 2.1639 | or_loss 0.8210
train_step epoch 0.6898889098098286 | step 1832/2656 | loss 2.5339 | sft_loss 2.4663 | or_loss 0.6761
train_step epoch 0.6902654867256637 | step 1833/2656 | loss 2.5636 | sft_loss 2.4778 | or_loss 0.8580
train_step epoch 0.6906420636414988 | step 1834/2656 | loss 2.4877 | sft_loss 2.4103 | or_loss 0.7736
train_step epoch 0.6910186405573339 | step 1835/2656 | loss 2.2272 | sft_loss 2.1619 | or_loss 0.6532
train_step epoch 0.6913952174731689 | step 1836/2656 | loss 2.3930 | sft_loss 2.3259 | or_loss 0.6706
train_step epoch 0.6917717943890039 | step 1837/2656 | loss 2.3813 | sft_loss 2.3169 | or_loss 0.6444
train_step epoch 0.692148371304839 | step 1838/2656 | loss 2.4199 | sft_loss 2.3516 | or_loss 0.6826
train_step epoch 0.6925249482206741 | step 1839/2656 | loss 2.0978 | sft_loss 2.0524 | or_loss 0.4542
train_step epoch 0.6929015251365092 | step 1840/2656 | loss 2.6872 | sft_loss 2.5670 | or_loss 1.2023
train_step epoch 0.6932781020523442 | step 1841/2656 | loss 2.3795 | sft_loss 2.3023 | or_loss 0.7719
train_step epoch 0.6936546789681792 | step 1842/2656 | loss 2.3122 | sft_loss 2.2375 | or_loss 0.7468
train_step epoch 0.6940312558840143 | step 1843/2656 | loss 2.5734 | sft_loss 2.4950 | or_loss 0.7846
train_step epoch 0.6944078327998494 | step 1844/2656 | loss 2.3029 | sft_loss 2.1482 | or_loss 1.5464
train_step epoch 0.6947844097156844 | step 1845/2656 | loss 2.3724 | sft_loss 2.3007 | or_loss 0.7164
train_step epoch 0.6951609866315195 | step 1846/2656 | loss 2.2584 | sft_loss 2.2081 | or_loss 0.5023
train_step epoch 0.6955375635473545 | step 1847/2656 | loss 2.3579 | sft_loss 2.2699 | or_loss 0.8799
train_step epoch 0.6959141404631896 | step 1848/2656 | loss 2.3209 | sft_loss 2.2614 | or_loss 0.5947
train_step epoch 0.6962907173790247 | step 1849/2656 | loss 2.4556 | sft_loss 2.3860 | or_loss 0.6957
train_step epoch 0.6966672942948597 | step 1850/2656 | loss 2.3713 | sft_loss 2.2888 | or_loss 0.8252
train_step epoch 0.6970438712106948 | step 1851/2656 | loss 2.4224 | sft_loss 2.3502 | or_loss 0.7224
train_step epoch 0.6974204481265298 | step 1852/2656 | loss 2.1402 | sft_loss 2.0714 | or_loss 0.6882
train_step epoch 0.6977970250423648 | step 1853/2656 | loss 2.5087 | sft_loss 2.4303 | or_loss 0.7846
train_step epoch 0.6981736019582 | step 1854/2656 | loss 2.3375 | sft_loss 2.2607 | or_loss 0.7672
train_step epoch 0.698550178874035 | step 1855/2656 | loss 2.3361 | sft_loss 2.2678 | or_loss 0.6828
train_step epoch 0.6989267557898701 | step 1856/2656 | loss 2.4001 | sft_loss 2.3441 | or_loss 0.5604
train_step epoch 0.6993033327057051 | step 1857/2656 | loss 2.4375 | sft_loss 2.3697 | or_loss 0.6773
train_step epoch 0.6996799096215403 | step 1858/2656 | loss 2.2986 | sft_loss 2.2335 | or_loss 0.6506
train_step epoch 0.7000564865373753 | step 1859/2656 | loss 2.1585 | sft_loss 2.1088 | or_loss 0.4961
train_step epoch 0.7004330634532103 | step 1860/2656 | loss 2.2655 | sft_loss 2.1728 | or_loss 0.9277
train_step epoch 0.7008096403690454 | step 1861/2656 | loss 2.3157 | sft_loss 2.2479 | or_loss 0.6777
train_step epoch 0.7011862172848804 | step 1862/2656 | loss 2.3981 | sft_loss 2.3256 | or_loss 0.7245
train_step epoch 0.7015627942007155 | step 1863/2656 | loss 2.4349 | sft_loss 2.3640 | or_loss 0.7092
train_step epoch 0.7019393711165506 | step 1864/2656 | loss 2.0846 | sft_loss 2.0157 | or_loss 0.6891
train_step epoch 0.7023159480323856 | step 1865/2656 | loss 2.2889 | sft_loss 2.2224 | or_loss 0.6648
train_step epoch 0.7026925249482207 | step 1866/2656 | loss 2.2185 | sft_loss 2.1463 | or_loss 0.7223
train_step epoch 0.7030691018640557 | step 1867/2656 | loss 2.0032 | sft_loss 1.9516 | or_loss 0.5162
train_step epoch 0.7034456787798908 | step 1868/2656 | loss 2.2158 | sft_loss 2.1444 | or_loss 0.7149
train_step epoch 0.7038222556957259 | step 1869/2656 | loss 2.6058 | sft_loss 2.5146 | or_loss 0.9116
train_step epoch 0.7041988326115609 | step 1870/2656 | loss 2.5437 | sft_loss 2.4670 | or_loss 0.7675
train_step epoch 0.704575409527396 | step 1871/2656 | loss 2.4454 | sft_loss 2.3808 | or_loss 0.6452
train_step epoch 0.704951986443231 | step 1872/2656 | loss 2.2139 | sft_loss 2.1311 | or_loss 0.8275
train_step epoch 0.7053285633590661 | step 1873/2656 | loss 2.2729 | sft_loss 2.2247 | or_loss 0.4816
train_step epoch 0.7057051402749012 | step 1874/2656 | loss 2.1448 | sft_loss 2.0918 | or_loss 0.5302
train_step epoch 0.7060817171907362 | step 1875/2656 | loss 2.6063 | sft_loss 2.4988 | or_loss 1.0756
train_step epoch 0.7064582941065712 | step 1876/2656 | loss 2.3266 | sft_loss 2.2391 | or_loss 0.8750
train_step epoch 0.7068348710224063 | step 1877/2656 | loss 2.5451 | sft_loss 2.4724 | or_loss 0.7272
train_step epoch 0.7072114479382414 | step 1878/2656 | loss 2.3811 | sft_loss 2.3057 | or_loss 0.7540
train_step epoch 0.7075880248540765 | step 1879/2656 | loss 2.7956 | sft_loss 2.6615 | or_loss 1.3415
train_step epoch 0.7079646017699115 | step 1880/2656 | loss 2.3369 | sft_loss 2.2782 | or_loss 0.5870
train_step epoch 0.7083411786857465 | step 1881/2656 | loss 2.1341 | sft_loss 2.0790 | or_loss 0.5511
train_step epoch 0.7087177556015817 | step 1882/2656 | loss 2.1558 | sft_loss 2.1004 | or_loss 0.5535
train_step epoch 0.7090943325174167 | step 1883/2656 | loss 2.1507 | sft_loss 2.0801 | or_loss 0.7068
train_step epoch 0.7094709094332518 | step 1884/2656 | loss 2.2343 | sft_loss 2.1764 | or_loss 0.5787
train_step epoch 0.7098474863490868 | step 1885/2656 | loss 2.4236 | sft_loss 2.3607 | or_loss 0.6295
train_step epoch 0.7102240632649218 | step 1886/2656 | loss 2.2143 | sft_loss 2.1594 | or_loss 0.5487
train_step epoch 0.710600640180757 | step 1887/2656 | loss 2.3115 | sft_loss 2.2368 | or_loss 0.7468
train_step epoch 0.710977217096592 | step 1888/2656 | loss 2.1245 | sft_loss 2.0512 | or_loss 0.7331
train_step epoch 0.711353794012427 | step 1889/2656 | loss 2.5922 | sft_loss 2.5301 | or_loss 0.6209
train_step epoch 0.7117303709282621 | step 1890/2656 | loss 2.3972 | sft_loss 2.3215 | or_loss 0.7577
train_step epoch 0.7121069478440971 | step 1891/2656 | loss 2.1956 | sft_loss 2.1237 | or_loss 0.7190
train_step epoch 0.7124835247599323 | step 1892/2656 | loss 2.4082 | sft_loss 2.3270 | or_loss 0.8122
train_step epoch 0.7128601016757673 | step 1893/2656 | loss 2.2840 | sft_loss 2.2140 | or_loss 0.7004
train_step epoch 0.7132366785916023 | step 1894/2656 | loss 2.2681 | sft_loss 2.1832 | or_loss 0.8491
train_step epoch 0.7136132555074374 | step 1895/2656 | loss 2.7005 | sft_loss 2.5805 | or_loss 1.1999
train_step epoch 0.7139898324232724 | step 1896/2656 | loss 2.5364 | sft_loss 2.4713 | or_loss 0.6512
train_step epoch 0.7143664093391076 | step 1897/2656 | loss 2.5545 | sft_loss 2.4839 | or_loss 0.7056
train_step epoch 0.7147429862549426 | step 1898/2656 | loss 2.4238 | sft_loss 2.3506 | or_loss 0.7321
train_step epoch 0.7151195631707776 | step 1899/2656 | loss 2.3530 | sft_loss 2.2704 | or_loss 0.8260
train_step epoch 0.7154961400866127 | step 1900/2656 | loss 2.6889 | sft_loss 2.6013 | or_loss 0.8764
train_step epoch 0.7158727170024477 | step 1901/2656 | loss 2.2108 | sft_loss 2.1426 | or_loss 0.6825
train_step epoch 0.7162492939182828 | step 1902/2656 | loss 2.6475 | sft_loss 2.5545 | or_loss 0.9302
train_step epoch 0.7166258708341179 | step 1903/2656 | loss 2.1454 | sft_loss 2.0757 | or_loss 0.6970
train_step epoch 0.7170024477499529 | step 1904/2656 | loss 2.4092 | sft_loss 2.3278 | or_loss 0.8143
train_step epoch 0.717379024665788 | step 1905/2656 | loss 2.2482 | sft_loss 2.1856 | or_loss 0.6263
train_step epoch 0.717755601581623 | step 1906/2656 | loss 2.3008 | sft_loss 2.2331 | or_loss 0.6765
train_step epoch 0.7181321784974581 | step 1907/2656 | loss 2.2579 | sft_loss 2.1964 | or_loss 0.6151
train_step epoch 0.7185087554132932 | step 1908/2656 | loss 2.4214 | sft_loss 2.3449 | or_loss 0.7649
train_step epoch 0.7188853323291282 | step 1909/2656 | loss 2.3763 | sft_loss 2.3069 | or_loss 0.6937
train_step epoch 0.7192619092449632 | step 1910/2656 | loss 2.3276 | sft_loss 2.2690 | or_loss 0.5860
train_step epoch 0.7196384861607984 | step 1911/2656 | loss 2.3595 | sft_loss 2.2820 | or_loss 0.7747
train_step epoch 0.7200150630766334 | step 1912/2656 | loss 2.2809 | sft_loss 2.2060 | or_loss 0.7491
train_step epoch 0.7203916399924685 | step 1913/2656 | loss 2.4039 | sft_loss 2.3210 | or_loss 0.8287
train_step epoch 0.7207682169083035 | step 1914/2656 | loss 2.4483 | sft_loss 2.3561 | or_loss 0.9220
train_step epoch 0.7211447938241385 | step 1915/2656 | loss 2.2679 | sft_loss 2.2102 | or_loss 0.5766
train_step epoch 0.7215213707399737 | step 1916/2656 | loss 2.5178 | sft_loss 2.4504 | or_loss 0.6743
train_step epoch 0.7218979476558087 | step 1917/2656 | loss 2.2394 | sft_loss 2.1913 | or_loss 0.4807
train_step epoch 0.7222745245716438 | step 1918/2656 | loss 2.4533 | sft_loss 2.3635 | or_loss 0.8981
train_step epoch 0.7226511014874788 | step 1919/2656 | loss 2.4289 | sft_loss 2.3604 | or_loss 0.6844
train_step epoch 0.7230276784033138 | step 1920/2656 | loss 2.2672 | sft_loss 2.2000 | or_loss 0.6724
train_step epoch 0.723404255319149 | step 1921/2656 | loss 2.4195 | sft_loss 2.3515 | or_loss 0.6807
train_step epoch 0.723780832234984 | step 1922/2656 | loss 2.3726 | sft_loss 2.2985 | or_loss 0.7402
train_step epoch 0.724157409150819 | step 1923/2656 | loss 2.3537 | sft_loss 2.2884 | or_loss 0.6531
train_step epoch 0.7245339860666541 | step 1924/2656 | loss 2.5020 | sft_loss 2.4105 | or_loss 0.9156
train_step epoch 0.7249105629824891 | step 1925/2656 | loss 2.1569 | sft_loss 2.0785 | or_loss 0.7846
train_step epoch 0.7252871398983243 | step 1926/2656 | loss 2.3378 | sft_loss 2.2354 | or_loss 1.0239
train_step epoch 0.7256637168141593 | step 1927/2656 | loss 2.2683 | sft_loss 2.2070 | or_loss 0.6129
train_step epoch 0.7260402937299943 | step 1928/2656 | loss 2.4179 | sft_loss 2.3175 | or_loss 1.0040
train_step epoch 0.7264168706458294 | step 1929/2656 | loss 2.5751 | sft_loss 2.4970 | or_loss 0.7812
train_step epoch 0.7267934475616644 | step 1930/2656 | loss 2.4108 | sft_loss 2.3408 | or_loss 0.6995
train_step epoch 0.7271700244774996 | step 1931/2656 | loss 2.4082 | sft_loss 2.3297 | or_loss 0.7853
train_step epoch 0.7275466013933346 | step 1932/2656 | loss 2.2506 | sft_loss 2.1942 | or_loss 0.5643
train_step epoch 0.7279231783091696 | step 1933/2656 | loss 2.4441 | sft_loss 2.3474 | or_loss 0.9670
train_step epoch 0.7282997552250047 | step 1934/2656 | loss 2.2346 | sft_loss 2.1739 | or_loss 0.6077
train_step epoch 0.7286763321408398 | step 1935/2656 | loss 2.3693 | sft_loss 2.2857 | or_loss 0.8353
train_step epoch 0.7290529090566749 | step 1936/2656 | loss 2.4358 | sft_loss 2.3663 | or_loss 0.6951
train_step epoch 0.7294294859725099 | step 1937/2656 | loss 2.1294 | sft_loss 2.0736 | or_loss 0.5581
train_step epoch 0.7298060628883449 | step 1938/2656 | loss 2.3043 | sft_loss 2.2310 | or_loss 0.7324
train_step epoch 0.73018263980418 | step 1939/2656 | loss 2.5200 | sft_loss 2.4399 | or_loss 0.8006
train_step epoch 0.7305592167200151 | step 1940/2656 | loss 2.3529 | sft_loss 2.2989 | or_loss 0.5401
train_step epoch 0.7309357936358502 | step 1941/2656 | loss 2.3406 | sft_loss 2.2567 | or_loss 0.8389
train_step epoch 0.7313123705516852 | step 1942/2656 | loss 2.5083 | sft_loss 2.4042 | or_loss 1.0409
train_step epoch 0.7316889474675202 | step 1943/2656 | loss 2.3210 | sft_loss 2.2480 | or_loss 0.7299
train_step epoch 0.7320655243833553 | step 1944/2656 | loss 2.2094 | sft_loss 2.1555 | or_loss 0.5393
train_step epoch 0.7324421012991904 | step 1945/2656 | loss 2.5845 | sft_loss 2.5021 | or_loss 0.8245
train_step epoch 0.7328186782150254 | step 1946/2656 | loss 2.3254 | sft_loss 2.2529 | or_loss 0.7247
train_step epoch 0.7331952551308605 | step 1947/2656 | loss 2.0693 | sft_loss 2.0255 | or_loss 0.4374
train_step epoch 0.7335718320466955 | step 1948/2656 | loss 2.5270 | sft_loss 2.4621 | or_loss 0.6490
train_step epoch 0.7339484089625306 | step 1949/2656 | loss 2.1450 | sft_loss 2.0862 | or_loss 0.5873
train_step epoch 0.7343249858783657 | step 1950/2656 | loss 2.2945 | sft_loss 2.2231 | or_loss 0.7139
train_step epoch 0.7347015627942007 | step 1951/2656 | loss 2.3923 | sft_loss 2.3177 | or_loss 0.7462
train_step epoch 0.7350781397100358 | step 1952/2656 | loss 2.7519 | sft_loss 2.6669 | or_loss 0.8507
train_step epoch 0.7354547166258708 | step 1953/2656 | loss 2.3237 | sft_loss 2.2621 | or_loss 0.6165
train_step epoch 0.7358312935417058 | step 1954/2656 | loss 2.5096 | sft_loss 2.4349 | or_loss 0.7477
train_step epoch 0.736207870457541 | step 1955/2656 | loss 2.5290 | sft_loss 2.4486 | or_loss 0.8034
train_step epoch 0.736584447373376 | step 1956/2656 | loss 2.6663 | sft_loss 2.5736 | or_loss 0.9271
train_step epoch 0.7369610242892111 | step 1957/2656 | loss 2.7377 | sft_loss 2.6441 | or_loss 0.9367
train_step epoch 0.7373376012050461 | step 1958/2656 | loss 2.3197 | sft_loss 2.2700 | or_loss 0.4965
train_step epoch 0.7377141781208811 | step 1959/2656 | loss 2.2278 | sft_loss 2.1646 | or_loss 0.6320
train_step epoch 0.7380907550367163 | step 1960/2656 | loss 2.4211 | sft_loss 2.3601 | or_loss 0.6104
train_step epoch 0.7384673319525513 | step 1961/2656 | loss 2.1707 | sft_loss 2.0954 | or_loss 0.7532
train_step epoch 0.7388439088683864 | step 1962/2656 | loss 2.0181 | sft_loss 1.9582 | or_loss 0.5988
train_step epoch 0.7392204857842214 | step 1963/2656 | loss 2.2466 | sft_loss 2.1800 | or_loss 0.6668
train_step epoch 0.7395970627000565 | step 1964/2656 | loss 2.3853 | sft_loss 2.3122 | or_loss 0.7308
train_step epoch 0.7399736396158916 | step 1965/2656 | loss 2.4170 | sft_loss 2.3519 | or_loss 0.6513
train_step epoch 0.7403502165317266 | step 1966/2656 | loss 2.5012 | sft_loss 2.4227 | or_loss 0.7855
train_step epoch 0.7407267934475616 | step 1967/2656 | loss 2.3155 | sft_loss 2.2416 | or_loss 0.7398
train_step epoch 0.7411033703633967 | step 1968/2656 | loss 2.6340 | sft_loss 2.5359 | or_loss 0.9815
train_step epoch 0.7414799472792318 | step 1969/2656 | loss 2.3672 | sft_loss 2.2784 | or_loss 0.8877
train_step epoch 0.7418565241950669 | step 1970/2656 | loss 2.1230 | sft_loss 2.0492 | or_loss 0.7378
train_step epoch 0.7422331011109019 | step 1971/2656 | loss 2.0545 | sft_loss 2.0111 | or_loss 0.4344
train_step epoch 0.7426096780267369 | step 1972/2656 | loss 2.4182 | sft_loss 2.3414 | or_loss 0.7676
train_step epoch 0.742986254942572 | step 1973/2656 | loss 2.3500 | sft_loss 2.2720 | or_loss 0.7795
train_step epoch 0.7433628318584071 | step 1974/2656 | loss 2.8038 | sft_loss 2.7294 | or_loss 0.7434
train_step epoch 0.7437394087742422 | step 1975/2656 | loss 2.3243 | sft_loss 2.2374 | or_loss 0.8683
train_step epoch 0.7441159856900772 | step 1976/2656 | loss 2.6853 | sft_loss 2.5509 | or_loss 1.3436
train_step epoch 0.7444925626059122 | step 1977/2656 | loss 2.3909 | sft_loss 2.3439 | or_loss 0.4699
train_step epoch 0.7448691395217473 | step 1978/2656 | loss 2.4082 | sft_loss 2.3264 | or_loss 0.8180
train_step epoch 0.7452457164375824 | step 1979/2656 | loss 2.3925 | sft_loss 2.3328 | or_loss 0.5970
train_step epoch 0.7456222933534175 | step 1980/2656 | loss 2.4242 | sft_loss 2.3492 | or_loss 0.7496
train_step epoch 0.7459988702692525 | step 1981/2656 | loss 2.0727 | sft_loss 1.9924 | or_loss 0.8035
train_step epoch 0.7463754471850875 | step 1982/2656 | loss 2.3498 | sft_loss 2.2617 | or_loss 0.8805
train_step epoch 0.7467520241009226 | step 1983/2656 | loss 2.6840 | sft_loss 2.5989 | or_loss 0.8513
train_step epoch 0.7471286010167577 | step 1984/2656 | loss 2.1980 | sft_loss 2.1269 | or_loss 0.7106
train_step epoch 0.7475051779325927 | step 1985/2656 | loss 2.3217 | sft_loss 2.2620 | or_loss 0.5969
train_step epoch 0.7478817548484278 | step 1986/2656 | loss 2.4664 | sft_loss 2.3716 | or_loss 0.9478
train_step epoch 0.7482583317642628 | step 1987/2656 | loss 2.4078 | sft_loss 2.3484 | or_loss 0.5940
train_step epoch 0.7486349086800979 | step 1988/2656 | loss 2.4467 | sft_loss 2.3561 | or_loss 0.9058
train_step epoch 0.749011485595933 | step 1989/2656 | loss 2.0984 | sft_loss 2.0298 | or_loss 0.6860
train_step epoch 0.749388062511768 | step 1990/2656 | loss 2.4101 | sft_loss 2.3277 | or_loss 0.8240
train_step epoch 0.7497646394276031 | step 1991/2656 | loss 1.9796 | sft_loss 1.9126 | or_loss 0.6701
train_step epoch 0.7501412163434381 | step 1992/2656 | loss 2.3617 | sft_loss 2.2972 | or_loss 0.6447
train_step epoch 0.7505177932592733 | step 1993/2656 | loss 2.1720 | sft_loss 2.1089 | or_loss 0.6306
train_step epoch 0.7508943701751083 | step 1994/2656 | loss 2.3179 | sft_loss 2.2387 | or_loss 0.7916
train_step epoch 0.7512709470909433 | step 1995/2656 | loss 2.5156 | sft_loss 2.4409 | or_loss 0.7474
train_step epoch 0.7516475240067784 | step 1996/2656 | loss 2.3235 | sft_loss 2.2452 | or_loss 0.7830
train_step epoch 0.7520241009226134 | step 1997/2656 | loss 2.0249 | sft_loss 1.9737 | or_loss 0.5119
train_step epoch 0.7524006778384486 | step 1998/2656 | loss 2.0611 | sft_loss 1.9995 | or_loss 0.6159
train_step epoch 0.7527772547542836 | step 1999/2656 | loss 2.4376 | sft_loss 2.3806 | or_loss 0.5701
train_step epoch 0.7531538316701186 | step 2000/2656 | loss 2.4944 | sft_loss 2.4060 | or_loss 0.8839
trainer_log step=2000 epoch=0.7531538316701186: {"epoch": 0.7531538316701186, "grad_norm": 7.256069660186768, "learning_rate": 2.473644578313253e-06, "loss": 2.35677197265625}
train_step epoch 0.7535304085859537 | step 2001/2656 | loss 2.3953 | sft_loss 2.3310 | or_loss 0.6433
train_step epoch 0.7539069855017887 | step 2002/2656 | loss 2.3531 | sft_loss 2.2843 | or_loss 0.6888
train_step epoch 0.7542835624176238 | step 2003/2656 | loss 2.3884 | sft_loss 2.3173 | or_loss 0.7106
train_step epoch 0.7546601393334589 | step 2004/2656 | loss 2.2418 | sft_loss 2.1702 | or_loss 0.7160
train_step epoch 0.7550367162492939 | step 2005/2656 | loss 2.0668 | sft_loss 2.0090 | or_loss 0.5782
train_step epoch 0.755413293165129 | step 2006/2656 | loss 2.4458 | sft_loss 2.3657 | or_loss 0.8012
train_step epoch 0.755789870080964 | step 2007/2656 | loss 2.3931 | sft_loss 2.3216 | or_loss 0.7150
train_step epoch 0.7561664469967991 | step 2008/2656 | loss 2.1936 | sft_loss 2.1279 | or_loss 0.6573
train_step epoch 0.7565430239126342 | step 2009/2656 | loss 2.0968 | sft_loss 2.0406 | or_loss 0.5620
train_step epoch 0.7569196008284692 | step 2010/2656 | loss 2.3489 | sft_loss 2.2772 | or_loss 0.7171
train_step epoch 0.7572961777443042 | step 2011/2656 | loss 2.3105 | sft_loss 2.2380 | or_loss 0.7253
train_step epoch 0.7576727546601393 | step 2012/2656 | loss 2.3236 | sft_loss 2.2561 | or_loss 0.6750
train_step epoch 0.7580493315759744 | step 2013/2656 | loss 2.4294 | sft_loss 2.3695 | or_loss 0.5985
train_step epoch 0.7584259084918095 | step 2014/2656 | loss 2.4465 | sft_loss 2.3798 | or_loss 0.6670
train_step epoch 0.7588024854076445 | step 2015/2656 | loss 2.4891 | sft_loss 2.4224 | or_loss 0.6674
train_step epoch 0.7591790623234795 | step 2016/2656 | loss 2.6243 | sft_loss 2.5503 | or_loss 0.7400
train_step epoch 0.7595556392393147 | step 2017/2656 | loss 2.4285 | sft_loss 2.3544 | or_loss 0.7411
train_step epoch 0.7599322161551497 | step 2018/2656 | loss 2.5729 | sft_loss 2.4972 | or_loss 0.7569
train_step epoch 0.7603087930709848 | step 2019/2656 | loss 2.5415 | sft_loss 2.4656 | or_loss 0.7584
train_step epoch 0.7606853699868198 | step 2020/2656 | loss 2.6062 | sft_loss 2.5266 | or_loss 0.7956
train_step epoch 0.7610619469026548 | step 2021/2656 | loss 2.3924 | sft_loss 2.3273 | or_loss 0.6509
train_step epoch 0.76143852381849 | step 2022/2656 | loss 2.2792 | sft_loss 2.2188 | or_loss 0.6041
train_step epoch 0.761815100734325 | step 2023/2656 | loss 2.3306 | sft_loss 2.2654 | or_loss 0.6521
train_step epoch 0.76219167765016 | step 2024/2656 | loss 2.3751 | sft_loss 2.3056 | or_loss 0.6952
train_step epoch 0.7625682545659951 | step 2025/2656 | loss 2.3817 | sft_loss 2.2788 | or_loss 1.0296
train_step epoch 0.7629448314818301 | step 2026/2656 | loss 2.2407 | sft_loss 2.1674 | or_loss 0.7337
train_step epoch 0.7633214083976653 | step 2027/2656 | loss 2.5192 | sft_loss 2.4167 | or_loss 1.0245
train_step epoch 0.7636979853135003 | step 2028/2656 | loss 2.6263 | sft_loss 2.5457 | or_loss 0.8061
train_step epoch 0.7640745622293353 | step 2029/2656 | loss 2.1183 | sft_loss 2.0542 | or_loss 0.6402
train_step epoch 0.7644511391451704 | step 2030/2656 | loss 2.3158 | sft_loss 2.2379 | or_loss 0.7784
train_step epoch 0.7648277160610054 | step 2031/2656 | loss 2.2219 | sft_loss 2.1542 | or_loss 0.6771
train_step epoch 0.7652042929768406 | step 2032/2656 | loss 2.2817 | sft_loss 2.1981 | or_loss 0.8363
train_step epoch 0.7655808698926756 | step 2033/2656 | loss 2.1575 | sft_loss 2.0994 | or_loss 0.5807
train_step epoch 0.7659574468085106 | step 2034/2656 | loss 2.3668 | sft_loss 2.2952 | or_loss 0.7165
train_step epoch 0.7663340237243457 | step 2035/2656 | loss 2.1655 | sft_loss 2.0843 | or_loss 0.8115
train_step epoch 0.7667106006401807 | step 2036/2656 | loss 2.3945 | sft_loss 2.3134 | or_loss 0.8113
train_step epoch 0.7670871775560159 | step 2037/2656 | loss 2.3667 | sft_loss 2.3033 | or_loss 0.6341
train_step epoch 0.7674637544718509 | step 2038/2656 | loss 2.1730 | sft_loss 2.1104 | or_loss 0.6252
train_step epoch 0.7678403313876859 | step 2039/2656 | loss 2.4728 | sft_loss 2.3791 | or_loss 0.9370
train_step epoch 0.768216908303521 | step 2040/2656 | loss 2.3208 | sft_loss 2.2423 | or_loss 0.7842
train_step epoch 0.768593485219356 | step 2041/2656 | loss 2.5190 | sft_loss 2.4388 | or_loss 0.8023
train_step epoch 0.7689700621351911 | step 2042/2656 | loss 2.5455 | sft_loss 2.4715 | or_loss 0.7402
train_step epoch 0.7693466390510262 | step 2043/2656 | loss 2.2243 | sft_loss 2.1281 | or_loss 0.9616
train_step epoch 0.7697232159668612 | step 2044/2656 | loss 2.2634 | sft_loss 2.2046 | or_loss 0.5880
train_step epoch 0.7700997928826963 | step 2045/2656 | loss 2.4088 | sft_loss 2.3428 | or_loss 0.6604
train_step epoch 0.7704763697985314 | step 2046/2656 | loss 2.3446 | sft_loss 2.2892 | or_loss 0.5536
train_step epoch 0.7708529467143664 | step 2047/2656 | loss 2.2914 | sft_loss 2.2063 | or_loss 0.8516
train_step epoch 0.7712295236302015 | step 2048/2656 | loss 2.6402 | sft_loss 2.4996 | or_loss 1.4063
train_step epoch 0.7716061005460365 | step 2049/2656 | loss 2.1353 | sft_loss 2.0808 | or_loss 0.5448
train_step epoch 0.7719826774618715 | step 2050/2656 | loss 2.4537 | sft_loss 2.3581 | or_loss 0.9557
train_step epoch 0.7723592543777067 | step 2051/2656 | loss 2.3970 | sft_loss 2.3360 | or_loss 0.6105
train_step epoch 0.7727358312935417 | step 2052/2656 | loss 2.4473 | sft_loss 2.3606 | or_loss 0.8669
train_step epoch 0.7731124082093768 | step 2053/2656 | loss 2.1204 | sft_loss 2.0673 | or_loss 0.5307
train_step epoch 0.7734889851252118 | step 2054/2656 | loss 2.0287 | sft_loss 1.9714 | or_loss 0.5734
train_step epoch 0.7738655620410468 | step 2055/2656 | loss 2.3206 | sft_loss 2.2529 | or_loss 0.6772
train_step epoch 0.774242138956882 | step 2056/2656 | loss 2.6897 | sft_loss 2.6227 | or_loss 0.6705
train_step epoch 0.774618715872717 | step 2057/2656 | loss 2.2728 | sft_loss 2.2095 | or_loss 0.6339
train_step epoch 0.7749952927885521 | step 2058/2656 | loss 2.0666 | sft_loss 2.0097 | or_loss 0.5697
train_step epoch 0.7753718697043871 | step 2059/2656 | loss 2.2995 | sft_loss 2.2375 | or_loss 0.6196
train_step epoch 0.7757484466202221 | step 2060/2656 | loss 2.4541 | sft_loss 2.3894 | or_loss 0.6469
train_step epoch 0.7761250235360573 | step 2061/2656 | loss 2.3113 | sft_loss 2.2252 | or_loss 0.8615
train_step epoch 0.7765016004518923 | step 2062/2656 | loss 2.4093 | sft_loss 2.3182 | or_loss 0.9108
train_step epoch 0.7768781773677274 | step 2063/2656 | loss 2.2641 | sft_loss 2.2008 | or_loss 0.6336
train_step epoch 0.7772547542835624 | step 2064/2656 | loss 2.5288 | sft_loss 2.4353 | or_loss 0.9355
train_step epoch 0.7776313311993974 | step 2065/2656 | loss 2.3449 | sft_loss 2.2609 | or_loss 0.8397
train_step epoch 0.7780079081152326 | step 2066/2656 | loss 2.4182 | sft_loss 2.3614 | or_loss 0.5688
train_step epoch 0.7783844850310676 | step 2067/2656 | loss 2.3205 | sft_loss 2.2568 | or_loss 0.6372
train_step epoch 0.7787610619469026 | step 2068/2656 | loss 2.2396 | sft_loss 2.1518 | or_loss 0.8788
train_step epoch 0.7791376388627377 | step 2069/2656 | loss 2.0139 | sft_loss 1.9677 | or_loss 0.4624
train_step epoch 0.7795142157785728 | step 2070/2656 | loss 2.3888 | sft_loss 2.3328 | or_loss 0.5599
train_step epoch 0.7798907926944079 | step 2071/2656 | loss 2.4093 | sft_loss 2.3325 | or_loss 0.7673
train_step epoch 0.7802673696102429 | step 2072/2656 | loss 2.3444 | sft_loss 2.2545 | or_loss 0.8992
train_step epoch 0.7806439465260779 | step 2073/2656 | loss 2.4592 | sft_loss 2.3829 | or_loss 0.7626
train_step epoch 0.781020523441913 | step 2074/2656 | loss 2.2682 | sft_loss 2.2065 | or_loss 0.6178
train_step epoch 0.7813971003577481 | step 2075/2656 | loss 2.3299 | sft_loss 2.2662 | or_loss 0.6367
train_step epoch 0.7817736772735832 | step 2076/2656 | loss 2.2567 | sft_loss 2.1642 | or_loss 0.9251
train_step epoch 0.7821502541894182 | step 2077/2656 | loss 2.2285 | sft_loss 2.1611 | or_loss 0.6741
train_step epoch 0.7825268311052532 | step 2078/2656 | loss 2.1016 | sft_loss 2.0486 | or_loss 0.5292
train_step epoch 0.7829034080210883 | step 2079/2656 | loss 2.3620 | sft_loss 2.2918 | or_loss 0.7013
train_step epoch 0.7832799849369234 | step 2080/2656 | loss 2.0408 | sft_loss 1.9740 | or_loss 0.6673
train_step epoch 0.7836565618527584 | step 2081/2656 | loss 2.0492 | sft_loss 1.9821 | or_loss 0.6710
train_step epoch 0.7840331387685935 | step 2082/2656 | loss 2.2485 | sft_loss 2.1905 | or_loss 0.5798
train_step epoch 0.7844097156844285 | step 2083/2656 | loss 2.3820 | sft_loss 2.3196 | or_loss 0.6240
train_step epoch 0.7847862926002636 | step 2084/2656 | loss 2.3123 | sft_loss 2.2455 | or_loss 0.6683
train_step epoch 0.7851628695160987 | step 2085/2656 | loss 2.5534 | sft_loss 2.4662 | or_loss 0.8717
train_step epoch 0.7855394464319337 | step 2086/2656 | loss 2.2329 | sft_loss 2.1816 | or_loss 0.5132
train_step epoch 0.7859160233477688 | step 2087/2656 | loss 2.2325 | sft_loss 2.1567 | or_loss 0.7573
train_step epoch 0.7862926002636038 | step 2088/2656 | loss 2.2268 | sft_loss 2.1619 | or_loss 0.6494
train_step epoch 0.7866691771794388 | step 2089/2656 | loss 2.1210 | sft_loss 2.0331 | or_loss 0.8792
train_step epoch 0.787045754095274 | step 2090/2656 | loss 2.4735 | sft_loss 2.4022 | or_loss 0.7137
train_step epoch 0.787422331011109 | step 2091/2656 | loss 2.3185 | sft_loss 2.2534 | or_loss 0.6518
train_step epoch 0.7877989079269441 | step 2092/2656 | loss 2.4765 | sft_loss 2.3345 | or_loss 1.4201
train_step epoch 0.7881754848427791 | step 2093/2656 | loss 2.3252 | sft_loss 2.2541 | or_loss 0.7116
train_step epoch 0.7885520617586141 | step 2094/2656 | loss 2.2151 | sft_loss 2.1567 | or_loss 0.5836
train_step epoch 0.7889286386744493 | step 2095/2656 | loss 2.2244 | sft_loss 2.1567 | or_loss 0.6765
train_step epoch 0.7893052155902843 | step 2096/2656 | loss 2.3048 | sft_loss 2.2256 | or_loss 0.7925
train_step epoch 0.7896817925061194 | step 2097/2656 | loss 2.2298 | sft_loss 2.1656 | or_loss 0.6414
train_step epoch 0.7900583694219544 | step 2098/2656 | loss 2.4250 | sft_loss 2.3530 | or_loss 0.7199
train_step epoch 0.7904349463377895 | step 2099/2656 | loss 2.7508 | sft_loss 2.6736 | or_loss 0.7723
train_step epoch 0.7908115232536246 | step 2100/2656 | loss 2.1248 | sft_loss 2.0596 | or_loss 0.6527
train_step epoch 0.7911881001694596 | step 2101/2656 | loss 2.1685 | sft_loss 2.1144 | or_loss 0.5405
train_step epoch 0.7915646770852947 | step 2102/2656 | loss 2.5788 | sft_loss 2.4946 | or_loss 0.8415
train_step epoch 0.7919412540011297 | step 2103/2656 | loss 2.3859 | sft_loss 2.3073 | or_loss 0.7865
train_step epoch 0.7923178309169648 | step 2104/2656 | loss 2.2287 | sft_loss 2.1432 | or_loss 0.8545
train_step epoch 0.7926944078327999 | step 2105/2656 | loss 2.5618 | sft_loss 2.4936 | or_loss 0.6826
train_step epoch 0.7930709847486349 | step 2106/2656 | loss 2.3637 | sft_loss 2.2995 | or_loss 0.6423
train_step epoch 0.79344756166447 | step 2107/2656 | loss 2.5828 | sft_loss 2.5151 | or_loss 0.6773
train_step epoch 0.793824138580305 | step 2108/2656 | loss 2.2026 | sft_loss 2.1410 | or_loss 0.6162
train_step epoch 0.7942007154961401 | step 2109/2656 | loss 2.6556 | sft_loss 2.5681 | or_loss 0.8747
train_step epoch 0.7945772924119752 | step 2110/2656 | loss 2.2633 | sft_loss 2.1876 | or_loss 0.7575
train_step epoch 0.7949538693278102 | step 2111/2656 | loss 2.1501 | sft_loss 2.0728 | or_loss 0.7732
train_step epoch 0.7953304462436452 | step 2112/2656 | loss 2.3214 | sft_loss 2.2697 | or_loss 0.5171
train_step epoch 0.7957070231594803 | step 2113/2656 | loss 2.4470 | sft_loss 2.3784 | or_loss 0.6856
train_step epoch 0.7960836000753154 | step 2114/2656 | loss 2.3233 | sft_loss 2.2598 | or_loss 0.6353
train_step epoch 0.7964601769911505 | step 2115/2656 | loss 2.2202 | sft_loss 2.1623 | or_loss 0.5791
train_step epoch 0.7968367539069855 | step 2116/2656 | loss 2.5287 | sft_loss 2.4565 | or_loss 0.7214
train_step epoch 0.7972133308228205 | step 2117/2656 | loss 2.6512 | sft_loss 2.5753 | or_loss 0.7594
train_step epoch 0.7975899077386556 | step 2118/2656 | loss 2.2307 | sft_loss 2.1600 | or_loss 0.7072
train_step epoch 0.7979664846544907 | step 2119/2656 | loss 2.6105 | sft_loss 2.5285 | or_loss 0.8199
train_step epoch 0.7983430615703258 | step 2120/2656 | loss 2.3686 | sft_loss 2.2889 | or_loss 0.7964
train_step epoch 0.7987196384861608 | step 2121/2656 | loss 2.5900 | sft_loss 2.5008 | or_loss 0.8913
train_step epoch 0.7990962154019958 | step 2122/2656 | loss 2.2338 | sft_loss 2.1784 | or_loss 0.5539
train_step epoch 0.799472792317831 | step 2123/2656 | loss 2.2695 | sft_loss 2.2030 | or_loss 0.6652
train_step epoch 0.799849369233666 | step 2124/2656 | loss 2.4819 | sft_loss 2.3975 | or_loss 0.8437
train_step epoch 0.800225946149501 | step 2125/2656 | loss 2.0652 | sft_loss 2.0046 | or_loss 0.6055
train_step epoch 0.8006025230653361 | step 2126/2656 | loss 2.1290 | sft_loss 2.0585 | or_loss 0.7052
train_step epoch 0.8009790999811711 | step 2127/2656 | loss 2.4326 | sft_loss 2.3677 | or_loss 0.6489
train_step epoch 0.8013556768970063 | step 2128/2656 | loss 2.3935 | sft_loss 2.3342 | or_loss 0.5926
train_step epoch 0.8017322538128413 | step 2129/2656 | loss 2.2737 | sft_loss 2.2131 | or_loss 0.6064
train_step epoch 0.8021088307286763 | step 2130/2656 | loss 2.0034 | sft_loss 1.9544 | or_loss 0.4903
train_step epoch 0.8024854076445114 | step 2131/2656 | loss 2.3371 | sft_loss 2.2374 | or_loss 0.9973
train_step epoch 0.8028619845603464 | step 2132/2656 | loss 2.3722 | sft_loss 2.2988 | or_loss 0.7341
train_step epoch 0.8032385614761816 | step 2133/2656 | loss 2.3015 | sft_loss 2.2479 | or_loss 0.5358
train_step epoch 0.8036151383920166 | step 2134/2656 | loss 2.2923 | sft_loss 2.2302 | or_loss 0.6214
train_step epoch 0.8039917153078516 | step 2135/2656 | loss 2.0210 | sft_loss 1.9521 | or_loss 0.6888
train_step epoch 0.8043682922236867 | step 2136/2656 | loss 2.7595 | sft_loss 2.6578 | or_loss 1.0162
train_step epoch 0.8047448691395217 | step 2137/2656 | loss 2.2978 | sft_loss 2.2184 | or_loss 0.7942
train_step epoch 0.8051214460553568 | step 2138/2656 | loss 2.3951 | sft_loss 2.3106 | or_loss 0.8442
train_step epoch 0.8054980229711919 | step 2139/2656 | loss 2.2416 | sft_loss 2.1580 | or_loss 0.8361
train_step epoch 0.8058745998870269 | step 2140/2656 | loss 2.3963 | sft_loss 2.3122 | or_loss 0.8403
train_step epoch 0.806251176802862 | step 2141/2656 | loss 2.2612 | sft_loss 2.1974 | or_loss 0.6383
train_step epoch 0.806627753718697 | step 2142/2656 | loss 2.3171 | sft_loss 2.2448 | or_loss 0.7230
train_step epoch 0.8070043306345321 | step 2143/2656 | loss 2.6540 | sft_loss 2.5813 | or_loss 0.7273
train_step epoch 0.8073809075503672 | step 2144/2656 | loss 2.2961 | sft_loss 2.2277 | or_loss 0.6846
train_step epoch 0.8077574844662022 | step 2145/2656 | loss 2.2273 | sft_loss 2.1820 | or_loss 0.4524
train_step epoch 0.8081340613820372 | step 2146/2656 | loss 2.1775 | sft_loss 2.0978 | or_loss 0.7970
train_step epoch 0.8085106382978723 | step 2147/2656 | loss 2.7906 | sft_loss 2.6668 | or_loss 1.2373
train_step epoch 0.8088872152137074 | step 2148/2656 | loss 2.3333 | sft_loss 2.2700 | or_loss 0.6323
train_step epoch 0.8092637921295425 | step 2149/2656 | loss 2.6584 | sft_loss 2.5705 | or_loss 0.8793
train_step epoch 0.8096403690453775 | step 2150/2656 | loss 2.4980 | sft_loss 2.4182 | or_loss 0.7976
train_step epoch 0.8100169459612125 | step 2151/2656 | loss 2.2840 | sft_loss 2.2062 | or_loss 0.7783
train_step epoch 0.8103935228770477 | step 2152/2656 | loss 2.5159 | sft_loss 2.4413 | or_loss 0.7452
train_step epoch 0.8107700997928827 | step 2153/2656 | loss 2.5490 | sft_loss 2.4905 | or_loss 0.5855
train_step epoch 0.8111466767087178 | step 2154/2656 | loss 2.3902 | sft_loss 2.3112 | or_loss 0.7894
train_step epoch 0.8115232536245528 | step 2155/2656 | loss 2.2423 | sft_loss 2.1946 | or_loss 0.4771
train_step epoch 0.8118998305403878 | step 2156/2656 | loss 2.3541 | sft_loss 2.2952 | or_loss 0.5894
train_step epoch 0.812276407456223 | step 2157/2656 | loss 2.3950 | sft_loss 2.3018 | or_loss 0.9321
train_step epoch 0.812652984372058 | step 2158/2656 | loss 2.3480 | sft_loss 2.2496 | or_loss 0.9842
train_step epoch 0.813029561287893 | step 2159/2656 | loss 2.1680 | sft_loss 2.1063 | or_loss 0.6165
train_step epoch 0.8134061382037281 | step 2160/2656 | loss 2.4448 | sft_loss 2.3593 | or_loss 0.8553
train_step epoch 0.8137827151195631 | step 2161/2656 | loss 2.2883 | sft_loss 2.2164 | or_loss 0.7192
train_step epoch 0.8141592920353983 | step 2162/2656 | loss 2.2284 | sft_loss 2.1445 | or_loss 0.8387
train_step epoch 0.8145358689512333 | step 2163/2656 | loss 2.5848 | sft_loss 2.4968 | or_loss 0.8801
train_step epoch 0.8149124458670683 | step 2164/2656 | loss 2.3914 | sft_loss 2.3038 | or_loss 0.8765
train_step epoch 0.8152890227829034 | step 2165/2656 | loss 2.6167 | sft_loss 2.5184 | or_loss 0.9836
train_step epoch 0.8156655996987384 | step 2166/2656 | loss 2.6260 | sft_loss 2.5320 | or_loss 0.9395
train_step epoch 0.8160421766145736 | step 2167/2656 | loss 2.4073 | sft_loss 2.3334 | or_loss 0.7395
train_step epoch 0.8164187535304086 | step 2168/2656 | loss 2.0553 | sft_loss 2.0025 | or_loss 0.5278
train_step epoch 0.8167953304462436 | step 2169/2656 | loss 2.5035 | sft_loss 2.4267 | or_loss 0.7675
train_step epoch 0.8171719073620787 | step 2170/2656 | loss 2.2731 | sft_loss 2.2091 | or_loss 0.6399
train_step epoch 0.8175484842779137 | step 2171/2656 | loss 2.2534 | sft_loss 2.1956 | or_loss 0.5776
train_step epoch 0.8179250611937489 | step 2172/2656 | loss 2.1022 | sft_loss 2.0402 | or_loss 0.6202
train_step epoch 0.8183016381095839 | step 2173/2656 | loss 2.4193 | sft_loss 2.3410 | or_loss 0.7837
train_step epoch 0.8186782150254189 | step 2174/2656 | loss 2.2997 | sft_loss 2.2202 | or_loss 0.7953
train_step epoch 0.819054791941254 | step 2175/2656 | loss 2.1349 | sft_loss 2.0648 | or_loss 0.7010
train_step epoch 0.8194313688570891 | step 2176/2656 | loss 2.3320 | sft_loss 2.2473 | or_loss 0.8469
train_step epoch 0.8198079457729242 | step 2177/2656 | loss 2.3010 | sft_loss 2.2139 | or_loss 0.8702
train_step epoch 0.8201845226887592 | step 2178/2656 | loss 2.5580 | sft_loss 2.4707 | or_loss 0.8731
train_step epoch 0.8205610996045942 | step 2179/2656 | loss 2.3772 | sft_loss 2.3168 | or_loss 0.6035
train_step epoch 0.8209376765204293 | step 2180/2656 | loss 2.4838 | sft_loss 2.4133 | or_loss 0.7047
train_step epoch 0.8213142534362644 | step 2181/2656 | loss 2.5299 | sft_loss 2.4441 | or_loss 0.8575
train_step epoch 0.8216908303520994 | step 2182/2656 | loss 2.4895 | sft_loss 2.4209 | or_loss 0.6855
train_step epoch 0.8220674072679345 | step 2183/2656 | loss 2.1749 | sft_loss 2.0964 | or_loss 0.7857
train_step epoch 0.8224439841837695 | step 2184/2656 | loss 2.2184 | sft_loss 2.1509 | or_loss 0.6749
train_step epoch 0.8228205610996046 | step 2185/2656 | loss 2.2436 | sft_loss 2.1870 | or_loss 0.5665
train_step epoch 0.8231971380154397 | step 2186/2656 | loss 2.4758 | sft_loss 2.4125 | or_loss 0.6333
train_step epoch 0.8235737149312747 | step 2187/2656 | loss 2.1167 | sft_loss 2.0786 | or_loss 0.3813
train_step epoch 0.8239502918471098 | step 2188/2656 | loss 1.9714 | sft_loss 1.9204 | or_loss 0.5099
train_step epoch 0.8243268687629448 | step 2189/2656 | loss 2.1062 | sft_loss 2.0428 | or_loss 0.6344
train_step epoch 0.8247034456787798 | step 2190/2656 | loss 2.4960 | sft_loss 2.4259 | or_loss 0.7011
train_step epoch 0.825080022594615 | step 2191/2656 | loss 2.3721 | sft_loss 2.3014 | or_loss 0.7065
train_step epoch 0.82545659951045 | step 2192/2656 | loss 2.2542 | sft_loss 2.1974 | or_loss 0.5674
train_step epoch 0.8258331764262851 | step 2193/2656 | loss 2.6873 | sft_loss 2.5921 | or_loss 0.9517
train_step epoch 0.8262097533421201 | step 2194/2656 | loss 2.1405 | sft_loss 2.0730 | or_loss 0.6743
train_step epoch 0.8265863302579551 | step 2195/2656 | loss 2.5150 | sft_loss 2.4482 | or_loss 0.6680
train_step epoch 0.8269629071737903 | step 2196/2656 | loss 2.0835 | sft_loss 2.0264 | or_loss 0.5715
train_step epoch 0.8273394840896253 | step 2197/2656 | loss 2.2781 | sft_loss 2.2084 | or_loss 0.6974
train_step epoch 0.8277160610054604 | step 2198/2656 | loss 2.5425 | sft_loss 2.4643 | or_loss 0.7813
train_step epoch 0.8280926379212954 | step 2199/2656 | loss 2.5025 | sft_loss 2.4127 | or_loss 0.8981
train_step epoch 0.8284692148371304 | step 2200/2656 | loss 2.2616 | sft_loss 2.1901 | or_loss 0.7149
train_step epoch 0.8288457917529656 | step 2201/2656 | loss 2.5930 | sft_loss 2.5212 | or_loss 0.7173
train_step epoch 0.8292223686688006 | step 2202/2656 | loss 2.1339 | sft_loss 2.0729 | or_loss 0.6099
train_step epoch 0.8295989455846356 | step 2203/2656 | loss 2.4273 | sft_loss 2.3539 | or_loss 0.7342
train_step epoch 0.8299755225004707 | step 2204/2656 | loss 2.3464 | sft_loss 2.2657 | or_loss 0.8071
train_step epoch 0.8303520994163058 | step 2205/2656 | loss 2.4569 | sft_loss 2.3964 | or_loss 0.6057
train_step epoch 0.8307286763321409 | step 2206/2656 | loss 2.4421 | sft_loss 2.3619 | or_loss 0.8029
train_step epoch 0.8311052532479759 | step 2207/2656 | loss 2.3829 | sft_loss 2.3158 | or_loss 0.6716
train_step epoch 0.8314818301638109 | step 2208/2656 | loss 2.7266 | sft_loss 2.5915 | or_loss 1.3507
train_step epoch 0.831858407079646 | step 2209/2656 | loss 2.3745 | sft_loss 2.2884 | or_loss 0.8616
train_step epoch 0.8322349839954811 | step 2210/2656 | loss 2.4893 | sft_loss 2.4193 | or_loss 0.7002
train_step epoch 0.8326115609113162 | step 2211/2656 | loss 2.4449 | sft_loss 2.3797 | or_loss 0.6520
train_step epoch 0.8329881378271512 | step 2212/2656 | loss 2.4623 | sft_loss 2.3855 | or_loss 0.7680
train_step epoch 0.8333647147429862 | step 2213/2656 | loss 2.4167 | sft_loss 2.3157 | or_loss 1.0104
train_step epoch 0.8337412916588213 | step 2214/2656 | loss 2.4817 | sft_loss 2.3956 | or_loss 0.8610
train_step epoch 0.8341178685746564 | step 2215/2656 | loss 2.5132 | sft_loss 2.4325 | or_loss 0.8067
train_step epoch 0.8344944454904915 | step 2216/2656 | loss 2.4227 | sft_loss 2.3482 | or_loss 0.7457
train_step epoch 0.8348710224063265 | step 2217/2656 | loss 2.5095 | sft_loss 2.4368 | or_loss 0.7263
train_step epoch 0.8352475993221615 | step 2218/2656 | loss 2.4382 | sft_loss 2.3661 | or_loss 0.7203
train_step epoch 0.8356241762379966 | step 2219/2656 | loss 2.1324 | sft_loss 2.0653 | or_loss 0.6712
train_step epoch 0.8360007531538317 | step 2220/2656 | loss 2.4314 | sft_loss 2.3469 | or_loss 0.8454
train_step epoch 0.8363773300696667 | step 2221/2656 | loss 2.4249 | sft_loss 2.3571 | or_loss 0.6778
train_step epoch 0.8367539069855018 | step 2222/2656 | loss 2.4500 | sft_loss 2.3768 | or_loss 0.7322
train_step epoch 0.8371304839013368 | step 2223/2656 | loss 2.1551 | sft_loss 2.0921 | or_loss 0.6295
train_step epoch 0.8375070608171719 | step 2224/2656 | loss 2.3280 | sft_loss 2.2503 | or_loss 0.7773
train_step epoch 0.837883637733007 | step 2225/2656 | loss 2.1233 | sft_loss 2.0270 | or_loss 0.9631
train_step epoch 0.838260214648842 | step 2226/2656 | loss 2.3512 | sft_loss 2.2739 | or_loss 0.7734
train_step epoch 0.8386367915646771 | step 2227/2656 | loss 2.4569 | sft_loss 2.3828 | or_loss 0.7408
train_step epoch 0.8390133684805121 | step 2228/2656 | loss 2.4330 | sft_loss 2.3730 | or_loss 0.5996
train_step epoch 0.8393899453963473 | step 2229/2656 | loss 2.4354 | sft_loss 2.3469 | or_loss 0.8855
train_step epoch 0.8397665223121823 | step 2230/2656 | loss 2.1136 | sft_loss 2.0599 | or_loss 0.5370
train_step epoch 0.8401430992280173 | step 2231/2656 | loss 2.4377 | sft_loss 2.3511 | or_loss 0.8655
train_step epoch 0.8405196761438524 | step 2232/2656 | loss 2.1698 | sft_loss 2.1141 | or_loss 0.5564
train_step epoch 0.8408962530596874 | step 2233/2656 | loss 2.2109 | sft_loss 2.1317 | or_loss 0.7922
train_step epoch 0.8412728299755226 | step 2234/2656 | loss 2.7704 | sft_loss 2.6947 | or_loss 0.7568
train_step epoch 0.8416494068913576 | step 2235/2656 | loss 2.3586 | sft_loss 2.2996 | or_loss 0.5903
train_step epoch 0.8420259838071926 | step 2236/2656 | loss 2.2730 | sft_loss 2.2067 | or_loss 0.6635
train_step epoch 0.8424025607230277 | step 2237/2656 | loss 2.2896 | sft_loss 2.2138 | or_loss 0.7578
train_step epoch 0.8427791376388627 | step 2238/2656 | loss 2.0526 | sft_loss 1.9929 | or_loss 0.5967
train_step epoch 0.8431557145546978 | step 2239/2656 | loss 2.2648 | sft_loss 2.2021 | or_loss 0.6267
train_step epoch 0.8435322914705329 | step 2240/2656 | loss 2.4772 | sft_loss 2.4104 | or_loss 0.6683
train_step epoch 0.8439088683863679 | step 2241/2656 | loss 2.1395 | sft_loss 2.0626 | or_loss 0.7686
train_step epoch 0.844285445302203 | step 2242/2656 | loss 2.4540 | sft_loss 2.3811 | or_loss 0.7291
train_step epoch 0.844662022218038 | step 2243/2656 | loss 2.1851 | sft_loss 2.1158 | or_loss 0.6931
train_step epoch 0.8450385991338731 | step 2244/2656 | loss 2.4690 | sft_loss 2.3746 | or_loss 0.9440
train_step epoch 0.8454151760497082 | step 2245/2656 | loss 2.2468 | sft_loss 2.1780 | or_loss 0.6876
train_step epoch 0.8457917529655432 | step 2246/2656 | loss 2.2968 | sft_loss 2.2332 | or_loss 0.6360
train_step epoch 0.8461683298813782 | step 2247/2656 | loss 2.5619 | sft_loss 2.4793 | or_loss 0.8263
train_step epoch 0.8465449067972133 | step 2248/2656 | loss 2.1642 | sft_loss 2.1148 | or_loss 0.4934
train_step epoch 0.8469214837130484 | step 2249/2656 | loss 2.2719 | sft_loss 2.1910 | or_loss 0.8093
train_step epoch 0.8472980606288835 | step 2250/2656 | loss 2.2793 | sft_loss 2.2112 | or_loss 0.6815
train_step epoch 0.8476746375447185 | step 2251/2656 | loss 2.5320 | sft_loss 2.4719 | or_loss 0.6010
train_step epoch 0.8480512144605535 | step 2252/2656 | loss 2.5878 | sft_loss 2.5125 | or_loss 0.7527
train_step epoch 0.8484277913763886 | step 2253/2656 | loss 2.1896 | sft_loss 2.1359 | or_loss 0.5361
train_step epoch 0.8488043682922237 | step 2254/2656 | loss 2.0281 | sft_loss 1.9766 | or_loss 0.5150
train_step epoch 0.8491809452080588 | step 2255/2656 | loss 2.5197 | sft_loss 2.4000 | or_loss 1.1966
train_step epoch 0.8495575221238938 | step 2256/2656 | loss 2.1981 | sft_loss 2.1332 | or_loss 0.6490
train_step epoch 0.8499340990397288 | step 2257/2656 | loss 2.4192 | sft_loss 2.3526 | or_loss 0.6660
train_step epoch 0.850310675955564 | step 2258/2656 | loss 2.3980 | sft_loss 2.3423 | or_loss 0.5571
train_step epoch 0.850687252871399 | step 2259/2656 | loss 2.5460 | sft_loss 2.4608 | or_loss 0.8520
train_step epoch 0.851063829787234 | step 2260/2656 | loss 2.4565 | sft_loss 2.3937 | or_loss 0.6281
train_step epoch 0.8514404067030691 | step 2261/2656 | loss 2.2007 | sft_loss 2.1311 | or_loss 0.6965
train_step epoch 0.8518169836189041 | step 2262/2656 | loss 2.3093 | sft_loss 2.2473 | or_loss 0.6205
train_step epoch 0.8521935605347393 | step 2263/2656 | loss 2.1788 | sft_loss 2.1209 | or_loss 0.5790
train_step epoch 0.8525701374505743 | step 2264/2656 | loss 2.3814 | sft_loss 2.2770 | or_loss 1.0439
train_step epoch 0.8529467143664093 | step 2265/2656 | loss 2.4913 | sft_loss 2.4184 | or_loss 0.7286
train_step epoch 0.8533232912822444 | step 2266/2656 | loss 2.5613 | sft_loss 2.4896 | or_loss 0.7173
train_step epoch 0.8536998681980794 | step 2267/2656 | loss 2.5100 | sft_loss 2.4196 | or_loss 0.9039
train_step epoch 0.8540764451139146 | step 2268/2656 | loss 2.3491 | sft_loss 2.2844 | or_loss 0.6473
train_step epoch 0.8544530220297496 | step 2269/2656 | loss 2.4633 | sft_loss 2.3742 | or_loss 0.8911
train_step epoch 0.8548295989455846 | step 2270/2656 | loss 2.1534 | sft_loss 2.0958 | or_loss 0.5755
train_step epoch 0.8552061758614197 | step 2271/2656 | loss 2.2501 | sft_loss 2.1703 | or_loss 0.7977
train_step epoch 0.8555827527772547 | step 2272/2656 | loss 2.4254 | sft_loss 2.3454 | or_loss 0.7999
train_step epoch 0.8559593296930899 | step 2273/2656 | loss 2.3918 | sft_loss 2.3047 | or_loss 0.8711
train_step epoch 0.8563359066089249 | step 2274/2656 | loss 2.3289 | sft_loss 2.2680 | or_loss 0.6096
train_step epoch 0.8567124835247599 | step 2275/2656 | loss 2.1462 | sft_loss 2.0804 | or_loss 0.6585
train_step epoch 0.857089060440595 | step 2276/2656 | loss 2.2782 | sft_loss 2.2198 | or_loss 0.5841
train_step epoch 0.85746563735643 | step 2277/2656 | loss 2.5397 | sft_loss 2.4676 | or_loss 0.7208
train_step epoch 0.8578422142722651 | step 2278/2656 | loss 2.4887 | sft_loss 2.3354 | or_loss 1.5331
train_step epoch 0.8582187911881002 | step 2279/2656 | loss 2.2903 | sft_loss 2.2387 | or_loss 0.5166
train_step epoch 0.8585953681039352 | step 2280/2656 | loss 2.2715 | sft_loss 2.2062 | or_loss 0.6528
train_step epoch 0.8589719450197703 | step 2281/2656 | loss 2.7329 | sft_loss 2.6535 | or_loss 0.7936
train_step epoch 0.8593485219356054 | step 2282/2656 | loss 2.3237 | sft_loss 2.2269 | or_loss 0.9683
train_step epoch 0.8597250988514404 | step 2283/2656 | loss 2.2024 | sft_loss 2.1359 | or_loss 0.6648
train_step epoch 0.8601016757672755 | step 2284/2656 | loss 2.4633 | sft_loss 2.3784 | or_loss 0.8493
train_step epoch 0.8604782526831105 | step 2285/2656 | loss 2.2927 | sft_loss 2.2366 | or_loss 0.5616
train_step epoch 0.8608548295989455 | step 2286/2656 | loss 2.2648 | sft_loss 2.1911 | or_loss 0.7373
train_step epoch 0.8612314065147807 | step 2287/2656 | loss 2.5626 | sft_loss 2.4409 | or_loss 1.2169
train_step epoch 0.8616079834306157 | step 2288/2656 | loss 2.2998 | sft_loss 2.2363 | or_loss 0.6356
train_step epoch 0.8619845603464508 | step 2289/2656 | loss 2.6242 | sft_loss 2.5468 | or_loss 0.7741
train_step epoch 0.8623611372622858 | step 2290/2656 | loss 2.3585 | sft_loss 2.2745 | or_loss 0.8398
train_step epoch 0.8627377141781208 | step 2291/2656 | loss 2.2352 | sft_loss 2.1792 | or_loss 0.5603
train_step epoch 0.863114291093956 | step 2292/2656 | loss 2.3334 | sft_loss 2.2496 | or_loss 0.8387
train_step epoch 0.863490868009791 | step 2293/2656 | loss 2.4162 | sft_loss 2.3498 | or_loss 0.6642
train_step epoch 0.8638674449256261 | step 2294/2656 | loss 2.4074 | sft_loss 2.3415 | or_loss 0.6584
train_step epoch 0.8642440218414611 | step 2295/2656 | loss 2.3145 | sft_loss 2.2289 | or_loss 0.8564
train_step epoch 0.8646205987572961 | step 2296/2656 | loss 2.2211 | sft_loss 2.1548 | or_loss 0.6629
train_step epoch 0.8649971756731313 | step 2297/2656 | loss 2.3798 | sft_loss 2.3079 | or_loss 0.7187
train_step epoch 0.8653737525889663 | step 2298/2656 | loss 2.4016 | sft_loss 2.3317 | or_loss 0.6983
train_step epoch 0.8657503295048014 | step 2299/2656 | loss 2.4608 | sft_loss 2.3867 | or_loss 0.7417
train_step epoch 0.8661269064206364 | step 2300/2656 | loss 2.4486 | sft_loss 2.3665 | or_loss 0.8216
train_step epoch 0.8665034833364714 | step 2301/2656 | loss 2.4198 | sft_loss 2.3614 | or_loss 0.5847
train_step epoch 0.8668800602523066 | step 2302/2656 | loss 2.3592 | sft_loss 2.2879 | or_loss 0.7138
train_step epoch 0.8672566371681416 | step 2303/2656 | loss 2.3489 | sft_loss 2.2750 | or_loss 0.7398
train_step epoch 0.8676332140839766 | step 2304/2656 | loss 2.6569 | sft_loss 2.5974 | or_loss 0.5950
train_step epoch 0.8680097909998117 | step 2305/2656 | loss 2.4235 | sft_loss 2.3545 | or_loss 0.6894
train_step epoch 0.8683863679156467 | step 2306/2656 | loss 2.4052 | sft_loss 2.3139 | or_loss 0.9123
train_step epoch 0.8687629448314819 | step 2307/2656 | loss 2.4249 | sft_loss 2.3447 | or_loss 0.8020
train_step epoch 0.8691395217473169 | step 2308/2656 | loss 2.2984 | sft_loss 2.2422 | or_loss 0.5621
train_step epoch 0.8695160986631519 | step 2309/2656 | loss 2.8168 | sft_loss 2.7247 | or_loss 0.9211
train_step epoch 0.869892675578987 | step 2310/2656 | loss 2.3843 | sft_loss 2.3182 | or_loss 0.6609
train_step epoch 0.8702692524948221 | step 2311/2656 | loss 2.1318 | sft_loss 2.0590 | or_loss 0.7285
train_step epoch 0.8706458294106572 | step 2312/2656 | loss 2.3097 | sft_loss 2.2313 | or_loss 0.7832
train_step epoch 0.8710224063264922 | step 2313/2656 | loss 2.5768 | sft_loss 2.5021 | or_loss 0.7471
train_step epoch 0.8713989832423272 | step 2314/2656 | loss 2.4218 | sft_loss 2.3525 | or_loss 0.6937
train_step epoch 0.8717755601581623 | step 2315/2656 | loss 2.2802 | sft_loss 2.2155 | or_loss 0.6463
train_step epoch 0.8721521370739974 | step 2316/2656 | loss 2.2449 | sft_loss 2.1903 | or_loss 0.5463
train_step epoch 0.8725287139898324 | step 2317/2656 | loss 2.5663 | sft_loss 2.4875 | or_loss 0.7885
train_step epoch 0.8729052909056675 | step 2318/2656 | loss 2.2880 | sft_loss 2.2205 | or_loss 0.6751
train_step epoch 0.8732818678215025 | step 2319/2656 | loss 2.5617 | sft_loss 2.4753 | or_loss 0.8647
train_step epoch 0.8736584447373376 | step 2320/2656 | loss 2.2673 | sft_loss 2.2085 | or_loss 0.5878
train_step epoch 0.8740350216531727 | step 2321/2656 | loss 2.6095 | sft_loss 2.5254 | or_loss 0.8410
train_step epoch 0.8744115985690077 | step 2322/2656 | loss 2.5365 | sft_loss 2.4812 | or_loss 0.5529
train_step epoch 0.8747881754848428 | step 2323/2656 | loss 2.3657 | sft_loss 2.3081 | or_loss 0.5757
train_step epoch 0.8751647524006778 | step 2324/2656 | loss 2.3724 | sft_loss 2.3107 | or_loss 0.6164
train_step epoch 0.8755413293165129 | step 2325/2656 | loss 2.4245 | sft_loss 2.3118 | or_loss 1.1271
train_step epoch 0.875917906232348 | step 2326/2656 | loss 2.4345 | sft_loss 2.3620 | or_loss 0.7255
train_step epoch 0.876294483148183 | step 2327/2656 | loss 2.0679 | sft_loss 2.0145 | or_loss 0.5342
train_step epoch 0.8766710600640181 | step 2328/2656 | loss 2.2141 | sft_loss 2.1377 | or_loss 0.7641
train_step epoch 0.8770476369798531 | step 2329/2656 | loss 1.9089 | sft_loss 1.8547 | or_loss 0.5416
train_step epoch 0.8774242138956881 | step 2330/2656 | loss 2.4646 | sft_loss 2.3897 | or_loss 0.7495
train_step epoch 0.8778007908115233 | step 2331/2656 | loss 2.2840 | sft_loss 2.1891 | or_loss 0.9491
train_step epoch 0.8781773677273583 | step 2332/2656 | loss 2.3232 | sft_loss 2.2504 | or_loss 0.7280
train_step epoch 0.8785539446431934 | step 2333/2656 | loss 2.2465 | sft_loss 2.1548 | or_loss 0.9169
train_step epoch 0.8789305215590284 | step 2334/2656 | loss 2.3118 | sft_loss 2.2576 | or_loss 0.5413
train_step epoch 0.8793070984748634 | step 2335/2656 | loss 2.5562 | sft_loss 2.4796 | or_loss 0.7660
train_step epoch 0.8796836753906986 | step 2336/2656 | loss 2.3578 | sft_loss 2.2848 | or_loss 0.7299
train_step epoch 0.8800602523065336 | step 2337/2656 | loss 2.3546 | sft_loss 2.2625 | or_loss 0.9209
train_step epoch 0.8804368292223687 | step 2338/2656 | loss 2.1867 | sft_loss 2.1247 | or_loss 0.6197
train_step epoch 0.8808134061382037 | step 2339/2656 | loss 2.3954 | sft_loss 2.3023 | or_loss 0.9308
train_step epoch 0.8811899830540388 | step 2340/2656 | loss 2.1769 | sft_loss 2.1182 | or_loss 0.5872
train_step epoch 0.8815665599698739 | step 2341/2656 | loss 2.4190 | sft_loss 2.3083 | or_loss 1.1067
train_step epoch 0.8819431368857089 | step 2342/2656 | loss 2.4316 | sft_loss 2.3433 | or_loss 0.8826
train_step epoch 0.882319713801544 | step 2343/2656 | loss 2.4163 | sft_loss 2.3445 | or_loss 0.7179
train_step epoch 0.882696290717379 | step 2344/2656 | loss 2.1364 | sft_loss 2.0742 | or_loss 0.6220
train_step epoch 0.8830728676332141 | step 2345/2656 | loss 2.2070 | sft_loss 2.1610 | or_loss 0.4602
train_step epoch 0.8834494445490492 | step 2346/2656 | loss 2.4348 | sft_loss 2.3681 | or_loss 0.6667
train_step epoch 0.8838260214648842 | step 2347/2656 | loss 2.4591 | sft_loss 2.3771 | or_loss 0.8204
train_step epoch 0.8842025983807192 | step 2348/2656 | loss 2.3576 | sft_loss 2.2836 | or_loss 0.7398
train_step epoch 0.8845791752965543 | step 2349/2656 | loss 2.2686 | sft_loss 2.2087 | or_loss 0.5992
train_step epoch 0.8849557522123894 | step 2350/2656 | loss 2.3400 | sft_loss 2.2838 | or_loss 0.5618
train_step epoch 0.8853323291282245 | step 2351/2656 | loss 2.5117 | sft_loss 2.4412 | or_loss 0.7047
train_step epoch 0.8857089060440595 | step 2352/2656 | loss 2.3118 | sft_loss 2.2397 | or_loss 0.7206
train_step epoch 0.8860854829598945 | step 2353/2656 | loss 2.3204 | sft_loss 2.2309 | or_loss 0.8947
train_step epoch 0.8864620598757296 | step 2354/2656 | loss 2.2648 | sft_loss 2.1960 | or_loss 0.6882
train_step epoch 0.8868386367915647 | step 2355/2656 | loss 2.4606 | sft_loss 2.3875 | or_loss 0.7318
train_step epoch 0.8872152137073998 | step 2356/2656 | loss 2.4057 | sft_loss 2.3411 | or_loss 0.6462
train_step epoch 0.8875917906232348 | step 2357/2656 | loss 2.3680 | sft_loss 2.3084 | or_loss 0.5966
train_step epoch 0.8879683675390698 | step 2358/2656 | loss 2.4897 | sft_loss 2.4034 | or_loss 0.8627
train_step epoch 0.8883449444549049 | step 2359/2656 | loss 2.2154 | sft_loss 2.1485 | or_loss 0.6694
train_step epoch 0.88872152137074 | step 2360/2656 | loss 2.3202 | sft_loss 2.2400 | or_loss 0.8012
train_step epoch 0.889098098286575 | step 2361/2656 | loss 2.3738 | sft_loss 2.2939 | or_loss 0.7992
train_step epoch 0.8894746752024101 | step 2362/2656 | loss 2.1988 | sft_loss 2.1329 | or_loss 0.6585
train_step epoch 0.8898512521182451 | step 2363/2656 | loss 2.3499 | sft_loss 2.2896 | or_loss 0.6033
train_step epoch 0.8902278290340803 | step 2364/2656 | loss 2.2101 | sft_loss 2.1469 | or_loss 0.6316
train_step epoch 0.8906044059499153 | step 2365/2656 | loss 2.2508 | sft_loss 2.1849 | or_loss 0.6582
train_step epoch 0.8909809828657503 | step 2366/2656 | loss 2.3562 | sft_loss 2.2945 | or_loss 0.6170
train_step epoch 0.8913575597815854 | step 2367/2656 | loss 2.3414 | sft_loss 2.2827 | or_loss 0.5878
train_step epoch 0.8917341366974204 | step 2368/2656 | loss 2.2865 | sft_loss 2.2262 | or_loss 0.6033
train_step epoch 0.8921107136132556 | step 2369/2656 | loss 2.2825 | sft_loss 2.2252 | or_loss 0.5729
train_step epoch 0.8924872905290906 | step 2370/2656 | loss 2.4715 | sft_loss 2.3906 | or_loss 0.8094
train_step epoch 0.8928638674449256 | step 2371/2656 | loss 2.3386 | sft_loss 2.2645 | or_loss 0.7412
train_step epoch 0.8932404443607607 | step 2372/2656 | loss 2.5076 | sft_loss 2.4284 | or_loss 0.7920
train_step epoch 0.8936170212765957 | step 2373/2656 | loss 2.3571 | sft_loss 2.2912 | or_loss 0.6593
train_step epoch 0.8939935981924308 | step 2374/2656 | loss 2.3029 | sft_loss 2.2394 | or_loss 0.6352
train_step epoch 0.8943701751082659 | step 2375/2656 | loss 2.5147 | sft_loss 2.4387 | or_loss 0.7598
train_step epoch 0.8947467520241009 | step 2376/2656 | loss 2.3274 | sft_loss 2.2645 | or_loss 0.6285
train_step epoch 0.895123328939936 | step 2377/2656 | loss 2.6261 | sft_loss 2.5401 | or_loss 0.8599
train_step epoch 0.895499905855771 | step 2378/2656 | loss 2.3227 | sft_loss 2.2550 | or_loss 0.6765
train_step epoch 0.8958764827716061 | step 2379/2656 | loss 2.2370 | sft_loss 2.1833 | or_loss 0.5373
train_step epoch 0.8962530596874412 | step 2380/2656 | loss 2.1211 | sft_loss 2.0435 | or_loss 0.7763
train_step epoch 0.8966296366032762 | step 2381/2656 | loss 2.3863 | sft_loss 2.3296 | or_loss 0.5665
train_step epoch 0.8970062135191113 | step 2382/2656 | loss 2.0823 | sft_loss 2.0020 | or_loss 0.8021
train_step epoch 0.8973827904349463 | step 2383/2656 | loss 2.3312 | sft_loss 2.2592 | or_loss 0.7201
train_step epoch 0.8977593673507814 | step 2384/2656 | loss 2.1661 | sft_loss 2.0914 | or_loss 0.7479
train_step epoch 0.8981359442666165 | step 2385/2656 | loss 2.4649 | sft_loss 2.3852 | or_loss 0.7970
train_step epoch 0.8985125211824515 | step 2386/2656 | loss 2.5146 | sft_loss 2.4372 | or_loss 0.7743
train_step epoch 0.8988890980982865 | step 2387/2656 | loss 2.3561 | sft_loss 2.2838 | or_loss 0.7230
train_step epoch 0.8992656750141216 | step 2388/2656 | loss 2.2638 | sft_loss 2.1785 | or_loss 0.8525
train_step epoch 0.8996422519299567 | step 2389/2656 | loss 2.3033 | sft_loss 2.2564 | or_loss 0.4692
train_step epoch 0.9000188288457918 | step 2390/2656 | loss 2.5135 | sft_loss 2.4129 | or_loss 1.0053
train_step epoch 0.9003954057616268 | step 2391/2656 | loss 2.7228 | sft_loss 2.6201 | or_loss 1.0270
train_step epoch 0.9007719826774618 | step 2392/2656 | loss 2.4988 | sft_loss 2.4069 | or_loss 0.9188
train_step epoch 0.901148559593297 | step 2393/2656 | loss 2.0811 | sft_loss 2.0265 | or_loss 0.5461
train_step epoch 0.901525136509132 | step 2394/2656 | loss 2.4755 | sft_loss 2.3967 | or_loss 0.7878
train_step epoch 0.901901713424967 | step 2395/2656 | loss 2.4301 | sft_loss 2.3558 | or_loss 0.7435
train_step epoch 0.9022782903408021 | step 2396/2656 | loss 2.4377 | sft_loss 2.3708 | or_loss 0.6690
train_step epoch 0.9026548672566371 | step 2397/2656 | loss 2.4429 | sft_loss 2.3662 | or_loss 0.7671
train_step epoch 0.9030314441724723 | step 2398/2656 | loss 2.4792 | sft_loss 2.4022 | or_loss 0.7696
train_step epoch 0.9034080210883073 | step 2399/2656 | loss 2.4716 | sft_loss 2.3912 | or_loss 0.8041
train_step epoch 0.9037845980041423 | step 2400/2656 | loss 2.2512 | sft_loss 2.1741 | or_loss 0.7718
train_step epoch 0.9041611749199774 | step 2401/2656 | loss 2.4513 | sft_loss 2.3770 | or_loss 0.7428
train_step epoch 0.9045377518358124 | step 2402/2656 | loss 2.2647 | sft_loss 2.2072 | or_loss 0.5752
train_step epoch 0.9049143287516476 | step 2403/2656 | loss 2.6539 | sft_loss 2.5634 | or_loss 0.9045
train_step epoch 0.9052909056674826 | step 2404/2656 | loss 2.3006 | sft_loss 2.2259 | or_loss 0.7467
train_step epoch 0.9056674825833176 | step 2405/2656 | loss 2.5320 | sft_loss 2.4398 | or_loss 0.9218
train_step epoch 0.9060440594991527 | step 2406/2656 | loss 2.3760 | sft_loss 2.2970 | or_loss 0.7906
train_step epoch 0.9064206364149877 | step 2407/2656 | loss 2.3109 | sft_loss 2.2577 | or_loss 0.5328
train_step epoch 0.9067972133308229 | step 2408/2656 | loss 2.3375 | sft_loss 2.2670 | or_loss 0.7051
train_step epoch 0.9071737902466579 | step 2409/2656 | loss 2.2084 | sft_loss 2.1432 | or_loss 0.6521
train_step epoch 0.9075503671624929 | step 2410/2656 | loss 2.3034 | sft_loss 2.2181 | or_loss 0.8533
train_step epoch 0.907926944078328 | step 2411/2656 | loss 2.6116 | sft_loss 2.5447 | or_loss 0.6695
train_step epoch 0.908303520994163 | step 2412/2656 | loss 2.3702 | sft_loss 2.2435 | or_loss 1.2671
train_step epoch 0.9086800979099982 | step 2413/2656 | loss 2.3806 | sft_loss 2.2771 | or_loss 1.0349
train_step epoch 0.9090566748258332 | step 2414/2656 | loss 2.2592 | sft_loss 2.1908 | or_loss 0.6836
train_step epoch 0.9094332517416682 | step 2415/2656 | loss 2.3070 | sft_loss 2.2465 | or_loss 0.6043
train_step epoch 0.9098098286575033 | step 2416/2656 | loss 2.4139 | sft_loss 2.3621 | or_loss 0.5176
train_step epoch 0.9101864055733384 | step 2417/2656 | loss 2.3441 | sft_loss 2.2729 | or_loss 0.7113
train_step epoch 0.9105629824891734 | step 2418/2656 | loss 2.6298 | sft_loss 2.5413 | or_loss 0.8852
train_step epoch 0.9109395594050085 | step 2419/2656 | loss 2.2951 | sft_loss 2.2012 | or_loss 0.9388
train_step epoch 0.9113161363208435 | step 2420/2656 | loss 2.4829 | sft_loss 2.3914 | or_loss 0.9153
train_step epoch 0.9116927132366786 | step 2421/2656 | loss 2.4163 | sft_loss 2.3547 | or_loss 0.6156
train_step epoch 0.9120692901525137 | step 2422/2656 | loss 2.3216 | sft_loss 2.2553 | or_loss 0.6631
train_step epoch 0.9124458670683487 | step 2423/2656 | loss 2.3707 | sft_loss 2.3095 | or_loss 0.6119
train_step epoch 0.9128224439841838 | step 2424/2656 | loss 2.4708 | sft_loss 2.4090 | or_loss 0.6175
train_step epoch 0.9131990209000188 | step 2425/2656 | loss 2.1504 | sft_loss 2.0958 | or_loss 0.5453
train_step epoch 0.9135755978158538 | step 2426/2656 | loss 2.3332 | sft_loss 2.2577 | or_loss 0.7549
train_step epoch 0.913952174731689 | step 2427/2656 | loss 2.2514 | sft_loss 2.1943 | or_loss 0.5708
train_step epoch 0.914328751647524 | step 2428/2656 | loss 2.4408 | sft_loss 2.3675 | or_loss 0.7329
train_step epoch 0.9147053285633591 | step 2429/2656 | loss 2.1017 | sft_loss 2.0431 | or_loss 0.5867
train_step epoch 0.9150819054791941 | step 2430/2656 | loss 2.4843 | sft_loss 2.4150 | or_loss 0.6924
train_step epoch 0.9154584823950291 | step 2431/2656 | loss 2.6780 | sft_loss 2.5856 | or_loss 0.9236
train_step epoch 0.9158350593108643 | step 2432/2656 | loss 1.9513 | sft_loss 1.9101 | or_loss 0.4117
train_step epoch 0.9162116362266993 | step 2433/2656 | loss 2.3932 | sft_loss 2.3207 | or_loss 0.7252
train_step epoch 0.9165882131425344 | step 2434/2656 | loss 2.2283 | sft_loss 2.1545 | or_loss 0.7383
train_step epoch 0.9169647900583694 | step 2435/2656 | loss 2.4686 | sft_loss 2.3991 | or_loss 0.6949
train_step epoch 0.9173413669742044 | step 2436/2656 | loss 2.3140 | sft_loss 2.2464 | or_loss 0.6756
train_step epoch 0.9177179438900396 | step 2437/2656 | loss 2.3804 | sft_loss 2.3126 | or_loss 0.6785
train_step epoch 0.9180945208058746 | step 2438/2656 | loss 2.3695 | sft_loss 2.2930 | or_loss 0.7647
train_step epoch 0.9184710977217097 | step 2439/2656 | loss 2.2847 | sft_loss 2.2112 | or_loss 0.7352
train_step epoch 0.9188476746375447 | step 2440/2656 | loss 2.5926 | sft_loss 2.5172 | or_loss 0.7543
train_step epoch 0.9192242515533797 | step 2441/2656 | loss 2.3608 | sft_loss 2.2923 | or_loss 0.6853
train_step epoch 0.9196008284692149 | step 2442/2656 | loss 2.0336 | sft_loss 1.9735 | or_loss 0.6009
train_step epoch 0.9199774053850499 | step 2443/2656 | loss 2.4247 | sft_loss 2.3502 | or_loss 0.7443
train_step epoch 0.9203539823008849 | step 2444/2656 | loss 2.3217 | sft_loss 2.2506 | or_loss 0.7116
train_step epoch 0.92073055921672 | step 2445/2656 | loss 2.2684 | sft_loss 2.2035 | or_loss 0.6485
train_step epoch 0.9211071361325551 | step 2446/2656 | loss 2.1770 | sft_loss 2.1080 | or_loss 0.6899
train_step epoch 0.9214837130483902 | step 2447/2656 | loss 2.1104 | sft_loss 2.0471 | or_loss 0.6327
train_step epoch 0.9218602899642252 | step 2448/2656 | loss 2.2713 | sft_loss 2.1971 | or_loss 0.7415
train_step epoch 0.9222368668800602 | step 2449/2656 | loss 2.2199 | sft_loss 2.1606 | or_loss 0.5933
train_step epoch 0.9226134437958953 | step 2450/2656 | loss 2.4249 | sft_loss 2.3564 | or_loss 0.6850
train_step epoch 0.9229900207117304 | step 2451/2656 | loss 2.3152 | sft_loss 2.2322 | or_loss 0.8300
train_step epoch 0.9233665976275655 | step 2452/2656 | loss 2.5125 | sft_loss 2.4192 | or_loss 0.9325
train_step epoch 0.9237431745434005 | step 2453/2656 | loss 2.2590 | sft_loss 2.1986 | or_loss 0.6037
train_step epoch 0.9241197514592355 | step 2454/2656 | loss 2.2197 | sft_loss 2.1564 | or_loss 0.6329
train_step epoch 0.9244963283750706 | step 2455/2656 | loss 2.3674 | sft_loss 2.2957 | or_loss 0.7169
train_step epoch 0.9248729052909057 | step 2456/2656 | loss 2.4559 | sft_loss 2.3838 | or_loss 0.7212
train_step epoch 0.9252494822067407 | step 2457/2656 | loss 2.3902 | sft_loss 2.3004 | or_loss 0.8979
train_step epoch 0.9256260591225758 | step 2458/2656 | loss 2.0788 | sft_loss 2.0351 | or_loss 0.4368
train_step epoch 0.9260026360384108 | step 2459/2656 | loss 2.5414 | sft_loss 2.4609 | or_loss 0.8054
train_step epoch 0.9263792129542459 | step 2460/2656 | loss 2.4143 | sft_loss 2.3203 | or_loss 0.9399
train_step epoch 0.926755789870081 | step 2461/2656 | loss 2.2693 | sft_loss 2.1956 | or_loss 0.7375
train_step epoch 0.927132366785916 | step 2462/2656 | loss 2.3555 | sft_loss 2.2920 | or_loss 0.6342
train_step epoch 0.9275089437017511 | step 2463/2656 | loss 2.3856 | sft_loss 2.3096 | or_loss 0.7593
train_step epoch 0.9278855206175861 | step 2464/2656 | loss 2.3542 | sft_loss 2.2574 | or_loss 0.9676
train_step epoch 0.9282620975334211 | step 2465/2656 | loss 2.3396 | sft_loss 2.2633 | or_loss 0.7638
train_step epoch 0.9286386744492563 | step 2466/2656 | loss 2.2971 | sft_loss 2.2309 | or_loss 0.6623
train_step epoch 0.9290152513650913 | step 2467/2656 | loss 2.1304 | sft_loss 2.0741 | or_loss 0.5635
train_step epoch 0.9293918282809264 | step 2468/2656 | loss 2.1759 | sft_loss 2.1146 | or_loss 0.6133
train_step epoch 0.9297684051967614 | step 2469/2656 | loss 2.3375 | sft_loss 2.2849 | or_loss 0.5257
train_step epoch 0.9301449821125966 | step 2470/2656 | loss 2.3588 | sft_loss 2.2922 | or_loss 0.6659
train_step epoch 0.9305215590284316 | step 2471/2656 | loss 2.3746 | sft_loss 2.3100 | or_loss 0.6456
train_step epoch 0.9308981359442666 | step 2472/2656 | loss 2.3814 | sft_loss 2.2981 | or_loss 0.8334
train_step epoch 0.9312747128601017 | step 2473/2656 | loss 2.1182 | sft_loss 2.0483 | or_loss 0.6997
train_step epoch 0.9316512897759367 | step 2474/2656 | loss 2.4561 | sft_loss 2.3863 | or_loss 0.6978
train_step epoch 0.9320278666917718 | step 2475/2656 | loss 2.6279 | sft_loss 2.5079 | or_loss 1.2006
train_step epoch 0.9324044436076069 | step 2476/2656 | loss 2.2464 | sft_loss 2.1935 | or_loss 0.5292
train_step epoch 0.9327810205234419 | step 2477/2656 | loss 2.1792 | sft_loss 2.1305 | or_loss 0.4864
train_step epoch 0.933157597439277 | step 2478/2656 | loss 2.1954 | sft_loss 2.1284 | or_loss 0.6705
train_step epoch 0.933534174355112 | step 2479/2656 | loss 2.3061 | sft_loss 2.2306 | or_loss 0.7547
train_step epoch 0.9339107512709471 | step 2480/2656 | loss 2.4145 | sft_loss 2.3401 | or_loss 0.7443
train_step epoch 0.9342873281867822 | step 2481/2656 | loss 2.3399 | sft_loss 2.2773 | or_loss 0.6251
train_step epoch 0.9346639051026172 | step 2482/2656 | loss 2.4192 | sft_loss 2.3495 | or_loss 0.6969
train_step epoch 0.9350404820184522 | step 2483/2656 | loss 2.2712 | sft_loss 2.2209 | or_loss 0.5038
train_step epoch 0.9354170589342873 | step 2484/2656 | loss 2.4153 | sft_loss 2.3534 | or_loss 0.6188
train_step epoch 0.9357936358501224 | step 2485/2656 | loss 1.9818 | sft_loss 1.9193 | or_loss 0.6258
train_step epoch 0.9361702127659575 | step 2486/2656 | loss 2.3542 | sft_loss 2.2740 | or_loss 0.8015
train_step epoch 0.9365467896817925 | step 2487/2656 | loss 2.4144 | sft_loss 2.3451 | or_loss 0.6934
train_step epoch 0.9369233665976275 | step 2488/2656 | loss 2.5996 | sft_loss 2.5279 | or_loss 0.7172
train_step epoch 0.9372999435134626 | step 2489/2656 | loss 2.3360 | sft_loss 2.2660 | or_loss 0.7004
train_step epoch 0.9376765204292977 | step 2490/2656 | loss 2.4089 | sft_loss 2.3394 | or_loss 0.6955
train_step epoch 0.9380530973451328 | step 2491/2656 | loss 2.2383 | sft_loss 2.1640 | or_loss 0.7431
train_step epoch 0.9384296742609678 | step 2492/2656 | loss 2.0103 | sft_loss 1.9549 | or_loss 0.5539
train_step epoch 0.9388062511768028 | step 2493/2656 | loss 2.4226 | sft_loss 2.3568 | or_loss 0.6576
train_step epoch 0.9391828280926379 | step 2494/2656 | loss 2.4293 | sft_loss 2.3435 | or_loss 0.8580
train_step epoch 0.939559405008473 | step 2495/2656 | loss 2.2311 | sft_loss 2.1716 | or_loss 0.5959
train_step epoch 0.939935981924308 | step 2496/2656 | loss 2.3914 | sft_loss 2.3253 | or_loss 0.6613
train_step epoch 0.9403125588401431 | step 2497/2656 | loss 2.2675 | sft_loss 2.1978 | or_loss 0.6973
train_step epoch 0.9406891357559781 | step 2498/2656 | loss 2.5418 | sft_loss 2.4614 | or_loss 0.8044
train_step epoch 0.9410657126718133 | step 2499/2656 | loss 2.3491 | sft_loss 2.2775 | or_loss 0.7163
train_step epoch 0.9414422895876483 | step 2500/2656 | loss 2.3123 | sft_loss 2.2338 | or_loss 0.7843
trainer_log step=2500 epoch=0.9414422895876483: {"epoch": 0.9414422895876483, "grad_norm": 7.471192836761475, "learning_rate": 5.911144578313253e-07, "loss": 2.352843994140625}
train_step epoch 0.9418188665034833 | step 2501/2656 | loss 2.6585 | sft_loss 2.5741 | or_loss 0.8437
train_step epoch 0.9421954434193184 | step 2502/2656 | loss 2.3889 | sft_loss 2.3104 | or_loss 0.7844
train_step epoch 0.9425720203351534 | step 2503/2656 | loss 2.3979 | sft_loss 2.3149 | or_loss 0.8297
train_step epoch 0.9429485972509886 | step 2504/2656 | loss 2.4688 | sft_loss 2.3792 | or_loss 0.8960
train_step epoch 0.9433251741668236 | step 2505/2656 | loss 2.3930 | sft_loss 2.3255 | or_loss 0.6747
train_step epoch 0.9437017510826586 | step 2506/2656 | loss 2.5946 | sft_loss 2.5324 | or_loss 0.6220
train_step epoch 0.9440783279984937 | step 2507/2656 | loss 2.2272 | sft_loss 2.1588 | or_loss 0.6831
train_step epoch 0.9444549049143287 | step 2508/2656 | loss 2.3014 | sft_loss 2.2497 | or_loss 0.5175
train_step epoch 0.9448314818301639 | step 2509/2656 | loss 2.2171 | sft_loss 2.1484 | or_loss 0.6869
train_step epoch 0.9452080587459989 | step 2510/2656 | loss 2.2328 | sft_loss 2.1602 | or_loss 0.7260
train_step epoch 0.9455846356618339 | step 2511/2656 | loss 2.2686 | sft_loss 2.2080 | or_loss 0.6054
train_step epoch 0.945961212577669 | step 2512/2656 | loss 2.4917 | sft_loss 2.4185 | or_loss 0.7315
train_step epoch 0.946337789493504 | step 2513/2656 | loss 2.1643 | sft_loss 2.1010 | or_loss 0.6324
train_step epoch 0.9467143664093391 | step 2514/2656 | loss 2.4114 | sft_loss 2.3361 | or_loss 0.7529
train_step epoch 0.9470909433251742 | step 2515/2656 | loss 2.1251 | sft_loss 2.0666 | or_loss 0.5842
train_step epoch 0.9474675202410092 | step 2516/2656 | loss 2.1770 | sft_loss 2.1177 | or_loss 0.5939
train_step epoch 0.9478440971568443 | step 2517/2656 | loss 2.3264 | sft_loss 2.2522 | or_loss 0.7415
train_step epoch 0.9482206740726793 | step 2518/2656 | loss 2.3576 | sft_loss 2.2665 | or_loss 0.9113
train_step epoch 0.9485972509885144 | step 2519/2656 | loss 2.5678 | sft_loss 2.4909 | or_loss 0.7682
train_step epoch 0.9489738279043495 | step 2520/2656 | loss 2.2521 | sft_loss 2.1931 | or_loss 0.5902
train_step epoch 0.9493504048201845 | step 2521/2656 | loss 2.5466 | sft_loss 2.4368 | or_loss 1.0984
train_step epoch 0.9497269817360195 | step 2522/2656 | loss 2.2742 | sft_loss 2.2136 | or_loss 0.6064
train_step epoch 0.9501035586518547 | step 2523/2656 | loss 2.4410 | sft_loss 2.3652 | or_loss 0.7580
train_step epoch 0.9504801355676897 | step 2524/2656 | loss 2.4810 | sft_loss 2.3892 | or_loss 0.9172
train_step epoch 0.9508567124835248 | step 2525/2656 | loss 2.2390 | sft_loss 2.1813 | or_loss 0.5778
train_step epoch 0.9512332893993598 | step 2526/2656 | loss 2.2497 | sft_loss 2.1601 | or_loss 0.8962
train_step epoch 0.9516098663151948 | step 2527/2656 | loss 2.4614 | sft_loss 2.3964 | or_loss 0.6509
train_step epoch 0.95198644323103 | step 2528/2656 | loss 2.4109 | sft_loss 2.3261 | or_loss 0.8475
train_step epoch 0.952363020146865 | step 2529/2656 | loss 2.0451 | sft_loss 1.9855 | or_loss 0.5954
train_step epoch 0.9527395970627001 | step 2530/2656 | loss 2.3636 | sft_loss 2.2931 | or_loss 0.7049
train_step epoch 0.9531161739785351 | step 2531/2656 | loss 2.3109 | sft_loss 2.2575 | or_loss 0.5339
train_step epoch 0.9534927508943701 | step 2532/2656 | loss 2.1601 | sft_loss 2.1019 | or_loss 0.5820
train_step epoch 0.9538693278102053 | step 2533/2656 | loss 2.5675 | sft_loss 2.4866 | or_loss 0.8091
train_step epoch 0.9542459047260403 | step 2534/2656 | loss 2.4210 | sft_loss 2.3573 | or_loss 0.6364
train_step epoch 0.9546224816418754 | step 2535/2656 | loss 2.4382 | sft_loss 2.3431 | or_loss 0.9504
train_step epoch 0.9549990585577104 | step 2536/2656 | loss 2.6699 | sft_loss 2.5921 | or_loss 0.7777
train_step epoch 0.9553756354735454 | step 2537/2656 | loss 2.4159 | sft_loss 2.3456 | or_loss 0.7024
train_step epoch 0.9557522123893806 | step 2538/2656 | loss 2.6812 | sft_loss 2.5895 | or_loss 0.9165
train_step epoch 0.9561287893052156 | step 2539/2656 | loss 2.7226 | sft_loss 2.6323 | or_loss 0.9036
train_step epoch 0.9565053662210506 | step 2540/2656 | loss 2.6383 | sft_loss 2.5581 | or_loss 0.8020
train_step epoch 0.9568819431368857 | step 2541/2656 | loss 2.2269 | sft_loss 2.1540 | or_loss 0.7293
train_step epoch 0.9572585200527207 | step 2542/2656 | loss 2.2409 | sft_loss 2.1870 | or_loss 0.5391
train_step epoch 0.9576350969685559 | step 2543/2656 | loss 2.0810 | sft_loss 2.0205 | or_loss 0.6044
train_step epoch 0.9580116738843909 | step 2544/2656 | loss 2.5223 | sft_loss 2.4515 | or_loss 0.7086
train_step epoch 0.9583882508002259 | step 2545/2656 | loss 2.4865 | sft_loss 2.4280 | or_loss 0.5858
train_step epoch 0.958764827716061 | step 2546/2656 | loss 2.3354 | sft_loss 2.2629 | or_loss 0.7247
train_step epoch 0.959141404631896 | step 2547/2656 | loss 2.7474 | sft_loss 2.6661 | or_loss 0.8134
train_step epoch 0.9595179815477312 | step 2548/2656 | loss 2.3684 | sft_loss 2.2874 | or_loss 0.8100
train_step epoch 0.9598945584635662 | step 2549/2656 | loss 2.4722 | sft_loss 2.3941 | or_loss 0.7809
train_step epoch 0.9602711353794012 | step 2550/2656 | loss 2.4202 | sft_loss 2.3426 | or_loss 0.7767
train_step epoch 0.9606477122952363 | step 2551/2656 | loss 2.3375 | sft_loss 2.2671 | or_loss 0.7033
train_step epoch 0.9610242892110714 | step 2552/2656 | loss 2.1400 | sft_loss 2.0488 | or_loss 0.9123
train_step epoch 0.9614008661269065 | step 2553/2656 | loss 2.3975 | sft_loss 2.3166 | or_loss 0.8092
train_step epoch 0.9617774430427415 | step 2554/2656 | loss 2.3514 | sft_loss 2.2574 | or_loss 0.9394
train_step epoch 0.9621540199585765 | step 2555/2656 | loss 2.7293 | sft_loss 2.6498 | or_loss 0.7955
train_step epoch 0.9625305968744116 | step 2556/2656 | loss 2.3239 | sft_loss 2.2443 | or_loss 0.7960
train_step epoch 0.9629071737902467 | step 2557/2656 | loss 2.6673 | sft_loss 2.5673 | or_loss 0.9992
train_step epoch 0.9632837507060817 | step 2558/2656 | loss 2.4862 | sft_loss 2.4122 | or_loss 0.7401
train_step epoch 0.9636603276219168 | step 2559/2656 | loss 2.4499 | sft_loss 2.3665 | or_loss 0.8339
train_step epoch 0.9640369045377518 | step 2560/2656 | loss 2.4462 | sft_loss 2.3789 | or_loss 0.6730
train_step epoch 0.9644134814535869 | step 2561/2656 | loss 2.2011 | sft_loss 2.1420 | or_loss 0.5913
train_step epoch 0.964790058369422 | step 2562/2656 | loss 2.2576 | sft_loss 2.1980 | or_loss 0.5957
train_step epoch 0.965166635285257 | step 2563/2656 | loss 2.1906 | sft_loss 2.1129 | or_loss 0.7767
train_step epoch 0.9655432122010921 | step 2564/2656 | loss 2.3193 | sft_loss 2.2316 | or_loss 0.8770
train_step epoch 0.9659197891169271 | step 2565/2656 | loss 2.3414 | sft_loss 2.2573 | or_loss 0.8403
train_step epoch 0.9662963660327621 | step 2566/2656 | loss 2.3789 | sft_loss 2.3141 | or_loss 0.6477
train_step epoch 0.9666729429485973 | step 2567/2656 | loss 2.4159 | sft_loss 2.3538 | or_loss 0.6207
train_step epoch 0.9670495198644323 | step 2568/2656 | loss 2.3853 | sft_loss 2.3098 | or_loss 0.7547
train_step epoch 0.9674260967802674 | step 2569/2656 | loss 1.9231 | sft_loss 1.8808 | or_loss 0.4238
train_step epoch 0.9678026736961024 | step 2570/2656 | loss 2.6187 | sft_loss 2.5354 | or_loss 0.8333
train_step epoch 0.9681792506119374 | step 2571/2656 | loss 2.3344 | sft_loss 2.2680 | or_loss 0.6637
train_step epoch 0.9685558275277726 | step 2572/2656 | loss 2.4316 | sft_loss 2.3571 | or_loss 0.7451
train_step epoch 0.9689324044436076 | step 2573/2656 | loss 2.0800 | sft_loss 2.0071 | or_loss 0.7291
train_step epoch 0.9693089813594427 | step 2574/2656 | loss 2.3779 | sft_loss 2.3199 | or_loss 0.5805
train_step epoch 0.9696855582752777 | step 2575/2656 | loss 2.4082 | sft_loss 2.3168 | or_loss 0.9143
train_step epoch 0.9700621351911128 | step 2576/2656 | loss 2.1556 | sft_loss 2.0815 | or_loss 0.7410
train_step epoch 0.9704387121069479 | step 2577/2656 | loss 2.2933 | sft_loss 2.2070 | or_loss 0.8636
train_step epoch 0.9708152890227829 | step 2578/2656 | loss 2.3116 | sft_loss 2.2481 | or_loss 0.6353
train_step epoch 0.971191865938618 | step 2579/2656 | loss 2.4774 | sft_loss 2.3926 | or_loss 0.8484
train_step epoch 0.971568442854453 | step 2580/2656 | loss 2.3005 | sft_loss 2.2329 | or_loss 0.6762
train_step epoch 0.9719450197702881 | step 2581/2656 | loss 2.3806 | sft_loss 2.2927 | or_loss 0.8788
train_step epoch 0.9723215966861232 | step 2582/2656 | loss 2.3686 | sft_loss 2.3016 | or_loss 0.6694
train_step epoch 0.9726981736019582 | step 2583/2656 | loss 2.5615 | sft_loss 2.4619 | or_loss 0.9965
train_step epoch 0.9730747505177932 | step 2584/2656 | loss 2.5217 | sft_loss 2.4415 | or_loss 0.8019
train_step epoch 0.9734513274336283 | step 2585/2656 | loss 2.3465 | sft_loss 2.2443 | or_loss 1.0213
train_step epoch 0.9738279043494634 | step 2586/2656 | loss 2.3030 | sft_loss 2.2438 | or_loss 0.5923
train_step epoch 0.9742044812652985 | step 2587/2656 | loss 2.6207 | sft_loss 2.5476 | or_loss 0.7311
train_step epoch 0.9745810581811335 | step 2588/2656 | loss 2.4859 | sft_loss 2.4122 | or_loss 0.7366
train_step epoch 0.9749576350969685 | step 2589/2656 | loss 2.4895 | sft_loss 2.3995 | or_loss 0.9000
train_step epoch 0.9753342120128036 | step 2590/2656 | loss 2.3812 | sft_loss 2.3160 | or_loss 0.6519
train_step epoch 0.9757107889286387 | step 2591/2656 | loss 2.4136 | sft_loss 2.3402 | or_loss 0.7340
train_step epoch 0.9760873658444738 | step 2592/2656 | loss 2.4505 | sft_loss 2.3638 | or_loss 0.8660
train_step epoch 0.9764639427603088 | step 2593/2656 | loss 2.2765 | sft_loss 2.2196 | or_loss 0.5685
train_step epoch 0.9768405196761438 | step 2594/2656 | loss 2.5032 | sft_loss 2.4297 | or_loss 0.7343
train_step epoch 0.9772170965919789 | step 2595/2656 | loss 2.3553 | sft_loss 2.2795 | or_loss 0.7581
train_step epoch 0.977593673507814 | step 2596/2656 | loss 2.5106 | sft_loss 2.4382 | or_loss 0.7241
train_step epoch 0.977970250423649 | step 2597/2656 | loss 2.1929 | sft_loss 2.1252 | or_loss 0.6764
train_step epoch 0.9783468273394841 | step 2598/2656 | loss 2.4138 | sft_loss 2.3600 | or_loss 0.5374
train_step epoch 0.9787234042553191 | step 2599/2656 | loss 2.2477 | sft_loss 2.1918 | or_loss 0.5589
train_step epoch 0.9790999811711542 | step 2600/2656 | loss 2.4675 | sft_loss 2.3913 | or_loss 0.7613
train_step epoch 0.9794765580869893 | step 2601/2656 | loss 2.3364 | sft_loss 2.2458 | or_loss 0.9057
train_step epoch 0.9798531350028243 | step 2602/2656 | loss 2.5013 | sft_loss 2.4416 | or_loss 0.5966
train_step epoch 0.9802297119186594 | step 2603/2656 | loss 2.4650 | sft_loss 2.3707 | or_loss 0.9434
train_step epoch 0.9806062888344944 | step 2604/2656 | loss 2.3460 | sft_loss 2.2750 | or_loss 0.7102
train_step epoch 0.9809828657503296 | step 2605/2656 | loss 2.1451 | sft_loss 2.0964 | or_loss 0.4879
train_step epoch 0.9813594426661646 | step 2606/2656 | loss 2.3759 | sft_loss 2.2873 | or_loss 0.8860
train_step epoch 0.9817360195819996 | step 2607/2656 | loss 2.5756 | sft_loss 2.5073 | or_loss 0.6830
train_step epoch 0.9821125964978347 | step 2608/2656 | loss 2.5158 | sft_loss 2.4503 | or_loss 0.6549
train_step epoch 0.9824891734136697 | step 2609/2656 | loss 2.2792 | sft_loss 2.2086 | or_loss 0.7061
train_step epoch 0.9828657503295049 | step 2610/2656 | loss 2.5007 | sft_loss 2.4305 | or_loss 0.7022
train_step epoch 0.9832423272453399 | step 2611/2656 | loss 2.3540 | sft_loss 2.2974 | or_loss 0.5663
train_step epoch 0.9836189041611749 | step 2612/2656 | loss 2.1951 | sft_loss 2.1126 | or_loss 0.8244
train_step epoch 0.98399548107701 | step 2613/2656 | loss 2.5978 | sft_loss 2.5183 | or_loss 0.7947
train_step epoch 0.984372057992845 | step 2614/2656 | loss 2.3477 | sft_loss 2.2797 | or_loss 0.6801
train_step epoch 0.9847486349086801 | step 2615/2656 | loss 2.2019 | sft_loss 2.1429 | or_loss 0.5898
train_step epoch 0.9851252118245152 | step 2616/2656 | loss 2.1192 | sft_loss 2.0644 | or_loss 0.5483
train_step epoch 0.9855017887403502 | step 2617/2656 | loss 2.1207 | sft_loss 2.0508 | or_loss 0.6994
train_step epoch 0.9858783656561853 | step 2618/2656 | loss 2.5865 | sft_loss 2.5017 | or_loss 0.8480
train_step epoch 0.9862549425720203 | step 2619/2656 | loss 2.0391 | sft_loss 1.9797 | or_loss 0.5937
train_step epoch 0.9866315194878554 | step 2620/2656 | loss 2.4711 | sft_loss 2.3976 | or_loss 0.7344
train_step epoch 0.9870080964036905 | step 2621/2656 | loss 2.3996 | sft_loss 2.3189 | or_loss 0.8065
train_step epoch 0.9873846733195255 | step 2622/2656 | loss 2.3581 | sft_loss 2.2988 | or_loss 0.5924
train_step epoch 0.9877612502353605 | step 2623/2656 | loss 2.4850 | sft_loss 2.3907 | or_loss 0.9428
train_step epoch 0.9881378271511956 | step 2624/2656 | loss 2.5619 | sft_loss 2.4884 | or_loss 0.7348
train_step epoch 0.9885144040670307 | step 2625/2656 | loss 2.2596 | sft_loss 2.1632 | or_loss 0.9642
train_step epoch 0.9888909809828658 | step 2626/2656 | loss 2.5473 | sft_loss 2.4618 | or_loss 0.8554
train_step epoch 0.9892675578987008 | step 2627/2656 | loss 2.6818 | sft_loss 2.5232 | or_loss 1.5855
train_step epoch 0.9896441348145358 | step 2628/2656 | loss 2.2577 | sft_loss 2.2041 | or_loss 0.5363
train_step epoch 0.990020711730371 | step 2629/2656 | loss 2.4915 | sft_loss 2.4105 | or_loss 0.8096
train_step epoch 0.990397288646206 | step 2630/2656 | loss 2.6227 | sft_loss 2.5533 | or_loss 0.6943
train_step epoch 0.9907738655620411 | step 2631/2656 | loss 2.4466 | sft_loss 2.3664 | or_loss 0.8021
train_step epoch 0.9911504424778761 | step 2632/2656 | loss 2.3679 | sft_loss 2.2881 | or_loss 0.7975
train_step epoch 0.9915270193937111 | step 2633/2656 | loss 2.1876 | sft_loss 2.1248 | or_loss 0.6274
train_step epoch 0.9919035963095463 | step 2634/2656 | loss 2.3237 | sft_loss 2.2521 | or_loss 0.7162
train_step epoch 0.9922801732253813 | step 2635/2656 | loss 2.1494 | sft_loss 2.0794 | or_loss 0.6997
train_step epoch 0.9926567501412163 | step 2636/2656 | loss 2.1702 | sft_loss 2.0920 | or_loss 0.7819
train_step epoch 0.9930333270570514 | step 2637/2656 | loss 2.4319 | sft_loss 2.3510 | or_loss 0.8086
train_step epoch 0.9934099039728864 | step 2638/2656 | loss 2.3357 | sft_loss 2.2825 | or_loss 0.5323
train_step epoch 0.9937864808887216 | step 2639/2656 | loss 2.4727 | sft_loss 2.4162 | or_loss 0.5653
train_step epoch 0.9941630578045566 | step 2640/2656 | loss 2.2872 | sft_loss 2.2199 | or_loss 0.6731
train_step epoch 0.9945396347203916 | step 2641/2656 | loss 2.2520 | sft_loss 2.1956 | or_loss 0.5647
train_step epoch 0.9949162116362267 | step 2642/2656 | loss 2.2744 | sft_loss 2.2212 | or_loss 0.5320
train_step epoch 0.9952927885520617 | step 2643/2656 | loss 2.4124 | sft_loss 2.3503 | or_loss 0.6208
train_step epoch 0.9956693654678969 | step 2644/2656 | loss 2.3836 | sft_loss 2.3116 | or_loss 0.7198
train_step epoch 0.9960459423837319 | step 2645/2656 | loss 2.3961 | sft_loss 2.3439 | or_loss 0.5218
train_step epoch 0.9964225192995669 | step 2646/2656 | loss 2.3368 | sft_loss 2.2807 | or_loss 0.5608
train_step epoch 0.996799096215402 | step 2647/2656 | loss 2.2644 | sft_loss 2.2133 | or_loss 0.5110
train_step epoch 0.997175673131237 | step 2648/2656 | loss 2.1320 | sft_loss 2.0781 | or_loss 0.5391
train_step epoch 0.9975522500470722 | step 2649/2656 | loss 2.5329 | sft_loss 2.4565 | or_loss 0.7636
train_step epoch 0.9979288269629072 | step 2650/2656 | loss 2.1498 | sft_loss 2.1041 | or_loss 0.4570
train_step epoch 0.9983054038787422 | step 2651/2656 | loss 2.1184 | sft_loss 2.0388 | or_loss 0.7966
train_step epoch 0.9986819807945773 | step 2652/2656 | loss 2.0742 | sft_loss 2.0167 | or_loss 0.5747
train_step epoch 0.9990585577104123 | step 2653/2656 | loss 2.4953 | sft_loss 2.4172 | or_loss 0.7814
train_step epoch 0.9994351346262474 | step 2654/2656 | loss 2.6152 | sft_loss 2.5320 | or_loss 0.8323
train_step epoch 0.9998117115420825 | step 2655/2656 | loss 2.1880 | sft_loss 2.1204 | or_loss 0.6764
train_step epoch 1.0 | step 2656/2656 | loss 1.9022 | sft_loss 1.8624 | or_loss 0.3971
trainer_log step=2656 epoch=1.0: {"epoch": 1.0, "eval_loss": 2.340092182159424, "eval_runtime": 7.6258, "eval_samples_per_second": 302.658, "eval_steps_per_second": 75.665}
trainer_log step=2656 epoch=1.0: {"epoch": 1.0, "total_flos": 0.0, "train_loss": 2.3618031697100905, "train_runtime": 408.3772, "train_samples_per_second": 104.036, "train_steps_per_second": 6.504}
Trainer log history saved to results/training_logs/raw_runs/train_orpo_20260511_175242.json
ORPO model saved to models/orpo
