Logging to results/training_logs/raw_runs/train_sft_raw_20260511_174855.log
{"batch_size": 4, "epochs": 1, "eval_file": "data/processed/training/hh_rlhf/hh_rlhf_test.jsonl", "fp16": true, "grad_accum": 4, "log_dir": "results/training_logs/raw_runs", "log_steps": 500, "lr": 2e-05, "max_length": 512, "max_prompt_length": 256, "max_samples": null, "model_name": "gpt2", "output_dir": "models/sft", "train_file": "data/processed/training/hh_rlhf/hh_rlhf_train.jsonl"}
Train: 42486 examples | Eval: 2308 examples
train_step epoch 0 | step 1/2656 | loss 3.0938
train_step epoch 0 | step 2/2656 | loss 3.2009
train_step epoch 0 | step 3/2656 | loss 3.0047
train_step epoch 0 | step 4/2656 | loss 2.8334
train_step epoch 0 | step 5/2656 | loss 2.7847
train_step epoch 0 | step 6/2656 | loss 2.8289
train_step epoch 0 | step 7/2656 | loss 2.9020
train_step epoch 0 | step 8/2656 | loss 2.8681
train_step epoch 0 | step 9/2656 | loss 2.8074
train_step epoch 0 | step 10/2656 | loss 2.7242
train_step epoch 0 | step 11/2656 | loss 2.6949
train_step epoch 0 | step 12/2656 | loss 2.8308
train_step epoch 0 | step 13/2656 | loss 2.9087
train_step epoch 0 | step 14/2656 | loss 2.7411
train_step epoch 0 | step 15/2656 | loss 2.7749
train_step epoch 0 | step 16/2656 | loss 2.6999
train_step epoch 0 | step 17/2656 | loss 2.7823
train_step epoch 0 | step 18/2656 | loss 2.6399
train_step epoch 0 | step 19/2656 | loss 3.0498
train_step epoch 0 | step 20/2656 | loss 2.6548
train_step epoch 0 | step 21/2656 | loss 3.0128
train_step epoch 0 | step 22/2656 | loss 2.6555
train_step epoch 0 | step 23/2656 | loss 2.3501
train_step epoch 0 | step 24/2656 | loss 2.5002
train_step epoch 0 | step 25/2656 | loss 2.8411
train_step epoch 0 | step 26/2656 | loss 2.7372
train_step epoch 0 | step 27/2656 | loss 2.6270
train_step epoch 0 | step 28/2656 | loss 2.5570
train_step epoch 0 | step 29/2656 | loss 2.9168
train_step epoch 0 | step 30/2656 | loss 2.8065
train_step epoch 0 | step 31/2656 | loss 2.6189
train_step epoch 0 | step 32/2656 | loss 2.6738
train_step epoch 0 | step 33/2656 | loss 2.8191
train_step epoch 0 | step 34/2656 | loss 2.5380
train_step epoch 0 | step 35/2656 | loss 2.9404
train_step epoch 0 | step 36/2656 | loss 2.8036
train_step epoch 0 | step 37/2656 | loss 2.4575
train_step epoch 0 | step 38/2656 | loss 2.7002
train_step epoch 0 | step 39/2656 | loss 2.7585
train_step epoch 0 | step 40/2656 | loss 2.5941
train_step epoch 0 | step 41/2656 | loss 2.6796
train_step epoch 0 | step 42/2656 | loss 2.8556
train_step epoch 0 | step 43/2656 | loss 2.6656
train_step epoch 0 | step 44/2656 | loss 2.8620
train_step epoch 0 | step 45/2656 | loss 2.5417
train_step epoch 0 | step 46/2656 | loss 2.7592
train_step epoch 0 | step 47/2656 | loss 2.5569
train_step epoch 0 | step 48/2656 | loss 2.6458
train_step epoch 0 | step 49/2656 | loss 2.7117
train_step epoch 0 | step 50/2656 | loss 2.6600
train_step epoch 0 | step 51/2656 | loss 2.7643
train_step epoch 0 | step 52/2656 | loss 2.6947
train_step epoch 0 | step 53/2656 | loss 2.5952
train_step epoch 0 | step 54/2656 | loss 2.3756
train_step epoch 0 | step 55/2656 | loss 2.5423
train_step epoch 0 | step 56/2656 | loss 2.9129
train_step epoch 0 | step 57/2656 | loss 2.5787
train_step epoch 0 | step 58/2656 | loss 2.6331
train_step epoch 0 | step 59/2656 | loss 2.5927
train_step epoch 0 | step 60/2656 | loss 2.5298
train_step epoch 0 | step 61/2656 | loss 2.7234
train_step epoch 0 | step 62/2656 | loss 2.6620
train_step epoch 0 | step 63/2656 | loss 2.7733
train_step epoch 0 | step 64/2656 | loss 2.7622
train_step epoch 0 | step 65/2656 | loss 2.4832
train_step epoch 0 | step 66/2656 | loss 2.7802
train_step epoch 0 | step 67/2656 | loss 2.4853
train_step epoch 0 | step 68/2656 | loss 2.7064
train_step epoch 0 | step 69/2656 | loss 2.3206
train_step epoch 0 | step 70/2656 | loss 2.7127
train_step epoch 0 | step 71/2656 | loss 2.4670
train_step epoch 0 | step 72/2656 | loss 2.5825
train_step epoch 0 | step 73/2656 | loss 2.5071
train_step epoch 0 | step 74/2656 | loss 2.7661
train_step epoch 0 | step 75/2656 | loss 2.2732
train_step epoch 0 | step 76/2656 | loss 2.2078
train_step epoch 0 | step 77/2656 | loss 2.6486
train_step epoch 0 | step 78/2656 | loss 2.5397
train_step epoch 0 | step 79/2656 | loss 2.3234
train_step epoch 0 | step 80/2656 | loss 2.6742
train_step epoch 0 | step 81/2656 | loss 2.3848
train_step epoch 0 | step 82/2656 | loss 2.4664
train_step epoch 0 | step 83/2656 | loss 2.4407
train_step epoch 0 | step 84/2656 | loss 2.5276
train_step epoch 0 | step 85/2656 | loss 2.5472
train_step epoch 0 | step 86/2656 | loss 2.7879
train_step epoch 0 | step 87/2656 | loss 2.6076
train_step epoch 0 | step 88/2656 | loss 2.6694
train_step epoch 0 | step 89/2656 | loss 2.4069
train_step epoch 0 | step 90/2656 | loss 2.7804
train_step epoch 0 | step 91/2656 | loss 2.5086
train_step epoch 0 | step 92/2656 | loss 2.5168
train_step epoch 0 | step 93/2656 | loss 2.4739
train_step epoch 0 | step 94/2656 | loss 2.4177
train_step epoch 0 | step 95/2656 | loss 2.4895
train_step epoch 0 | step 96/2656 | loss 2.6380
train_step epoch 0 | step 97/2656 | loss 2.3922
train_step epoch 0 | step 98/2656 | loss 2.4027
train_step epoch 0 | step 99/2656 | loss 2.5923
train_step epoch 0 | step 100/2656 | loss 2.7184
train_step epoch 0 | step 101/2656 | loss 2.5538
train_step epoch 0 | step 102/2656 | loss 2.5326
train_step epoch 0 | step 103/2656 | loss 2.5838
train_step epoch 0 | step 104/2656 | loss 2.4101
train_step epoch 0 | step 105/2656 | loss 2.6174
train_step epoch 0 | step 106/2656 | loss 2.2223
train_step epoch 0 | step 107/2656 | loss 2.5864
train_step epoch 0 | step 108/2656 | loss 2.5654
train_step epoch 0 | step 109/2656 | loss 2.5313
train_step epoch 0 | step 110/2656 | loss 2.4970
train_step epoch 0 | step 111/2656 | loss 2.5192
train_step epoch 0 | step 112/2656 | loss 2.6439
train_step epoch 0 | step 113/2656 | loss 2.5787
train_step epoch 0 | step 114/2656 | loss 2.4858
train_step epoch 0 | step 115/2656 | loss 2.6886
train_step epoch 0 | step 116/2656 | loss 2.4798
train_step epoch 0 | step 117/2656 | loss 2.7548
train_step epoch 0 | step 118/2656 | loss 2.6096
train_step epoch 0 | step 119/2656 | loss 2.6049
train_step epoch 0 | step 120/2656 | loss 2.7366
train_step epoch 0 | step 121/2656 | loss 2.6893
train_step epoch 0 | step 122/2656 | loss 2.7519
train_step epoch 0 | step 123/2656 | loss 2.5386
train_step epoch 0 | step 124/2656 | loss 2.4166
train_step epoch 0 | step 125/2656 | loss 2.5788
train_step epoch 0 | step 126/2656 | loss 2.3955
train_step epoch 0 | step 127/2656 | loss 2.5311
train_step epoch 0 | step 128/2656 | loss 2.5498
train_step epoch 0 | step 129/2656 | loss 2.1292
train_step epoch 0 | step 130/2656 | loss 2.2366
train_step epoch 0 | step 131/2656 | loss 2.4062
train_step epoch 0 | step 132/2656 | loss 2.3625
train_step epoch 0 | step 133/2656 | loss 2.6326
train_step epoch 0 | step 134/2656 | loss 2.3450
train_step epoch 0 | step 135/2656 | loss 2.5211
train_step epoch 0 | step 136/2656 | loss 2.4712
train_step epoch 0 | step 137/2656 | loss 2.5153
train_step epoch 0 | step 138/2656 | loss 2.4999
train_step epoch 0 | step 139/2656 | loss 2.2775
train_step epoch 0 | step 140/2656 | loss 2.2974
train_step epoch 0 | step 141/2656 | loss 2.4703
train_step epoch 0 | step 142/2656 | loss 2.6191
train_step epoch 0 | step 143/2656 | loss 2.3408
train_step epoch 0 | step 144/2656 | loss 2.5129
train_step epoch 0 | step 145/2656 | loss 2.6476
train_step epoch 0 | step 146/2656 | loss 2.6910
train_step epoch 0 | step 147/2656 | loss 2.5770
train_step epoch 0 | step 148/2656 | loss 2.6128
train_step epoch 0 | step 149/2656 | loss 2.5400
train_step epoch 0 | step 150/2656 | loss 2.3139
train_step epoch 0 | step 151/2656 | loss 2.6395
train_step epoch 0 | step 152/2656 | loss 2.4506
train_step epoch 0 | step 153/2656 | loss 2.4853
train_step epoch 0 | step 154/2656 | loss 2.5596
train_step epoch 0 | step 155/2656 | loss 2.5738
train_step epoch 0 | step 156/2656 | loss 2.5355
train_step epoch 0 | step 157/2656 | loss 2.5030
train_step epoch 0 | step 158/2656 | loss 2.4156
train_step epoch 0 | step 159/2656 | loss 2.6919
train_step epoch 0 | step 160/2656 | loss 2.2433
train_step epoch 0 | step 161/2656 | loss 2.6437
train_step epoch 0 | step 162/2656 | loss 2.3135
train_step epoch 0 | step 163/2656 | loss 2.0788
train_step epoch 0 | step 164/2656 | loss 2.3281
train_step epoch 0 | step 165/2656 | loss 2.7712
train_step epoch 0 | step 166/2656 | loss 2.5124
train_step epoch 0 | step 167/2656 | loss 2.4763
train_step epoch 0 | step 168/2656 | loss 2.4610
train_step epoch 0 | step 169/2656 | loss 2.5544
train_step epoch 0 | step 170/2656 | loss 2.2338
train_step epoch 0 | step 171/2656 | loss 2.4084
train_step epoch 0 | step 172/2656 | loss 2.4574
train_step epoch 0 | step 173/2656 | loss 2.5391
train_step epoch 0 | step 174/2656 | loss 2.2511
train_step epoch 0 | step 175/2656 | loss 2.5000
train_step epoch 0 | step 176/2656 | loss 2.5618
train_step epoch 0 | step 177/2656 | loss 2.0649
train_step epoch 0 | step 178/2656 | loss 2.6398
train_step epoch 0 | step 179/2656 | loss 2.4641
train_step epoch 0 | step 180/2656 | loss 2.2333
train_step epoch 0 | step 181/2656 | loss 2.7049
train_step epoch 0 | step 182/2656 | loss 2.3697
train_step epoch 0 | step 183/2656 | loss 2.7522
train_step epoch 0 | step 184/2656 | loss 2.5080
train_step epoch 0 | step 185/2656 | loss 2.3339
train_step epoch 0 | step 186/2656 | loss 2.2748
train_step epoch 0 | step 187/2656 | loss 2.4800
train_step epoch 0 | step 188/2656 | loss 2.4293
train_step epoch 0 | step 189/2656 | loss 2.6952
train_step epoch 0 | step 190/2656 | loss 2.6202
train_step epoch 0 | step 191/2656 | loss 2.2319
train_step epoch 0 | step 192/2656 | loss 2.5638
train_step epoch 0 | step 193/2656 | loss 2.6642
train_step epoch 0 | step 194/2656 | loss 2.6270
train_step epoch 0 | step 195/2656 | loss 2.4569
train_step epoch 0 | step 196/2656 | loss 2.2593
train_step epoch 0 | step 197/2656 | loss 2.3387
train_step epoch 0 | step 198/2656 | loss 2.7269
train_step epoch 0 | step 199/2656 | loss 2.3535
train_step epoch 0 | step 200/2656 | loss 2.5855
train_step epoch 0 | step 201/2656 | loss 2.2763
train_step epoch 0 | step 202/2656 | loss 2.4274
train_step epoch 0 | step 203/2656 | loss 2.4919
train_step epoch 0 | step 204/2656 | loss 2.2857
train_step epoch 0 | step 205/2656 | loss 2.3042
train_step epoch 0 | step 206/2656 | loss 2.5402
train_step epoch 0 | step 207/2656 | loss 2.6031
train_step epoch 0 | step 208/2656 | loss 2.5859
train_step epoch 0 | step 209/2656 | loss 2.4426
train_step epoch 0 | step 210/2656 | loss 2.7288
train_step epoch 0 | step 211/2656 | loss 2.5406
train_step epoch 0 | step 212/2656 | loss 2.4602
train_step epoch 0 | step 213/2656 | loss 2.6470
train_step epoch 0 | step 214/2656 | loss 2.5728
train_step epoch 0 | step 215/2656 | loss 2.6802
train_step epoch 0 | step 216/2656 | loss 2.4286
train_step epoch 0 | step 217/2656 | loss 2.4892
train_step epoch 0 | step 218/2656 | loss 2.2501
train_step epoch 0 | step 219/2656 | loss 2.6620
train_step epoch 0 | step 220/2656 | loss 2.5482
train_step epoch 0 | step 221/2656 | loss 2.3450
train_step epoch 0 | step 222/2656 | loss 2.4839
train_step epoch 0 | step 223/2656 | loss 2.4744
train_step epoch 0 | step 224/2656 | loss 2.2194
train_step epoch 0 | step 225/2656 | loss 2.5562
train_step epoch 0 | step 226/2656 | loss 2.4436
train_step epoch 0 | step 227/2656 | loss 2.5429
train_step epoch 0 | step 228/2656 | loss 2.5218
train_step epoch 0 | step 229/2656 | loss 2.4365
train_step epoch 0 | step 230/2656 | loss 2.5765
train_step epoch 0 | step 231/2656 | loss 2.4460
train_step epoch 0 | step 232/2656 | loss 2.6231
train_step epoch 0 | step 233/2656 | loss 2.6186
train_step epoch 0 | step 234/2656 | loss 2.1871
train_step epoch 0 | step 235/2656 | loss 2.2390
train_step epoch 0 | step 236/2656 | loss 2.6180
train_step epoch 0 | step 237/2656 | loss 2.5622
train_step epoch 0 | step 238/2656 | loss 2.5710
train_step epoch 0 | step 239/2656 | loss 2.5892
train_step epoch 0 | step 240/2656 | loss 2.3029
train_step epoch 0 | step 241/2656 | loss 2.1975
train_step epoch 0 | step 242/2656 | loss 2.4857
train_step epoch 0 | step 243/2656 | loss 2.3122
train_step epoch 0 | step 244/2656 | loss 2.4664
train_step epoch 0 | step 245/2656 | loss 2.4713
train_step epoch 0 | step 246/2656 | loss 2.5274
train_step epoch 0 | step 247/2656 | loss 2.2301
train_step epoch 0 | step 248/2656 | loss 2.2514
train_step epoch 0 | step 249/2656 | loss 2.3149
train_step epoch 0 | step 250/2656 | loss 2.4723
train_step epoch 0 | step 251/2656 | loss 2.5682
train_step epoch 0 | step 252/2656 | loss 2.5516
train_step epoch 0 | step 253/2656 | loss 2.4090
train_step epoch 0 | step 254/2656 | loss 2.5384
train_step epoch 0 | step 255/2656 | loss 2.8045
train_step epoch 0 | step 256/2656 | loss 2.2460
train_step epoch 0 | step 257/2656 | loss 2.3121
train_step epoch 0 | step 258/2656 | loss 1.9915
train_step epoch 0 | step 259/2656 | loss 2.3478
train_step epoch 0 | step 260/2656 | loss 2.2552
train_step epoch 0 | step 261/2656 | loss 2.1860
train_step epoch 0 | step 262/2656 | loss 2.3125
train_step epoch 0 | step 263/2656 | loss 2.5145
train_step epoch 0 | step 264/2656 | loss 2.3668
train_step epoch 0 | step 265/2656 | loss 2.4706
train_step epoch 0 | step 266/2656 | loss 2.5983
train_step epoch 0 | step 267/2656 | loss 2.2961
train_step epoch 0 | step 268/2656 | loss 2.5364
train_step epoch 0 | step 269/2656 | loss 2.3752
train_step epoch 0 | step 270/2656 | loss 2.3277
train_step epoch 0 | step 271/2656 | loss 2.3736
train_step epoch 0 | step 272/2656 | loss 2.3106
train_step epoch 0 | step 273/2656 | loss 2.1319
train_step epoch 0 | step 274/2656 | loss 2.3894
train_step epoch 0 | step 275/2656 | loss 2.3786
train_step epoch 0 | step 276/2656 | loss 2.5470
train_step epoch 0 | step 277/2656 | loss 2.4078
train_step epoch 0 | step 278/2656 | loss 2.5561
train_step epoch 0 | step 279/2656 | loss 2.2429
train_step epoch 0 | step 280/2656 | loss 2.3744
train_step epoch 0 | step 281/2656 | loss 2.4699
train_step epoch 0 | step 282/2656 | loss 2.4793
train_step epoch 0 | step 283/2656 | loss 2.6313
train_step epoch 0 | step 284/2656 | loss 2.4994
train_step epoch 0 | step 285/2656 | loss 2.5669
train_step epoch 0 | step 286/2656 | loss 2.3714
train_step epoch 0 | step 287/2656 | loss 2.7840
train_step epoch 0 | step 288/2656 | loss 2.4980
train_step epoch 0 | step 289/2656 | loss 2.2793
train_step epoch 0 | step 290/2656 | loss 2.6601
train_step epoch 0 | step 291/2656 | loss 2.5587
train_step epoch 0 | step 292/2656 | loss 2.4158
train_step epoch 0 | step 293/2656 | loss 2.4658
train_step epoch 0 | step 294/2656 | loss 2.6715
train_step epoch 0 | step 295/2656 | loss 2.4733
train_step epoch 0 | step 296/2656 | loss 2.2285
train_step epoch 0 | step 297/2656 | loss 2.3993
train_step epoch 0 | step 298/2656 | loss 2.2844
train_step epoch 0 | step 299/2656 | loss 2.4169
train_step epoch 0 | step 300/2656 | loss 2.0894
train_step epoch 0 | step 301/2656 | loss 2.4089
train_step epoch 0 | step 302/2656 | loss 2.4045
train_step epoch 0 | step 303/2656 | loss 2.3656
train_step epoch 0 | step 304/2656 | loss 2.4606
train_step epoch 0 | step 305/2656 | loss 2.5130
train_step epoch 0 | step 306/2656 | loss 2.3569
train_step epoch 0 | step 307/2656 | loss 2.4905
train_step epoch 0 | step 308/2656 | loss 2.3479
train_step epoch 0 | step 309/2656 | loss 2.3294
train_step epoch 0 | step 310/2656 | loss 2.3826
train_step epoch 0 | step 311/2656 | loss 2.4315
train_step epoch 0 | step 312/2656 | loss 2.4018
train_step epoch 0 | step 313/2656 | loss 2.5678
train_step epoch 0 | step 314/2656 | loss 2.4823
train_step epoch 0 | step 315/2656 | loss 2.5849
train_step epoch 0 | step 316/2656 | loss 2.4231
train_step epoch 0 | step 317/2656 | loss 2.4092
train_step epoch 0 | step 318/2656 | loss 2.2131
train_step epoch 0 | step 319/2656 | loss 2.1001
train_step epoch 0 | step 320/2656 | loss 2.3667
train_step epoch 0 | step 321/2656 | loss 2.5274
train_step epoch 0 | step 322/2656 | loss 2.5264
train_step epoch 0 | step 323/2656 | loss 2.3745
train_step epoch 0 | step 324/2656 | loss 2.3729
train_step epoch 0 | step 325/2656 | loss 2.3677
train_step epoch 0 | step 326/2656 | loss 2.3338
train_step epoch 0 | step 327/2656 | loss 2.4430
train_step epoch 0 | step 328/2656 | loss 2.5691
train_step epoch 0 | step 329/2656 | loss 2.5334
train_step epoch 0 | step 330/2656 | loss 2.7048
train_step epoch 0 | step 331/2656 | loss 2.2113
train_step epoch 0 | step 332/2656 | loss 2.3428
train_step epoch 0 | step 333/2656 | loss 2.5623
train_step epoch 0 | step 334/2656 | loss 2.4406
train_step epoch 0 | step 335/2656 | loss 2.5908
train_step epoch 0 | step 336/2656 | loss 2.5639
train_step epoch 0 | step 337/2656 | loss 2.5294
train_step epoch 0 | step 338/2656 | loss 2.3966
train_step epoch 0 | step 339/2656 | loss 2.7089
train_step epoch 0 | step 340/2656 | loss 2.5400
train_step epoch 0 | step 341/2656 | loss 2.2386
train_step epoch 0 | step 342/2656 | loss 2.4901
train_step epoch 0 | step 343/2656 | loss 2.2174
train_step epoch 0 | step 344/2656 | loss 2.5569
train_step epoch 0 | step 345/2656 | loss 2.0212
train_step epoch 0 | step 346/2656 | loss 2.5153
train_step epoch 0 | step 347/2656 | loss 2.4120
train_step epoch 0 | step 348/2656 | loss 2.5040
train_step epoch 0 | step 349/2656 | loss 2.2865
train_step epoch 0 | step 350/2656 | loss 2.4172
train_step epoch 0 | step 351/2656 | loss 2.4647
train_step epoch 0 | step 352/2656 | loss 2.2059
train_step epoch 0 | step 353/2656 | loss 2.5380
train_step epoch 0 | step 354/2656 | loss 2.4405
train_step epoch 0 | step 355/2656 | loss 2.3871
train_step epoch 0 | step 356/2656 | loss 2.5781
train_step epoch 0 | step 357/2656 | loss 2.5577
train_step epoch 0 | step 358/2656 | loss 2.2976
train_step epoch 0 | step 359/2656 | loss 2.6054
train_step epoch 0 | step 360/2656 | loss 2.8156
train_step epoch 0 | step 361/2656 | loss 2.5748
train_step epoch 0 | step 362/2656 | loss 2.1845
train_step epoch 0 | step 363/2656 | loss 2.1940
train_step epoch 0 | step 364/2656 | loss 2.6415
train_step epoch 0 | step 365/2656 | loss 2.4006
train_step epoch 0 | step 366/2656 | loss 2.3361
train_step epoch 0 | step 367/2656 | loss 2.8383
train_step epoch 0 | step 368/2656 | loss 2.3859
train_step epoch 0 | step 369/2656 | loss 2.5096
train_step epoch 0 | step 370/2656 | loss 2.3723
train_step epoch 0 | step 371/2656 | loss 2.3406
train_step epoch 0 | step 372/2656 | loss 2.5698
train_step epoch 0 | step 373/2656 | loss 2.3135
train_step epoch 0 | step 374/2656 | loss 2.4431
train_step epoch 0 | step 375/2656 | loss 2.2111
train_step epoch 0 | step 376/2656 | loss 2.2905
train_step epoch 0 | step 377/2656 | loss 2.3337
train_step epoch 0 | step 378/2656 | loss 2.3384
train_step epoch 0 | step 379/2656 | loss 2.3838
train_step epoch 0 | step 380/2656 | loss 2.4283
train_step epoch 0 | step 381/2656 | loss 2.3926
train_step epoch 0 | step 382/2656 | loss 2.6186
train_step epoch 0 | step 383/2656 | loss 2.5402
train_step epoch 0 | step 384/2656 | loss 2.6534
train_step epoch 0 | step 385/2656 | loss 2.1732
train_step epoch 0 | step 386/2656 | loss 2.6760
train_step epoch 0 | step 387/2656 | loss 2.4008
train_step epoch 0 | step 388/2656 | loss 2.3153
train_step epoch 0 | step 389/2656 | loss 2.1674
train_step epoch 0 | step 390/2656 | loss 2.3889
train_step epoch 0 | step 391/2656 | loss 2.4430
train_step epoch 0 | step 392/2656 | loss 2.2534
train_step epoch 0 | step 393/2656 | loss 2.6406
train_step epoch 0 | step 394/2656 | loss 2.4953
train_step epoch 0 | step 395/2656 | loss 2.2006
train_step epoch 0 | step 396/2656 | loss 2.6018
train_step epoch 0 | step 397/2656 | loss 2.4648
train_step epoch 0 | step 398/2656 | loss 2.2016
train_step epoch 0 | step 399/2656 | loss 2.6189
train_step epoch 0 | step 400/2656 | loss 2.2167
train_step epoch 0 | step 401/2656 | loss 2.2633
train_step epoch 0 | step 402/2656 | loss 2.5887
train_step epoch 0 | step 403/2656 | loss 2.3843
train_step epoch 0 | step 404/2656 | loss 2.3036
train_step epoch 0 | step 405/2656 | loss 2.3626
train_step epoch 0 | step 406/2656 | loss 2.3669
train_step epoch 0 | step 407/2656 | loss 2.1612
train_step epoch 0 | step 408/2656 | loss 2.2853
train_step epoch 0 | step 409/2656 | loss 2.1874
train_step epoch 0 | step 410/2656 | loss 2.0798
train_step epoch 0 | step 411/2656 | loss 2.3817
train_step epoch 0 | step 412/2656 | loss 2.3137
train_step epoch 0 | step 413/2656 | loss 2.3666
train_step epoch 0 | step 414/2656 | loss 2.4996
train_step epoch 0 | step 415/2656 | loss 2.5077
train_step epoch 0 | step 416/2656 | loss 2.4759
train_step epoch 0 | step 417/2656 | loss 2.3591
train_step epoch 0 | step 418/2656 | loss 2.1797
train_step epoch 0 | step 419/2656 | loss 2.4315
train_step epoch 0 | step 420/2656 | loss 2.2948
train_step epoch 0 | step 421/2656 | loss 2.2895
train_step epoch 0 | step 422/2656 | loss 2.4003
train_step epoch 0 | step 423/2656 | loss 2.5362
train_step epoch 0 | step 424/2656 | loss 2.4393
train_step epoch 0 | step 425/2656 | loss 2.4345
train_step epoch 0 | step 426/2656 | loss 2.4948
train_step epoch 0 | step 427/2656 | loss 2.5291
train_step epoch 0 | step 428/2656 | loss 2.4810
train_step epoch 0 | step 429/2656 | loss 2.5774
train_step epoch 0 | step 430/2656 | loss 2.4122
train_step epoch 0 | step 431/2656 | loss 2.4748
train_step epoch 0 | step 432/2656 | loss 2.5783
train_step epoch 0 | step 433/2656 | loss 2.3056
train_step epoch 0 | step 434/2656 | loss 2.3821
train_step epoch 0 | step 435/2656 | loss 2.5023
train_step epoch 0 | step 436/2656 | loss 2.1400
train_step epoch 0 | step 437/2656 | loss 2.1975
train_step epoch 0 | step 438/2656 | loss 2.3428
train_step epoch 0 | step 439/2656 | loss 2.2656
train_step epoch 0 | step 440/2656 | loss 2.4603
train_step epoch 0 | step 441/2656 | loss 2.5224
train_step epoch 0 | step 442/2656 | loss 2.3671
train_step epoch 0 | step 443/2656 | loss 2.6891
train_step epoch 0 | step 444/2656 | loss 2.7342
train_step epoch 0 | step 445/2656 | loss 2.3701
train_step epoch 0 | step 446/2656 | loss 2.3123
train_step epoch 0 | step 447/2656 | loss 2.6604
train_step epoch 0 | step 448/2656 | loss 2.4330
train_step epoch 0 | step 449/2656 | loss 2.6100
train_step epoch 0 | step 450/2656 | loss 2.5657
train_step epoch 0 | step 451/2656 | loss 2.3804
train_step epoch 0 | step 452/2656 | loss 2.2278
train_step epoch 0 | step 453/2656 | loss 2.4202
train_step epoch 0 | step 454/2656 | loss 2.3172
train_step epoch 0 | step 455/2656 | loss 2.5311
train_step epoch 0 | step 456/2656 | loss 2.4841
train_step epoch 0 | step 457/2656 | loss 2.5056
train_step epoch 0 | step 458/2656 | loss 2.5272
train_step epoch 0 | step 459/2656 | loss 2.3397
train_step epoch 0 | step 460/2656 | loss 2.0836
train_step epoch 0 | step 461/2656 | loss 2.1879
train_step epoch 0 | step 462/2656 | loss 2.7137
train_step epoch 0 | step 463/2656 | loss 2.3460
train_step epoch 0 | step 464/2656 | loss 2.3527
train_step epoch 0 | step 465/2656 | loss 2.7016
train_step epoch 0 | step 466/2656 | loss 2.4911
train_step epoch 0 | step 467/2656 | loss 2.6627
train_step epoch 0 | step 468/2656 | loss 2.5674
train_step epoch 0 | step 469/2656 | loss 2.1892
train_step epoch 0 | step 470/2656 | loss 2.3623
train_step epoch 0 | step 471/2656 | loss 2.4010
train_step epoch 0 | step 472/2656 | loss 2.5054
train_step epoch 0 | step 473/2656 | loss 2.4257
train_step epoch 0 | step 474/2656 | loss 2.0807
train_step epoch 0 | step 475/2656 | loss 2.2654
train_step epoch 0 | step 476/2656 | loss 2.3754
train_step epoch 0 | step 477/2656 | loss 2.4565
train_step epoch 0 | step 478/2656 | loss 2.2524
train_step epoch 0 | step 479/2656 | loss 2.5546
train_step epoch 0 | step 480/2656 | loss 2.4766
train_step epoch 0 | step 481/2656 | loss 2.4914
train_step epoch 0 | step 482/2656 | loss 2.2669
train_step epoch 0 | step 483/2656 | loss 2.5580
train_step epoch 0 | step 484/2656 | loss 2.5627
train_step epoch 0 | step 485/2656 | loss 2.5310
train_step epoch 0 | step 486/2656 | loss 2.3537
train_step epoch 0 | step 487/2656 | loss 2.2738
train_step epoch 0 | step 488/2656 | loss 2.3307
train_step epoch 0 | step 489/2656 | loss 2.4247
train_step epoch 0 | step 490/2656 | loss 2.2412
train_step epoch 0 | step 491/2656 | loss 2.4330
train_step epoch 0 | step 492/2656 | loss 2.3918
train_step epoch 0 | step 493/2656 | loss 2.3054
train_step epoch 0 | step 494/2656 | loss 2.7561
train_step epoch 0 | step 495/2656 | loss 2.6149
train_step epoch 0 | step 496/2656 | loss 2.5216
train_step epoch 0 | step 497/2656 | loss 2.2712
train_step epoch 0 | step 498/2656 | loss 2.4705
train_step epoch 0 | step 499/2656 | loss 2.1348
train_step epoch 0 | step 500/2656 | loss 2.3152
epoch 0 | step 500/2656 | loss 2.4857
train_step epoch 0 | step 501/2656 | loss 2.3518
train_step epoch 0 | step 502/2656 | loss 2.2365
train_step epoch 0 | step 503/2656 | loss 2.5430
train_step epoch 0 | step 504/2656 | loss 2.3192
train_step epoch 0 | step 505/2656 | loss 2.3902
train_step epoch 0 | step 506/2656 | loss 2.2777
train_step epoch 0 | step 507/2656 | loss 2.3148
train_step epoch 0 | step 508/2656 | loss 2.5721
train_step epoch 0 | step 509/2656 | loss 2.2387
train_step epoch 0 | step 510/2656 | loss 2.4982
train_step epoch 0 | step 511/2656 | loss 2.5050
train_step epoch 0 | step 512/2656 | loss 2.3416
train_step epoch 0 | step 513/2656 | loss 2.5767
train_step epoch 0 | step 514/2656 | loss 2.6856
train_step epoch 0 | step 515/2656 | loss 2.4723
train_step epoch 0 | step 516/2656 | loss 1.9744
train_step epoch 0 | step 517/2656 | loss 2.4747
train_step epoch 0 | step 518/2656 | loss 2.4530
train_step epoch 0 | step 519/2656 | loss 2.5032
train_step epoch 0 | step 520/2656 | loss 2.3966
train_step epoch 0 | step 521/2656 | loss 2.3387
train_step epoch 0 | step 522/2656 | loss 2.6084
train_step epoch 0 | step 523/2656 | loss 2.4759
train_step epoch 0 | step 524/2656 | loss 2.3836
train_step epoch 0 | step 525/2656 | loss 2.5249
train_step epoch 0 | step 526/2656 | loss 2.1315
train_step epoch 0 | step 527/2656 | loss 2.5518
train_step epoch 0 | step 528/2656 | loss 2.5348
train_step epoch 0 | step 529/2656 | loss 2.2989
train_step epoch 0 | step 530/2656 | loss 2.6265
train_step epoch 0 | step 531/2656 | loss 2.4020
train_step epoch 0 | step 532/2656 | loss 2.2811
train_step epoch 0 | step 533/2656 | loss 1.9956
train_step epoch 0 | step 534/2656 | loss 2.2344
train_step epoch 0 | step 535/2656 | loss 2.4919
train_step epoch 0 | step 536/2656 | loss 2.4604
train_step epoch 0 | step 537/2656 | loss 2.3481
train_step epoch 0 | step 538/2656 | loss 2.4712
train_step epoch 0 | step 539/2656 | loss 2.2630
train_step epoch 0 | step 540/2656 | loss 2.3423
train_step epoch 0 | step 541/2656 | loss 2.4547
train_step epoch 0 | step 542/2656 | loss 2.1458
train_step epoch 0 | step 543/2656 | loss 2.3304
train_step epoch 0 | step 544/2656 | loss 2.5764
train_step epoch 0 | step 545/2656 | loss 2.5014
train_step epoch 0 | step 546/2656 | loss 2.4624
train_step epoch 0 | step 547/2656 | loss 2.2887
train_step epoch 0 | step 548/2656 | loss 2.1409
train_step epoch 0 | step 549/2656 | loss 2.4658
train_step epoch 0 | step 550/2656 | loss 2.5354
train_step epoch 0 | step 551/2656 | loss 2.3306
train_step epoch 0 | step 552/2656 | loss 2.6114
train_step epoch 0 | step 553/2656 | loss 2.9045
train_step epoch 0 | step 554/2656 | loss 2.5372
train_step epoch 0 | step 555/2656 | loss 2.3809
train_step epoch 0 | step 556/2656 | loss 2.3700
train_step epoch 0 | step 557/2656 | loss 2.1398
train_step epoch 0 | step 558/2656 | loss 2.5621
train_step epoch 0 | step 559/2656 | loss 2.2701
train_step epoch 0 | step 560/2656 | loss 2.5839
train_step epoch 0 | step 561/2656 | loss 2.1951
train_step epoch 0 | step 562/2656 | loss 2.7077
train_step epoch 0 | step 563/2656 | loss 2.6389
train_step epoch 0 | step 564/2656 | loss 2.3132
train_step epoch 0 | step 565/2656 | loss 2.5596
train_step epoch 0 | step 566/2656 | loss 2.3301
train_step epoch 0 | step 567/2656 | loss 2.1521
train_step epoch 0 | step 568/2656 | loss 2.1055
train_step epoch 0 | step 569/2656 | loss 2.3029
train_step epoch 0 | step 570/2656 | loss 2.1899
train_step epoch 0 | step 571/2656 | loss 2.4987
train_step epoch 0 | step 572/2656 | loss 2.5765
train_step epoch 0 | step 573/2656 | loss 2.2886
train_step epoch 0 | step 574/2656 | loss 2.3374
train_step epoch 0 | step 575/2656 | loss 2.3732
train_step epoch 0 | step 576/2656 | loss 2.4370
train_step epoch 0 | step 577/2656 | loss 2.4271
train_step epoch 0 | step 578/2656 | loss 2.6042
train_step epoch 0 | step 579/2656 | loss 2.3691
train_step epoch 0 | step 580/2656 | loss 2.3399
train_step epoch 0 | step 581/2656 | loss 2.3898
train_step epoch 0 | step 582/2656 | loss 2.4779
train_step epoch 0 | step 583/2656 | loss 2.3270
train_step epoch 0 | step 584/2656 | loss 2.2548
train_step epoch 0 | step 585/2656 | loss 2.3704
train_step epoch 0 | step 586/2656 | loss 2.4494
train_step epoch 0 | step 587/2656 | loss 2.4570
train_step epoch 0 | step 588/2656 | loss 2.6274
train_step epoch 0 | step 589/2656 | loss 2.5784
train_step epoch 0 | step 590/2656 | loss 2.6443
train_step epoch 0 | step 591/2656 | loss 2.4212
train_step epoch 0 | step 592/2656 | loss 2.5179
train_step epoch 0 | step 593/2656 | loss 2.1697
train_step epoch 0 | step 594/2656 | loss 2.5779
train_step epoch 0 | step 595/2656 | loss 2.6779
train_step epoch 0 | step 596/2656 | loss 2.4790
train_step epoch 0 | step 597/2656 | loss 2.3787
train_step epoch 0 | step 598/2656 | loss 2.3876
train_step epoch 0 | step 599/2656 | loss 2.3674
train_step epoch 0 | step 600/2656 | loss 2.2947
train_step epoch 0 | step 601/2656 | loss 2.5641
train_step epoch 0 | step 602/2656 | loss 2.2458
train_step epoch 0 | step 603/2656 | loss 2.4314
train_step epoch 0 | step 604/2656 | loss 2.5881
train_step epoch 0 | step 605/2656 | loss 2.6337
train_step epoch 0 | step 606/2656 | loss 2.4243
train_step epoch 0 | step 607/2656 | loss 2.5245
train_step epoch 0 | step 608/2656 | loss 2.6027
train_step epoch 0 | step 609/2656 | loss 2.4045
train_step epoch 0 | step 610/2656 | loss 2.3073
train_step epoch 0 | step 611/2656 | loss 2.3406
train_step epoch 0 | step 612/2656 | loss 2.3873
train_step epoch 0 | step 613/2656 | loss 2.4580
train_step epoch 0 | step 614/2656 | loss 2.4508
train_step epoch 0 | step 615/2656 | loss 2.4306
train_step epoch 0 | step 616/2656 | loss 2.2324
train_step epoch 0 | step 617/2656 | loss 2.4145
train_step epoch 0 | step 618/2656 | loss 2.5589
train_step epoch 0 | step 619/2656 | loss 2.2916
train_step epoch 0 | step 620/2656 | loss 2.5567
train_step epoch 0 | step 621/2656 | loss 2.3676
train_step epoch 0 | step 622/2656 | loss 2.2560
train_step epoch 0 | step 623/2656 | loss 2.2301
train_step epoch 0 | step 624/2656 | loss 2.3528
train_step epoch 0 | step 625/2656 | loss 2.6012
train_step epoch 0 | step 626/2656 | loss 2.6764
train_step epoch 0 | step 627/2656 | loss 2.4609
train_step epoch 0 | step 628/2656 | loss 2.3120
train_step epoch 0 | step 629/2656 | loss 2.0492
train_step epoch 0 | step 630/2656 | loss 2.4219
train_step epoch 0 | step 631/2656 | loss 2.4766
train_step epoch 0 | step 632/2656 | loss 2.4119
train_step epoch 0 | step 633/2656 | loss 2.4926
train_step epoch 0 | step 634/2656 | loss 2.3854
train_step epoch 0 | step 635/2656 | loss 2.3547
train_step epoch 0 | step 636/2656 | loss 2.4640
train_step epoch 0 | step 637/2656 | loss 2.4909
train_step epoch 0 | step 638/2656 | loss 2.4710
train_step epoch 0 | step 639/2656 | loss 2.2097
train_step epoch 0 | step 640/2656 | loss 1.9512
train_step epoch 0 | step 641/2656 | loss 2.3685
train_step epoch 0 | step 642/2656 | loss 2.1871
train_step epoch 0 | step 643/2656 | loss 2.4023
train_step epoch 0 | step 644/2656 | loss 2.2484
train_step epoch 0 | step 645/2656 | loss 2.4776
train_step epoch 0 | step 646/2656 | loss 2.6757
train_step epoch 0 | step 647/2656 | loss 2.2626
train_step epoch 0 | step 648/2656 | loss 2.5265
train_step epoch 0 | step 649/2656 | loss 2.2948
train_step epoch 0 | step 650/2656 | loss 2.2383
train_step epoch 0 | step 651/2656 | loss 2.3249
train_step epoch 0 | step 652/2656 | loss 2.3262
train_step epoch 0 | step 653/2656 | loss 2.3486
train_step epoch 0 | step 654/2656 | loss 2.4727
train_step epoch 0 | step 655/2656 | loss 2.3766
train_step epoch 0 | step 656/2656 | loss 2.4055
train_step epoch 0 | step 657/2656 | loss 2.4762
train_step epoch 0 | step 658/2656 | loss 2.3863
train_step epoch 0 | step 659/2656 | loss 2.5718
train_step epoch 0 | step 660/2656 | loss 2.1695
train_step epoch 0 | step 661/2656 | loss 2.8039
train_step epoch 0 | step 662/2656 | loss 2.2501
train_step epoch 0 | step 663/2656 | loss 2.5397
train_step epoch 0 | step 664/2656 | loss 2.4815
train_step epoch 0 | step 665/2656 | loss 2.2448
train_step epoch 0 | step 666/2656 | loss 2.3476
train_step epoch 0 | step 667/2656 | loss 2.3788
train_step epoch 0 | step 668/2656 | loss 2.4397
train_step epoch 0 | step 669/2656 | loss 2.2971
train_step epoch 0 | step 670/2656 | loss 2.0729
train_step epoch 0 | step 671/2656 | loss 2.1467
train_step epoch 0 | step 672/2656 | loss 2.1658
train_step epoch 0 | step 673/2656 | loss 2.2948
train_step epoch 0 | step 674/2656 | loss 2.4983
train_step epoch 0 | step 675/2656 | loss 2.1382
train_step epoch 0 | step 676/2656 | loss 2.4352
train_step epoch 0 | step 677/2656 | loss 2.4874
train_step epoch 0 | step 678/2656 | loss 2.4229
train_step epoch 0 | step 679/2656 | loss 2.6086
train_step epoch 0 | step 680/2656 | loss 2.3957
train_step epoch 0 | step 681/2656 | loss 2.3968
train_step epoch 0 | step 682/2656 | loss 2.3955
train_step epoch 0 | step 683/2656 | loss 2.5310
train_step epoch 0 | step 684/2656 | loss 2.5161
train_step epoch 0 | step 685/2656 | loss 2.3284
train_step epoch 0 | step 686/2656 | loss 2.3617
train_step epoch 0 | step 687/2656 | loss 2.3116
train_step epoch 0 | step 688/2656 | loss 2.3242
train_step epoch 0 | step 689/2656 | loss 2.4737
train_step epoch 0 | step 690/2656 | loss 2.2565
train_step epoch 0 | step 691/2656 | loss 2.4172
train_step epoch 0 | step 692/2656 | loss 2.4956
train_step epoch 0 | step 693/2656 | loss 2.4101
train_step epoch 0 | step 694/2656 | loss 2.1601
train_step epoch 0 | step 695/2656 | loss 2.2939
train_step epoch 0 | step 696/2656 | loss 2.5730
train_step epoch 0 | step 697/2656 | loss 2.4965
train_step epoch 0 | step 698/2656 | loss 2.2758
train_step epoch 0 | step 699/2656 | loss 2.1755
train_step epoch 0 | step 700/2656 | loss 2.6652
train_step epoch 0 | step 701/2656 | loss 2.4363
train_step epoch 0 | step 702/2656 | loss 2.5476
train_step epoch 0 | step 703/2656 | loss 2.4312
train_step epoch 0 | step 704/2656 | loss 2.7264
train_step epoch 0 | step 705/2656 | loss 2.6837
train_step epoch 0 | step 706/2656 | loss 2.4309
train_step epoch 0 | step 707/2656 | loss 2.6438
train_step epoch 0 | step 708/2656 | loss 2.4709
train_step epoch 0 | step 709/2656 | loss 2.4681
train_step epoch 0 | step 710/2656 | loss 2.3722
train_step epoch 0 | step 711/2656 | loss 2.4551
train_step epoch 0 | step 712/2656 | loss 2.3192
train_step epoch 0 | step 713/2656 | loss 2.1730
train_step epoch 0 | step 714/2656 | loss 2.3123
train_step epoch 0 | step 715/2656 | loss 2.5075
train_step epoch 0 | step 716/2656 | loss 2.1581
train_step epoch 0 | step 717/2656 | loss 2.4439
train_step epoch 0 | step 718/2656 | loss 2.3122
train_step epoch 0 | step 719/2656 | loss 2.1974
train_step epoch 0 | step 720/2656 | loss 2.5995
train_step epoch 0 | step 721/2656 | loss 2.5653
train_step epoch 0 | step 722/2656 | loss 2.5835
train_step epoch 0 | step 723/2656 | loss 2.4931
train_step epoch 0 | step 724/2656 | loss 2.2621
train_step epoch 0 | step 725/2656 | loss 2.6059
train_step epoch 0 | step 726/2656 | loss 2.4110
train_step epoch 0 | step 727/2656 | loss 2.4187
train_step epoch 0 | step 728/2656 | loss 2.8340
train_step epoch 0 | step 729/2656 | loss 2.5861
train_step epoch 0 | step 730/2656 | loss 2.0303
train_step epoch 0 | step 731/2656 | loss 2.3512
train_step epoch 0 | step 732/2656 | loss 2.2117
train_step epoch 0 | step 733/2656 | loss 2.4593
train_step epoch 0 | step 734/2656 | loss 2.2726
train_step epoch 0 | step 735/2656 | loss 2.0131
train_step epoch 0 | step 736/2656 | loss 2.4961
train_step epoch 0 | step 737/2656 | loss 2.4043
train_step epoch 0 | step 738/2656 | loss 2.2697
train_step epoch 0 | step 739/2656 | loss 2.1666
train_step epoch 0 | step 740/2656 | loss 2.4772
train_step epoch 0 | step 741/2656 | loss 2.2789
train_step epoch 0 | step 742/2656 | loss 2.2336
train_step epoch 0 | step 743/2656 | loss 2.1752
train_step epoch 0 | step 744/2656 | loss 2.4778
train_step epoch 0 | step 745/2656 | loss 2.4848
train_step epoch 0 | step 746/2656 | loss 2.4141
train_step epoch 0 | step 747/2656 | loss 2.4595
train_step epoch 0 | step 748/2656 | loss 2.2732
train_step epoch 0 | step 749/2656 | loss 2.1637
train_step epoch 0 | step 750/2656 | loss 2.4140
train_step epoch 0 | step 751/2656 | loss 2.5760
train_step epoch 0 | step 752/2656 | loss 2.2289
train_step epoch 0 | step 753/2656 | loss 2.2047
train_step epoch 0 | step 754/2656 | loss 2.4325
train_step epoch 0 | step 755/2656 | loss 2.6572
train_step epoch 0 | step 756/2656 | loss 2.4570
train_step epoch 0 | step 757/2656 | loss 2.3981
train_step epoch 0 | step 758/2656 | loss 2.5461
train_step epoch 0 | step 759/2656 | loss 2.3552
train_step epoch 0 | step 760/2656 | loss 2.3481
train_step epoch 0 | step 761/2656 | loss 2.4940
train_step epoch 0 | step 762/2656 | loss 2.4778
train_step epoch 0 | step 763/2656 | loss 2.2083
train_step epoch 0 | step 764/2656 | loss 2.3318
train_step epoch 0 | step 765/2656 | loss 2.4900
train_step epoch 0 | step 766/2656 | loss 2.2595
train_step epoch 0 | step 767/2656 | loss 2.4356
train_step epoch 0 | step 768/2656 | loss 2.5524
train_step epoch 0 | step 769/2656 | loss 2.2349
train_step epoch 0 | step 770/2656 | loss 2.1985
train_step epoch 0 | step 771/2656 | loss 2.4798
train_step epoch 0 | step 772/2656 | loss 2.4813
train_step epoch 0 | step 773/2656 | loss 2.3945
train_step epoch 0 | step 774/2656 | loss 2.3361
train_step epoch 0 | step 775/2656 | loss 2.4994
train_step epoch 0 | step 776/2656 | loss 2.5065
train_step epoch 0 | step 777/2656 | loss 2.5904
train_step epoch 0 | step 778/2656 | loss 2.2439
train_step epoch 0 | step 779/2656 | loss 2.3005
train_step epoch 0 | step 780/2656 | loss 2.4445
train_step epoch 0 | step 781/2656 | loss 2.3496
train_step epoch 0 | step 782/2656 | loss 2.3176
train_step epoch 0 | step 783/2656 | loss 2.3828
train_step epoch 0 | step 784/2656 | loss 2.4720
train_step epoch 0 | step 785/2656 | loss 2.9349
train_step epoch 0 | step 786/2656 | loss 2.5339
train_step epoch 0 | step 787/2656 | loss 2.3522
train_step epoch 0 | step 788/2656 | loss 2.6311
train_step epoch 0 | step 789/2656 | loss 2.4438
train_step epoch 0 | step 790/2656 | loss 2.2517
train_step epoch 0 | step 791/2656 | loss 2.3567
train_step epoch 0 | step 792/2656 | loss 2.5443
train_step epoch 0 | step 793/2656 | loss 2.3708
train_step epoch 0 | step 794/2656 | loss 2.2336
train_step epoch 0 | step 795/2656 | loss 2.3380
train_step epoch 0 | step 796/2656 | loss 2.3725
train_step epoch 0 | step 797/2656 | loss 2.3249
train_step epoch 0 | step 798/2656 | loss 2.3392
train_step epoch 0 | step 799/2656 | loss 2.2795
train_step epoch 0 | step 800/2656 | loss 2.5744
train_step epoch 0 | step 801/2656 | loss 2.6962
train_step epoch 0 | step 802/2656 | loss 2.2911
train_step epoch 0 | step 803/2656 | loss 2.3043
train_step epoch 0 | step 804/2656 | loss 2.7941
train_step epoch 0 | step 805/2656 | loss 2.3400
train_step epoch 0 | step 806/2656 | loss 2.2846
train_step epoch 0 | step 807/2656 | loss 2.1716
train_step epoch 0 | step 808/2656 | loss 2.2315
train_step epoch 0 | step 809/2656 | loss 2.4420
train_step epoch 0 | step 810/2656 | loss 2.4042
train_step epoch 0 | step 811/2656 | loss 2.4801
train_step epoch 0 | step 812/2656 | loss 2.2983
train_step epoch 0 | step 813/2656 | loss 2.5100
train_step epoch 0 | step 814/2656 | loss 2.3720
train_step epoch 0 | step 815/2656 | loss 2.3680
train_step epoch 0 | step 816/2656 | loss 2.4007
train_step epoch 0 | step 817/2656 | loss 2.3678
train_step epoch 0 | step 818/2656 | loss 2.6637
train_step epoch 0 | step 819/2656 | loss 1.9972
train_step epoch 0 | step 820/2656 | loss 2.2922
train_step epoch 0 | step 821/2656 | loss 2.4854
train_step epoch 0 | step 822/2656 | loss 2.2749
train_step epoch 0 | step 823/2656 | loss 2.5131
train_step epoch 0 | step 824/2656 | loss 2.4149
train_step epoch 0 | step 825/2656 | loss 2.4794
train_step epoch 0 | step 826/2656 | loss 2.2342
train_step epoch 0 | step 827/2656 | loss 2.3356
train_step epoch 0 | step 828/2656 | loss 2.3638
train_step epoch 0 | step 829/2656 | loss 2.2572
train_step epoch 0 | step 830/2656 | loss 2.5380
train_step epoch 0 | step 831/2656 | loss 2.5390
train_step epoch 0 | step 832/2656 | loss 2.3807
train_step epoch 0 | step 833/2656 | loss 2.3676
train_step epoch 0 | step 834/2656 | loss 2.6127
train_step epoch 0 | step 835/2656 | loss 2.0023
train_step epoch 0 | step 836/2656 | loss 2.1368
train_step epoch 0 | step 837/2656 | loss 2.4778
train_step epoch 0 | step 838/2656 | loss 2.2309
train_step epoch 0 | step 839/2656 | loss 2.2975
train_step epoch 0 | step 840/2656 | loss 2.0908
train_step epoch 0 | step 841/2656 | loss 2.4267
train_step epoch 0 | step 842/2656 | loss 2.2980
train_step epoch 0 | step 843/2656 | loss 2.3994
train_step epoch 0 | step 844/2656 | loss 2.3667
train_step epoch 0 | step 845/2656 | loss 2.4019
train_step epoch 0 | step 846/2656 | loss 2.2537
train_step epoch 0 | step 847/2656 | loss 2.4163
train_step epoch 0 | step 848/2656 | loss 2.3258
train_step epoch 0 | step 849/2656 | loss 2.5810
train_step epoch 0 | step 850/2656 | loss 2.5990
train_step epoch 0 | step 851/2656 | loss 2.5131
train_step epoch 0 | step 852/2656 | loss 2.2946
train_step epoch 0 | step 853/2656 | loss 2.2219
train_step epoch 0 | step 854/2656 | loss 2.5074
train_step epoch 0 | step 855/2656 | loss 2.3037
train_step epoch 0 | step 856/2656 | loss 2.4917
train_step epoch 0 | step 857/2656 | loss 2.4564
train_step epoch 0 | step 858/2656 | loss 2.6551
train_step epoch 0 | step 859/2656 | loss 2.4172
train_step epoch 0 | step 860/2656 | loss 2.2781
train_step epoch 0 | step 861/2656 | loss 2.1475
train_step epoch 0 | step 862/2656 | loss 2.5083
train_step epoch 0 | step 863/2656 | loss 2.4688
train_step epoch 0 | step 864/2656 | loss 2.5025
train_step epoch 0 | step 865/2656 | loss 2.1953
train_step epoch 0 | step 866/2656 | loss 2.4647
train_step epoch 0 | step 867/2656 | loss 2.4374
train_step epoch 0 | step 868/2656 | loss 2.1358
train_step epoch 0 | step 869/2656 | loss 2.3785
train_step epoch 0 | step 870/2656 | loss 2.3087
train_step epoch 0 | step 871/2656 | loss 2.2652
train_step epoch 0 | step 872/2656 | loss 2.6121
train_step epoch 0 | step 873/2656 | loss 2.3000
train_step epoch 0 | step 874/2656 | loss 2.4698
train_step epoch 0 | step 875/2656 | loss 2.0786
train_step epoch 0 | step 876/2656 | loss 2.4151
train_step epoch 0 | step 877/2656 | loss 2.3177
train_step epoch 0 | step 878/2656 | loss 2.4050
train_step epoch 0 | step 879/2656 | loss 2.2569
train_step epoch 0 | step 880/2656 | loss 2.3102
train_step epoch 0 | step 881/2656 | loss 2.6542
train_step epoch 0 | step 882/2656 | loss 2.3531
train_step epoch 0 | step 883/2656 | loss 2.4062
train_step epoch 0 | step 884/2656 | loss 2.4343
train_step epoch 0 | step 885/2656 | loss 2.7549
train_step epoch 0 | step 886/2656 | loss 2.2559
train_step epoch 0 | step 887/2656 | loss 2.3965
train_step epoch 0 | step 888/2656 | loss 2.3328
train_step epoch 0 | step 889/2656 | loss 2.4630
train_step epoch 0 | step 890/2656 | loss 2.3926
train_step epoch 0 | step 891/2656 | loss 2.1192
train_step epoch 0 | step 892/2656 | loss 1.9189
train_step epoch 0 | step 893/2656 | loss 2.5308
train_step epoch 0 | step 894/2656 | loss 2.3827
train_step epoch 0 | step 895/2656 | loss 2.2236
train_step epoch 0 | step 896/2656 | loss 2.3860
train_step epoch 0 | step 897/2656 | loss 2.3446
train_step epoch 0 | step 898/2656 | loss 2.7478
train_step epoch 0 | step 899/2656 | loss 2.2907
train_step epoch 0 | step 900/2656 | loss 2.1942
train_step epoch 0 | step 901/2656 | loss 2.3845
train_step epoch 0 | step 902/2656 | loss 2.4385
train_step epoch 0 | step 903/2656 | loss 2.5220
train_step epoch 0 | step 904/2656 | loss 2.4595
train_step epoch 0 | step 905/2656 | loss 2.1964
train_step epoch 0 | step 906/2656 | loss 2.3861
train_step epoch 0 | step 907/2656 | loss 2.3743
train_step epoch 0 | step 908/2656 | loss 2.4820
train_step epoch 0 | step 909/2656 | loss 2.4649
train_step epoch 0 | step 910/2656 | loss 2.4949
train_step epoch 0 | step 911/2656 | loss 2.2112
train_step epoch 0 | step 912/2656 | loss 2.1032
train_step epoch 0 | step 913/2656 | loss 2.2118
train_step epoch 0 | step 914/2656 | loss 2.1574
train_step epoch 0 | step 915/2656 | loss 2.5424
train_step epoch 0 | step 916/2656 | loss 2.2380
train_step epoch 0 | step 917/2656 | loss 2.2268
train_step epoch 0 | step 918/2656 | loss 2.4355
train_step epoch 0 | step 919/2656 | loss 2.4262
train_step epoch 0 | step 920/2656 | loss 2.0854
train_step epoch 0 | step 921/2656 | loss 2.2101
train_step epoch 0 | step 922/2656 | loss 1.9379
train_step epoch 0 | step 923/2656 | loss 2.0963
train_step epoch 0 | step 924/2656 | loss 2.2646
train_step epoch 0 | step 925/2656 | loss 2.3382
train_step epoch 0 | step 926/2656 | loss 2.5003
train_step epoch 0 | step 927/2656 | loss 2.3487
train_step epoch 0 | step 928/2656 | loss 2.3917
train_step epoch 0 | step 929/2656 | loss 2.5110
train_step epoch 0 | step 930/2656 | loss 2.2812
train_step epoch 0 | step 931/2656 | loss 2.3816
train_step epoch 0 | step 932/2656 | loss 2.4040
train_step epoch 0 | step 933/2656 | loss 2.8205
train_step epoch 0 | step 934/2656 | loss 2.6650
train_step epoch 0 | step 935/2656 | loss 2.2168
train_step epoch 0 | step 936/2656 | loss 2.3199
train_step epoch 0 | step 937/2656 | loss 2.4743
train_step epoch 0 | step 938/2656 | loss 2.3493
train_step epoch 0 | step 939/2656 | loss 2.3393
train_step epoch 0 | step 940/2656 | loss 2.4275
train_step epoch 0 | step 941/2656 | loss 2.4522
train_step epoch 0 | step 942/2656 | loss 2.6158
train_step epoch 0 | step 943/2656 | loss 2.4950
train_step epoch 0 | step 944/2656 | loss 2.3401
train_step epoch 0 | step 945/2656 | loss 2.3671
train_step epoch 0 | step 946/2656 | loss 2.2955
train_step epoch 0 | step 947/2656 | loss 2.2750
train_step epoch 0 | step 948/2656 | loss 2.3192
train_step epoch 0 | step 949/2656 | loss 2.5351
train_step epoch 0 | step 950/2656 | loss 2.3538
train_step epoch 0 | step 951/2656 | loss 2.4770
train_step epoch 0 | step 952/2656 | loss 2.2147
train_step epoch 0 | step 953/2656 | loss 2.7098
train_step epoch 0 | step 954/2656 | loss 2.5367
train_step epoch 0 | step 955/2656 | loss 2.1938
train_step epoch 0 | step 956/2656 | loss 2.1939
train_step epoch 0 | step 957/2656 | loss 2.2502
train_step epoch 0 | step 958/2656 | loss 2.3889
train_step epoch 0 | step 959/2656 | loss 2.3059
train_step epoch 0 | step 960/2656 | loss 2.3894
train_step epoch 0 | step 961/2656 | loss 2.4989
train_step epoch 0 | step 962/2656 | loss 2.3228
train_step epoch 0 | step 963/2656 | loss 2.5513
train_step epoch 0 | step 964/2656 | loss 2.4916
train_step epoch 0 | step 965/2656 | loss 2.2740
train_step epoch 0 | step 966/2656 | loss 2.4017
train_step epoch 0 | step 967/2656 | loss 2.1399
train_step epoch 0 | step 968/2656 | loss 2.4463
train_step epoch 0 | step 969/2656 | loss 2.3088
train_step epoch 0 | step 970/2656 | loss 2.3988
train_step epoch 0 | step 971/2656 | loss 2.3556
train_step epoch 0 | step 972/2656 | loss 2.2845
train_step epoch 0 | step 973/2656 | loss 2.2986
train_step epoch 0 | step 974/2656 | loss 2.6063
train_step epoch 0 | step 975/2656 | loss 2.2473
train_step epoch 0 | step 976/2656 | loss 2.4743
train_step epoch 0 | step 977/2656 | loss 2.2237
train_step epoch 0 | step 978/2656 | loss 2.3870
train_step epoch 0 | step 979/2656 | loss 2.2999
train_step epoch 0 | step 980/2656 | loss 2.4602
train_step epoch 0 | step 981/2656 | loss 2.4505
train_step epoch 0 | step 982/2656 | loss 2.2120
train_step epoch 0 | step 983/2656 | loss 2.3422
train_step epoch 0 | step 984/2656 | loss 2.3382
train_step epoch 0 | step 985/2656 | loss 2.4281
train_step epoch 0 | step 986/2656 | loss 2.1959
train_step epoch 0 | step 987/2656 | loss 2.0913
train_step epoch 0 | step 988/2656 | loss 2.6571
train_step epoch 0 | step 989/2656 | loss 2.4187
train_step epoch 0 | step 990/2656 | loss 2.1358
train_step epoch 0 | step 991/2656 | loss 2.0773
train_step epoch 0 | step 992/2656 | loss 2.3948
train_step epoch 0 | step 993/2656 | loss 2.1109
train_step epoch 0 | step 994/2656 | loss 2.3137
train_step epoch 0 | step 995/2656 | loss 2.5608
train_step epoch 0 | step 996/2656 | loss 2.5406
train_step epoch 0 | step 997/2656 | loss 2.3515
train_step epoch 0 | step 998/2656 | loss 2.4363
train_step epoch 0 | step 999/2656 | loss 2.3260
train_step epoch 0 | step 1000/2656 | loss 2.4702
epoch 0 | step 1000/2656 | loss 2.3888
train_step epoch 0 | step 1001/2656 | loss 2.3899
train_step epoch 0 | step 1002/2656 | loss 2.0831
train_step epoch 0 | step 1003/2656 | loss 2.3602
train_step epoch 0 | step 1004/2656 | loss 2.3574
train_step epoch 0 | step 1005/2656 | loss 2.2452
train_step epoch 0 | step 1006/2656 | loss 2.3050
train_step epoch 0 | step 1007/2656 | loss 2.2532
train_step epoch 0 | step 1008/2656 | loss 2.4877
train_step epoch 0 | step 1009/2656 | loss 2.2814
train_step epoch 0 | step 1010/2656 | loss 2.4107
train_step epoch 0 | step 1011/2656 | loss 2.1202
train_step epoch 0 | step 1012/2656 | loss 2.4821
train_step epoch 0 | step 1013/2656 | loss 2.3516
train_step epoch 0 | step 1014/2656 | loss 2.1279
train_step epoch 0 | step 1015/2656 | loss 2.4168
train_step epoch 0 | step 1016/2656 | loss 2.4570
train_step epoch 0 | step 1017/2656 | loss 2.4989
train_step epoch 0 | step 1018/2656 | loss 2.4737
train_step epoch 0 | step 1019/2656 | loss 2.4479
train_step epoch 0 | step 1020/2656 | loss 2.5572
train_step epoch 0 | step 1021/2656 | loss 2.2567
train_step epoch 0 | step 1022/2656 | loss 2.0742
train_step epoch 0 | step 1023/2656 | loss 2.2855
train_step epoch 0 | step 1024/2656 | loss 2.1687
train_step epoch 0 | step 1025/2656 | loss 2.1692
train_step epoch 0 | step 1026/2656 | loss 2.5109
train_step epoch 0 | step 1027/2656 | loss 2.2758
train_step epoch 0 | step 1028/2656 | loss 2.4294
train_step epoch 0 | step 1029/2656 | loss 1.9801
train_step epoch 0 | step 1030/2656 | loss 2.1323
train_step epoch 0 | step 1031/2656 | loss 2.2541
train_step epoch 0 | step 1032/2656 | loss 2.4815
train_step epoch 0 | step 1033/2656 | loss 2.6573
train_step epoch 0 | step 1034/2656 | loss 2.5417
train_step epoch 0 | step 1035/2656 | loss 2.3515
train_step epoch 0 | step 1036/2656 | loss 2.2864
train_step epoch 0 | step 1037/2656 | loss 2.1132
train_step epoch 0 | step 1038/2656 | loss 2.3823
train_step epoch 0 | step 1039/2656 | loss 2.1001
train_step epoch 0 | step 1040/2656 | loss 2.1122
train_step epoch 0 | step 1041/2656 | loss 2.3989
train_step epoch 0 | step 1042/2656 | loss 1.9514
train_step epoch 0 | step 1043/2656 | loss 2.4776
train_step epoch 0 | step 1044/2656 | loss 2.4877
train_step epoch 0 | step 1045/2656 | loss 2.3608
train_step epoch 0 | step 1046/2656 | loss 2.6143
train_step epoch 0 | step 1047/2656 | loss 2.4771
train_step epoch 0 | step 1048/2656 | loss 2.4266
train_step epoch 0 | step 1049/2656 | loss 2.4252
train_step epoch 0 | step 1050/2656 | loss 2.3611
train_step epoch 0 | step 1051/2656 | loss 2.6009
train_step epoch 0 | step 1052/2656 | loss 2.0394
train_step epoch 0 | step 1053/2656 | loss 2.3869
train_step epoch 0 | step 1054/2656 | loss 2.5263
train_step epoch 0 | step 1055/2656 | loss 2.3338
train_step epoch 0 | step 1056/2656 | loss 2.2497
train_step epoch 0 | step 1057/2656 | loss 2.4579
train_step epoch 0 | step 1058/2656 | loss 2.6112
train_step epoch 0 | step 1059/2656 | loss 2.2477
train_step epoch 0 | step 1060/2656 | loss 2.4942
train_step epoch 0 | step 1061/2656 | loss 2.1504
train_step epoch 0 | step 1062/2656 | loss 2.3640
train_step epoch 0 | step 1063/2656 | loss 2.3378
train_step epoch 0 | step 1064/2656 | loss 2.3531
train_step epoch 0 | step 1065/2656 | loss 2.1965
train_step epoch 0 | step 1066/2656 | loss 2.4319
train_step epoch 0 | step 1067/2656 | loss 2.4287
train_step epoch 0 | step 1068/2656 | loss 2.2008
train_step epoch 0 | step 1069/2656 | loss 2.0301
train_step epoch 0 | step 1070/2656 | loss 2.3118
train_step epoch 0 | step 1071/2656 | loss 2.3892
train_step epoch 0 | step 1072/2656 | loss 2.4097
train_step epoch 0 | step 1073/2656 | loss 2.4596
train_step epoch 0 | step 1074/2656 | loss 2.4750
train_step epoch 0 | step 1075/2656 | loss 2.2255
train_step epoch 0 | step 1076/2656 | loss 2.2920
train_step epoch 0 | step 1077/2656 | loss 2.3141
train_step epoch 0 | step 1078/2656 | loss 2.2306
train_step epoch 0 | step 1079/2656 | loss 2.6338
train_step epoch 0 | step 1080/2656 | loss 2.4378
train_step epoch 0 | step 1081/2656 | loss 2.4621
train_step epoch 0 | step 1082/2656 | loss 2.4686
train_step epoch 0 | step 1083/2656 | loss 2.3272
train_step epoch 0 | step 1084/2656 | loss 2.3822
train_step epoch 0 | step 1085/2656 | loss 2.4323
train_step epoch 0 | step 1086/2656 | loss 2.3684
train_step epoch 0 | step 1087/2656 | loss 2.2135
train_step epoch 0 | step 1088/2656 | loss 2.2299
train_step epoch 0 | step 1089/2656 | loss 2.5434
train_step epoch 0 | step 1090/2656 | loss 2.4489
train_step epoch 0 | step 1091/2656 | loss 2.3682
train_step epoch 0 | step 1092/2656 | loss 2.3253
train_step epoch 0 | step 1093/2656 | loss 2.2950
train_step epoch 0 | step 1094/2656 | loss 2.3747
train_step epoch 0 | step 1095/2656 | loss 2.3306
train_step epoch 0 | step 1096/2656 | loss 2.4491
train_step epoch 0 | step 1097/2656 | loss 2.3643
train_step epoch 0 | step 1098/2656 | loss 2.4449
train_step epoch 0 | step 1099/2656 | loss 2.1649
train_step epoch 0 | step 1100/2656 | loss 2.4489
train_step epoch 0 | step 1101/2656 | loss 2.4646
train_step epoch 0 | step 1102/2656 | loss 2.4037
train_step epoch 0 | step 1103/2656 | loss 2.4523
train_step epoch 0 | step 1104/2656 | loss 2.0535
train_step epoch 0 | step 1105/2656 | loss 2.4398
train_step epoch 0 | step 1106/2656 | loss 2.5310
train_step epoch 0 | step 1107/2656 | loss 2.3249
train_step epoch 0 | step 1108/2656 | loss 2.4069
train_step epoch 0 | step 1109/2656 | loss 2.1334
train_step epoch 0 | step 1110/2656 | loss 2.4041
train_step epoch 0 | step 1111/2656 | loss 2.5235
train_step epoch 0 | step 1112/2656 | loss 2.3088
train_step epoch 0 | step 1113/2656 | loss 1.8793
train_step epoch 0 | step 1114/2656 | loss 2.3273
train_step epoch 0 | step 1115/2656 | loss 2.2509
train_step epoch 0 | step 1116/2656 | loss 2.4170
train_step epoch 0 | step 1117/2656 | loss 2.4922
train_step epoch 0 | step 1118/2656 | loss 2.2046
train_step epoch 0 | step 1119/2656 | loss 2.4709
train_step epoch 0 | step 1120/2656 | loss 2.4803
train_step epoch 0 | step 1121/2656 | loss 2.2864
train_step epoch 0 | step 1122/2656 | loss 2.3791
train_step epoch 0 | step 1123/2656 | loss 2.3924
train_step epoch 0 | step 1124/2656 | loss 2.3797
train_step epoch 0 | step 1125/2656 | loss 2.2285
train_step epoch 0 | step 1126/2656 | loss 2.5349
train_step epoch 0 | step 1127/2656 | loss 2.5306
train_step epoch 0 | step 1128/2656 | loss 2.1087
train_step epoch 0 | step 1129/2656 | loss 2.6606
train_step epoch 0 | step 1130/2656 | loss 2.2169
train_step epoch 0 | step 1131/2656 | loss 2.5157
train_step epoch 0 | step 1132/2656 | loss 2.3107
train_step epoch 0 | step 1133/2656 | loss 2.2847
train_step epoch 0 | step 1134/2656 | loss 1.9412
train_step epoch 0 | step 1135/2656 | loss 2.3870
train_step epoch 0 | step 1136/2656 | loss 2.3049
train_step epoch 0 | step 1137/2656 | loss 2.2951
train_step epoch 0 | step 1138/2656 | loss 2.3972
train_step epoch 0 | step 1139/2656 | loss 2.5310
train_step epoch 0 | step 1140/2656 | loss 2.5828
train_step epoch 0 | step 1141/2656 | loss 2.1403
train_step epoch 0 | step 1142/2656 | loss 2.3976
train_step epoch 0 | step 1143/2656 | loss 2.3429
train_step epoch 0 | step 1144/2656 | loss 2.4243
train_step epoch 0 | step 1145/2656 | loss 2.2077
train_step epoch 0 | step 1146/2656 | loss 2.2648
train_step epoch 0 | step 1147/2656 | loss 2.4579
train_step epoch 0 | step 1148/2656 | loss 2.5404
train_step epoch 0 | step 1149/2656 | loss 2.3187
train_step epoch 0 | step 1150/2656 | loss 2.6235
train_step epoch 0 | step 1151/2656 | loss 2.4867
train_step epoch 0 | step 1152/2656 | loss 2.1830
train_step epoch 0 | step 1153/2656 | loss 2.0878
train_step epoch 0 | step 1154/2656 | loss 2.2243
train_step epoch 0 | step 1155/2656 | loss 2.3820
train_step epoch 0 | step 1156/2656 | loss 2.3075
train_step epoch 0 | step 1157/2656 | loss 2.3529
train_step epoch 0 | step 1158/2656 | loss 2.4973
train_step epoch 0 | step 1159/2656 | loss 2.4890
train_step epoch 0 | step 1160/2656 | loss 2.1756
train_step epoch 0 | step 1161/2656 | loss 2.2615
train_step epoch 0 | step 1162/2656 | loss 2.3602
train_step epoch 0 | step 1163/2656 | loss 2.4071
train_step epoch 0 | step 1164/2656 | loss 2.4513
train_step epoch 0 | step 1165/2656 | loss 2.5798
train_step epoch 0 | step 1166/2656 | loss 2.6183
train_step epoch 0 | step 1167/2656 | loss 2.5075
train_step epoch 0 | step 1168/2656 | loss 2.3419
train_step epoch 0 | step 1169/2656 | loss 2.2425
train_step epoch 0 | step 1170/2656 | loss 2.3484
train_step epoch 0 | step 1171/2656 | loss 2.3719
train_step epoch 0 | step 1172/2656 | loss 2.3801
train_step epoch 0 | step 1173/2656 | loss 1.9601
train_step epoch 0 | step 1174/2656 | loss 2.3489
train_step epoch 0 | step 1175/2656 | loss 2.3162
train_step epoch 0 | step 1176/2656 | loss 2.3399
train_step epoch 0 | step 1177/2656 | loss 2.4707
train_step epoch 0 | step 1178/2656 | loss 2.4705
train_step epoch 0 | step 1179/2656 | loss 2.2420
train_step epoch 0 | step 1180/2656 | loss 2.3351
train_step epoch 0 | step 1181/2656 | loss 2.3238
train_step epoch 0 | step 1182/2656 | loss 2.2716
train_step epoch 0 | step 1183/2656 | loss 2.1897
train_step epoch 0 | step 1184/2656 | loss 2.5058
train_step epoch 0 | step 1185/2656 | loss 2.2175
train_step epoch 0 | step 1186/2656 | loss 2.2879
train_step epoch 0 | step 1187/2656 | loss 2.2385
train_step epoch 0 | step 1188/2656 | loss 2.2598
train_step epoch 0 | step 1189/2656 | loss 2.5749
train_step epoch 0 | step 1190/2656 | loss 2.4172
train_step epoch 0 | step 1191/2656 | loss 2.5661
train_step epoch 0 | step 1192/2656 | loss 2.4330
train_step epoch 0 | step 1193/2656 | loss 2.5698
train_step epoch 0 | step 1194/2656 | loss 2.0827
train_step epoch 0 | step 1195/2656 | loss 2.5074
train_step epoch 0 | step 1196/2656 | loss 2.3581
train_step epoch 0 | step 1197/2656 | loss 2.4670
train_step epoch 0 | step 1198/2656 | loss 2.4508
train_step epoch 0 | step 1199/2656 | loss 2.1073
train_step epoch 0 | step 1200/2656 | loss 2.2018
train_step epoch 0 | step 1201/2656 | loss 2.4711
train_step epoch 0 | step 1202/2656 | loss 2.5317
train_step epoch 0 | step 1203/2656 | loss 2.2930
train_step epoch 0 | step 1204/2656 | loss 2.4671
train_step epoch 0 | step 1205/2656 | loss 2.3967
train_step epoch 0 | step 1206/2656 | loss 2.2416
train_step epoch 0 | step 1207/2656 | loss 2.3096
train_step epoch 0 | step 1208/2656 | loss 2.2374
train_step epoch 0 | step 1209/2656 | loss 2.2757
train_step epoch 0 | step 1210/2656 | loss 2.5261
train_step epoch 0 | step 1211/2656 | loss 2.3961
train_step epoch 0 | step 1212/2656 | loss 2.3373
train_step epoch 0 | step 1213/2656 | loss 2.2705
train_step epoch 0 | step 1214/2656 | loss 2.4177
train_step epoch 0 | step 1215/2656 | loss 2.2104
train_step epoch 0 | step 1216/2656 | loss 2.3442
train_step epoch 0 | step 1217/2656 | loss 2.4956
train_step epoch 0 | step 1218/2656 | loss 2.4251
train_step epoch 0 | step 1219/2656 | loss 2.5818
train_step epoch 0 | step 1220/2656 | loss 2.4809
train_step epoch 0 | step 1221/2656 | loss 2.6325
train_step epoch 0 | step 1222/2656 | loss 2.5640
train_step epoch 0 | step 1223/2656 | loss 2.6222
train_step epoch 0 | step 1224/2656 | loss 2.4620
train_step epoch 0 | step 1225/2656 | loss 2.4846
train_step epoch 0 | step 1226/2656 | loss 2.3286
train_step epoch 0 | step 1227/2656 | loss 2.4022
train_step epoch 0 | step 1228/2656 | loss 2.5294
train_step epoch 0 | step 1229/2656 | loss 2.6116
train_step epoch 0 | step 1230/2656 | loss 2.2992
train_step epoch 0 | step 1231/2656 | loss 2.1829
train_step epoch 0 | step 1232/2656 | loss 2.4376
train_step epoch 0 | step 1233/2656 | loss 2.5684
train_step epoch 0 | step 1234/2656 | loss 2.3215
train_step epoch 0 | step 1235/2656 | loss 2.4696
train_step epoch 0 | step 1236/2656 | loss 2.3067
train_step epoch 0 | step 1237/2656 | loss 2.3171
train_step epoch 0 | step 1238/2656 | loss 2.2974
train_step epoch 0 | step 1239/2656 | loss 2.2162
train_step epoch 0 | step 1240/2656 | loss 2.1656
train_step epoch 0 | step 1241/2656 | loss 2.4004
train_step epoch 0 | step 1242/2656 | loss 2.2992
train_step epoch 0 | step 1243/2656 | loss 2.2283
train_step epoch 0 | step 1244/2656 | loss 2.2849
train_step epoch 0 | step 1245/2656 | loss 2.4827
train_step epoch 0 | step 1246/2656 | loss 2.3323
train_step epoch 0 | step 1247/2656 | loss 2.2745
train_step epoch 0 | step 1248/2656 | loss 2.6149
train_step epoch 0 | step 1249/2656 | loss 2.4026
train_step epoch 0 | step 1250/2656 | loss 2.0822
train_step epoch 0 | step 1251/2656 | loss 2.2813
train_step epoch 0 | step 1252/2656 | loss 2.3614
train_step epoch 0 | step 1253/2656 | loss 2.3015
train_step epoch 0 | step 1254/2656 | loss 2.3806
train_step epoch 0 | step 1255/2656 | loss 2.4311
train_step epoch 0 | step 1256/2656 | loss 2.5980
train_step epoch 0 | step 1257/2656 | loss 2.2324
train_step epoch 0 | step 1258/2656 | loss 2.1465
train_step epoch 0 | step 1259/2656 | loss 2.3621
train_step epoch 0 | step 1260/2656 | loss 2.4978
train_step epoch 0 | step 1261/2656 | loss 2.3169
train_step epoch 0 | step 1262/2656 | loss 2.3261
train_step epoch 0 | step 1263/2656 | loss 2.4521
train_step epoch 0 | step 1264/2656 | loss 2.3852
train_step epoch 0 | step 1265/2656 | loss 2.3920
train_step epoch 0 | step 1266/2656 | loss 2.5582
train_step epoch 0 | step 1267/2656 | loss 2.2053
train_step epoch 0 | step 1268/2656 | loss 2.3141
train_step epoch 0 | step 1269/2656 | loss 2.6609
train_step epoch 0 | step 1270/2656 | loss 2.4156
train_step epoch 0 | step 1271/2656 | loss 2.4070
train_step epoch 0 | step 1272/2656 | loss 2.3155
train_step epoch 0 | step 1273/2656 | loss 2.3165
train_step epoch 0 | step 1274/2656 | loss 2.5230
train_step epoch 0 | step 1275/2656 | loss 2.2856
train_step epoch 0 | step 1276/2656 | loss 2.1796
train_step epoch 0 | step 1277/2656 | loss 2.4295
train_step epoch 0 | step 1278/2656 | loss 2.2949
train_step epoch 0 | step 1279/2656 | loss 2.3157
train_step epoch 0 | step 1280/2656 | loss 2.3439
train_step epoch 0 | step 1281/2656 | loss 2.4372
train_step epoch 0 | step 1282/2656 | loss 2.5220
train_step epoch 0 | step 1283/2656 | loss 2.3875
train_step epoch 0 | step 1284/2656 | loss 2.1480
train_step epoch 0 | step 1285/2656 | loss 2.3822
train_step epoch 0 | step 1286/2656 | loss 2.3485
train_step epoch 0 | step 1287/2656 | loss 2.4082
train_step epoch 0 | step 1288/2656 | loss 2.4122
train_step epoch 0 | step 1289/2656 | loss 2.5896
train_step epoch 0 | step 1290/2656 | loss 2.2014
train_step epoch 0 | step 1291/2656 | loss 2.5049
train_step epoch 0 | step 1292/2656 | loss 2.4191
train_step epoch 0 | step 1293/2656 | loss 2.2457
train_step epoch 0 | step 1294/2656 | loss 2.4203
train_step epoch 0 | step 1295/2656 | loss 2.3748
train_step epoch 0 | step 1296/2656 | loss 2.3029
train_step epoch 0 | step 1297/2656 | loss 2.3783
train_step epoch 0 | step 1298/2656 | loss 2.6008
train_step epoch 0 | step 1299/2656 | loss 1.9083
train_step epoch 0 | step 1300/2656 | loss 2.2985
train_step epoch 0 | step 1301/2656 | loss 2.6183
train_step epoch 0 | step 1302/2656 | loss 2.2260
train_step epoch 0 | step 1303/2656 | loss 2.3011
train_step epoch 0 | step 1304/2656 | loss 2.5707
train_step epoch 0 | step 1305/2656 | loss 2.4045
train_step epoch 0 | step 1306/2656 | loss 2.3216
train_step epoch 0 | step 1307/2656 | loss 2.4514
train_step epoch 0 | step 1308/2656 | loss 2.2937
train_step epoch 0 | step 1309/2656 | loss 2.3299
train_step epoch 0 | step 1310/2656 | loss 2.2801
train_step epoch 0 | step 1311/2656 | loss 2.2929
train_step epoch 0 | step 1312/2656 | loss 2.1148
train_step epoch 0 | step 1313/2656 | loss 2.3495
train_step epoch 0 | step 1314/2656 | loss 2.4565
train_step epoch 0 | step 1315/2656 | loss 2.0409
train_step epoch 0 | step 1316/2656 | loss 2.0512
train_step epoch 0 | step 1317/2656 | loss 2.1041
train_step epoch 0 | step 1318/2656 | loss 2.3309
train_step epoch 0 | step 1319/2656 | loss 2.3928
train_step epoch 0 | step 1320/2656 | loss 2.3853
train_step epoch 0 | step 1321/2656 | loss 2.4493
train_step epoch 0 | step 1322/2656 | loss 2.3272
train_step epoch 0 | step 1323/2656 | loss 2.2655
train_step epoch 0 | step 1324/2656 | loss 2.3603
train_step epoch 0 | step 1325/2656 | loss 2.4156
train_step epoch 0 | step 1326/2656 | loss 2.3287
train_step epoch 0 | step 1327/2656 | loss 2.5669
train_step epoch 0 | step 1328/2656 | loss 2.4641
train_step epoch 0 | step 1329/2656 | loss 2.2620
train_step epoch 0 | step 1330/2656 | loss 2.3233
train_step epoch 0 | step 1331/2656 | loss 2.4546
train_step epoch 0 | step 1332/2656 | loss 2.4077
train_step epoch 0 | step 1333/2656 | loss 2.4363
train_step epoch 0 | step 1334/2656 | loss 2.5492
train_step epoch 0 | step 1335/2656 | loss 2.3583
train_step epoch 0 | step 1336/2656 | loss 2.5313
train_step epoch 0 | step 1337/2656 | loss 2.3778
train_step epoch 0 | step 1338/2656 | loss 2.3952
train_step epoch 0 | step 1339/2656 | loss 2.1705
train_step epoch 0 | step 1340/2656 | loss 2.4912
train_step epoch 0 | step 1341/2656 | loss 2.4774
train_step epoch 0 | step 1342/2656 | loss 2.5589
train_step epoch 0 | step 1343/2656 | loss 2.1340
train_step epoch 0 | step 1344/2656 | loss 2.2612
train_step epoch 0 | step 1345/2656 | loss 2.2570
train_step epoch 0 | step 1346/2656 | loss 2.3160
train_step epoch 0 | step 1347/2656 | loss 2.4954
train_step epoch 0 | step 1348/2656 | loss 2.7790
train_step epoch 0 | step 1349/2656 | loss 2.3703
train_step epoch 0 | step 1350/2656 | loss 2.2336
train_step epoch 0 | step 1351/2656 | loss 2.2962
train_step epoch 0 | step 1352/2656 | loss 2.3366
train_step epoch 0 | step 1353/2656 | loss 2.5198
train_step epoch 0 | step 1354/2656 | loss 2.4817
train_step epoch 0 | step 1355/2656 | loss 2.3518
train_step epoch 0 | step 1356/2656 | loss 2.2786
train_step epoch 0 | step 1357/2656 | loss 2.4257
train_step epoch 0 | step 1358/2656 | loss 2.4122
train_step epoch 0 | step 1359/2656 | loss 2.2348
train_step epoch 0 | step 1360/2656 | loss 2.6615
train_step epoch 0 | step 1361/2656 | loss 2.4272
train_step epoch 0 | step 1362/2656 | loss 2.3971
train_step epoch 0 | step 1363/2656 | loss 2.5844
train_step epoch 0 | step 1364/2656 | loss 2.3732
train_step epoch 0 | step 1365/2656 | loss 2.5451
train_step epoch 0 | step 1366/2656 | loss 2.3507
train_step epoch 0 | step 1367/2656 | loss 2.5808
train_step epoch 0 | step 1368/2656 | loss 2.4536
train_step epoch 0 | step 1369/2656 | loss 2.2906
train_step epoch 0 | step 1370/2656 | loss 2.5208
train_step epoch 0 | step 1371/2656 | loss 2.2750
train_step epoch 0 | step 1372/2656 | loss 2.4485
train_step epoch 0 | step 1373/2656 | loss 2.3001
train_step epoch 0 | step 1374/2656 | loss 2.2036
train_step epoch 0 | step 1375/2656 | loss 2.4501
train_step epoch 0 | step 1376/2656 | loss 2.4296
train_step epoch 0 | step 1377/2656 | loss 2.4816
train_step epoch 0 | step 1378/2656 | loss 2.5349
train_step epoch 0 | step 1379/2656 | loss 2.3418
train_step epoch 0 | step 1380/2656 | loss 2.0979
train_step epoch 0 | step 1381/2656 | loss 2.2644
train_step epoch 0 | step 1382/2656 | loss 2.3321
train_step epoch 0 | step 1383/2656 | loss 2.2023
train_step epoch 0 | step 1384/2656 | loss 2.3733
train_step epoch 0 | step 1385/2656 | loss 2.0805
train_step epoch 0 | step 1386/2656 | loss 2.3253
train_step epoch 0 | step 1387/2656 | loss 2.5524
train_step epoch 0 | step 1388/2656 | loss 2.4286
train_step epoch 0 | step 1389/2656 | loss 2.2187
train_step epoch 0 | step 1390/2656 | loss 2.1190
train_step epoch 0 | step 1391/2656 | loss 2.3135
train_step epoch 0 | step 1392/2656 | loss 2.7642
train_step epoch 0 | step 1393/2656 | loss 2.4154
train_step epoch 0 | step 1394/2656 | loss 2.4096
train_step epoch 0 | step 1395/2656 | loss 2.2372
train_step epoch 0 | step 1396/2656 | loss 2.2661
train_step epoch 0 | step 1397/2656 | loss 2.4805
train_step epoch 0 | step 1398/2656 | loss 2.4189
train_step epoch 0 | step 1399/2656 | loss 2.2854
train_step epoch 0 | step 1400/2656 | loss 2.4370
train_step epoch 0 | step 1401/2656 | loss 2.3188
train_step epoch 0 | step 1402/2656 | loss 2.0287
train_step epoch 0 | step 1403/2656 | loss 2.5359
train_step epoch 0 | step 1404/2656 | loss 2.4777
train_step epoch 0 | step 1405/2656 | loss 2.1364
train_step epoch 0 | step 1406/2656 | loss 2.3950
train_step epoch 0 | step 1407/2656 | loss 2.5485
train_step epoch 0 | step 1408/2656 | loss 2.4961
train_step epoch 0 | step 1409/2656 | loss 2.2956
train_step epoch 0 | step 1410/2656 | loss 2.5257
train_step epoch 0 | step 1411/2656 | loss 2.0761
train_step epoch 0 | step 1412/2656 | loss 2.0260
train_step epoch 0 | step 1413/2656 | loss 2.4798
train_step epoch 0 | step 1414/2656 | loss 2.4929
train_step epoch 0 | step 1415/2656 | loss 2.5768
train_step epoch 0 | step 1416/2656 | loss 2.2223
train_step epoch 0 | step 1417/2656 | loss 2.3716
train_step epoch 0 | step 1418/2656 | loss 2.2668
train_step epoch 0 | step 1419/2656 | loss 2.4641
train_step epoch 0 | step 1420/2656 | loss 2.3401
train_step epoch 0 | step 1421/2656 | loss 2.5352
train_step epoch 0 | step 1422/2656 | loss 2.3832
train_step epoch 0 | step 1423/2656 | loss 2.3616
train_step epoch 0 | step 1424/2656 | loss 2.3426
train_step epoch 0 | step 1425/2656 | loss 2.2662
train_step epoch 0 | step 1426/2656 | loss 2.3856
train_step epoch 0 | step 1427/2656 | loss 2.3645
train_step epoch 0 | step 1428/2656 | loss 2.4650
train_step epoch 0 | step 1429/2656 | loss 2.4476
train_step epoch 0 | step 1430/2656 | loss 2.3782
train_step epoch 0 | step 1431/2656 | loss 2.5167
train_step epoch 0 | step 1432/2656 | loss 2.1672
train_step epoch 0 | step 1433/2656 | loss 2.4246
train_step epoch 0 | step 1434/2656 | loss 2.4053
train_step epoch 0 | step 1435/2656 | loss 2.3611
train_step epoch 0 | step 1436/2656 | loss 2.4913
train_step epoch 0 | step 1437/2656 | loss 2.3957
train_step epoch 0 | step 1438/2656 | loss 2.4575
train_step epoch 0 | step 1439/2656 | loss 2.2171
train_step epoch 0 | step 1440/2656 | loss 2.4837
train_step epoch 0 | step 1441/2656 | loss 2.4381
train_step epoch 0 | step 1442/2656 | loss 2.3026
train_step epoch 0 | step 1443/2656 | loss 2.6510
train_step epoch 0 | step 1444/2656 | loss 2.2977
train_step epoch 0 | step 1445/2656 | loss 2.2931
train_step epoch 0 | step 1446/2656 | loss 2.3505
train_step epoch 0 | step 1447/2656 | loss 2.1993
train_step epoch 0 | step 1448/2656 | loss 2.3109
train_step epoch 0 | step 1449/2656 | loss 2.2199
train_step epoch 0 | step 1450/2656 | loss 2.5100
train_step epoch 0 | step 1451/2656 | loss 2.1696
train_step epoch 0 | step 1452/2656 | loss 2.3898
train_step epoch 0 | step 1453/2656 | loss 2.3875
train_step epoch 0 | step 1454/2656 | loss 2.3451
train_step epoch 0 | step 1455/2656 | loss 2.4218
train_step epoch 0 | step 1456/2656 | loss 2.4399
train_step epoch 0 | step 1457/2656 | loss 2.4225
train_step epoch 0 | step 1458/2656 | loss 2.5138
train_step epoch 0 | step 1459/2656 | loss 2.1815
train_step epoch 0 | step 1460/2656 | loss 2.3474
train_step epoch 0 | step 1461/2656 | loss 2.7319
train_step epoch 0 | step 1462/2656 | loss 2.3167
train_step epoch 0 | step 1463/2656 | loss 2.3013
train_step epoch 0 | step 1464/2656 | loss 2.4670
train_step epoch 0 | step 1465/2656 | loss 2.3018
train_step epoch 0 | step 1466/2656 | loss 2.0183
train_step epoch 0 | step 1467/2656 | loss 2.2116
train_step epoch 0 | step 1468/2656 | loss 2.3961
train_step epoch 0 | step 1469/2656 | loss 2.5721
train_step epoch 0 | step 1470/2656 | loss 2.3506
train_step epoch 0 | step 1471/2656 | loss 2.3941
train_step epoch 0 | step 1472/2656 | loss 2.2120
train_step epoch 0 | step 1473/2656 | loss 2.4774
train_step epoch 0 | step 1474/2656 | loss 2.1412
train_step epoch 0 | step 1475/2656 | loss 2.5188
train_step epoch 0 | step 1476/2656 | loss 2.5073
train_step epoch 0 | step 1477/2656 | loss 2.5588
train_step epoch 0 | step 1478/2656 | loss 2.4772
train_step epoch 0 | step 1479/2656 | loss 2.5270
train_step epoch 0 | step 1480/2656 | loss 2.2430
train_step epoch 0 | step 1481/2656 | loss 2.3613
train_step epoch 0 | step 1482/2656 | loss 2.4390
train_step epoch 0 | step 1483/2656 | loss 2.4284
train_step epoch 0 | step 1484/2656 | loss 2.2924
train_step epoch 0 | step 1485/2656 | loss 2.4038
train_step epoch 0 | step 1486/2656 | loss 2.2526
train_step epoch 0 | step 1487/2656 | loss 2.4993
train_step epoch 0 | step 1488/2656 | loss 2.3794
train_step epoch 0 | step 1489/2656 | loss 2.4368
train_step epoch 0 | step 1490/2656 | loss 2.2290
train_step epoch 0 | step 1491/2656 | loss 2.3953
train_step epoch 0 | step 1492/2656 | loss 2.2130
train_step epoch 0 | step 1493/2656 | loss 2.4240
train_step epoch 0 | step 1494/2656 | loss 2.6836
train_step epoch 0 | step 1495/2656 | loss 2.6038
train_step epoch 0 | step 1496/2656 | loss 2.2137
train_step epoch 0 | step 1497/2656 | loss 2.3695
train_step epoch 0 | step 1498/2656 | loss 2.7158
train_step epoch 0 | step 1499/2656 | loss 2.4929
train_step epoch 0 | step 1500/2656 | loss 2.1784
epoch 0 | step 1500/2656 | loss 2.3658
train_step epoch 0 | step 1501/2656 | loss 2.5348
train_step epoch 0 | step 1502/2656 | loss 2.1263
train_step epoch 0 | step 1503/2656 | loss 2.2015
train_step epoch 0 | step 1504/2656 | loss 2.3338
train_step epoch 0 | step 1505/2656 | loss 2.2246
train_step epoch 0 | step 1506/2656 | loss 2.4784
train_step epoch 0 | step 1507/2656 | loss 2.3573
train_step epoch 0 | step 1508/2656 | loss 2.4814
train_step epoch 0 | step 1509/2656 | loss 1.8916
train_step epoch 0 | step 1510/2656 | loss 2.3827
train_step epoch 0 | step 1511/2656 | loss 2.3699
train_step epoch 0 | step 1512/2656 | loss 2.3326
train_step epoch 0 | step 1513/2656 | loss 2.6186
train_step epoch 0 | step 1514/2656 | loss 2.4443
train_step epoch 0 | step 1515/2656 | loss 2.2269
train_step epoch 0 | step 1516/2656 | loss 2.3099
train_step epoch 0 | step 1517/2656 | loss 2.3786
train_step epoch 0 | step 1518/2656 | loss 2.6013
train_step epoch 0 | step 1519/2656 | loss 2.4255
train_step epoch 0 | step 1520/2656 | loss 2.3702
train_step epoch 0 | step 1521/2656 | loss 2.6405
train_step epoch 0 | step 1522/2656 | loss 2.2194
train_step epoch 0 | step 1523/2656 | loss 2.4565
train_step epoch 0 | step 1524/2656 | loss 2.1989
train_step epoch 0 | step 1525/2656 | loss 2.4826
train_step epoch 0 | step 1526/2656 | loss 2.4883
train_step epoch 0 | step 1527/2656 | loss 2.2674
train_step epoch 0 | step 1528/2656 | loss 2.2045
train_step epoch 0 | step 1529/2656 | loss 2.3903
train_step epoch 0 | step 1530/2656 | loss 2.5693
train_step epoch 0 | step 1531/2656 | loss 2.4736
train_step epoch 0 | step 1532/2656 | loss 2.3600
train_step epoch 0 | step 1533/2656 | loss 2.5316
train_step epoch 0 | step 1534/2656 | loss 2.3683
train_step epoch 0 | step 1535/2656 | loss 2.3121
train_step epoch 0 | step 1536/2656 | loss 2.4115
train_step epoch 0 | step 1537/2656 | loss 2.3359
train_step epoch 0 | step 1538/2656 | loss 2.4593
train_step epoch 0 | step 1539/2656 | loss 2.5713
train_step epoch 0 | step 1540/2656 | loss 2.2220
train_step epoch 0 | step 1541/2656 | loss 2.6120
train_step epoch 0 | step 1542/2656 | loss 2.1767
train_step epoch 0 | step 1543/2656 | loss 2.5035
train_step epoch 0 | step 1544/2656 | loss 2.1709
train_step epoch 0 | step 1545/2656 | loss 2.1153
train_step epoch 0 | step 1546/2656 | loss 2.2092
train_step epoch 0 | step 1547/2656 | loss 2.6836
train_step epoch 0 | step 1548/2656 | loss 2.5541
train_step epoch 0 | step 1549/2656 | loss 2.1110
train_step epoch 0 | step 1550/2656 | loss 2.0882
train_step epoch 0 | step 1551/2656 | loss 2.5190
train_step epoch 0 | step 1552/2656 | loss 2.3677
train_step epoch 0 | step 1553/2656 | loss 2.4652
train_step epoch 0 | step 1554/2656 | loss 2.3730
train_step epoch 0 | step 1555/2656 | loss 2.3504
train_step epoch 0 | step 1556/2656 | loss 2.4298
train_step epoch 0 | step 1557/2656 | loss 2.1193
train_step epoch 0 | step 1558/2656 | loss 2.4522
train_step epoch 0 | step 1559/2656 | loss 2.4370
train_step epoch 0 | step 1560/2656 | loss 2.5170
train_step epoch 0 | step 1561/2656 | loss 2.3943
train_step epoch 0 | step 1562/2656 | loss 2.3577
train_step epoch 0 | step 1563/2656 | loss 2.3685
train_step epoch 0 | step 1564/2656 | loss 2.1370
train_step epoch 0 | step 1565/2656 | loss 2.5499
train_step epoch 0 | step 1566/2656 | loss 2.4579
train_step epoch 0 | step 1567/2656 | loss 2.3171
train_step epoch 0 | step 1568/2656 | loss 2.4481
train_step epoch 0 | step 1569/2656 | loss 2.1930
train_step epoch 0 | step 1570/2656 | loss 2.5467
train_step epoch 0 | step 1571/2656 | loss 2.2534
train_step epoch 0 | step 1572/2656 | loss 2.4072
train_step epoch 0 | step 1573/2656 | loss 2.6328
train_step epoch 0 | step 1574/2656 | loss 2.5761
train_step epoch 0 | step 1575/2656 | loss 2.3153
train_step epoch 0 | step 1576/2656 | loss 2.2892
train_step epoch 0 | step 1577/2656 | loss 2.3591
train_step epoch 0 | step 1578/2656 | loss 2.3646
train_step epoch 0 | step 1579/2656 | loss 2.5215
train_step epoch 0 | step 1580/2656 | loss 2.4182
train_step epoch 0 | step 1581/2656 | loss 2.2207
train_step epoch 0 | step 1582/2656 | loss 2.2402
train_step epoch 0 | step 1583/2656 | loss 2.6176
train_step epoch 0 | step 1584/2656 | loss 2.4943
train_step epoch 0 | step 1585/2656 | loss 2.2301
train_step epoch 0 | step 1586/2656 | loss 2.2302
train_step epoch 0 | step 1587/2656 | loss 2.2807
train_step epoch 0 | step 1588/2656 | loss 2.4379
train_step epoch 0 | step 1589/2656 | loss 2.3930
train_step epoch 0 | step 1590/2656 | loss 2.4069
train_step epoch 0 | step 1591/2656 | loss 2.2569
train_step epoch 0 | step 1592/2656 | loss 2.4115
train_step epoch 0 | step 1593/2656 | loss 2.4629
train_step epoch 0 | step 1594/2656 | loss 2.2132
train_step epoch 0 | step 1595/2656 | loss 2.4743
train_step epoch 0 | step 1596/2656 | loss 2.1242
train_step epoch 0 | step 1597/2656 | loss 2.1638
train_step epoch 0 | step 1598/2656 | loss 2.2568
train_step epoch 0 | step 1599/2656 | loss 2.3674
train_step epoch 0 | step 1600/2656 | loss 2.3278
train_step epoch 0 | step 1601/2656 | loss 2.1510
train_step epoch 0 | step 1602/2656 | loss 2.4959
train_step epoch 0 | step 1603/2656 | loss 2.2254
train_step epoch 0 | step 1604/2656 | loss 2.3283
train_step epoch 0 | step 1605/2656 | loss 2.2105
train_step epoch 0 | step 1606/2656 | loss 2.2703
train_step epoch 0 | step 1607/2656 | loss 2.5112
train_step epoch 0 | step 1608/2656 | loss 2.1203
train_step epoch 0 | step 1609/2656 | loss 2.5619
train_step epoch 0 | step 1610/2656 | loss 2.6470
train_step epoch 0 | step 1611/2656 | loss 2.2439
train_step epoch 0 | step 1612/2656 | loss 1.7463
train_step epoch 0 | step 1613/2656 | loss 2.4850
train_step epoch 0 | step 1614/2656 | loss 2.1995
train_step epoch 0 | step 1615/2656 | loss 2.4257
train_step epoch 0 | step 1616/2656 | loss 2.3441
train_step epoch 0 | step 1617/2656 | loss 2.3986
train_step epoch 0 | step 1618/2656 | loss 2.0925
train_step epoch 0 | step 1619/2656 | loss 2.1548
train_step epoch 0 | step 1620/2656 | loss 2.0658
train_step epoch 0 | step 1621/2656 | loss 2.3528
train_step epoch 0 | step 1622/2656 | loss 2.3378
train_step epoch 0 | step 1623/2656 | loss 2.3980
train_step epoch 0 | step 1624/2656 | loss 2.5220
train_step epoch 0 | step 1625/2656 | loss 2.2541
train_step epoch 0 | step 1626/2656 | loss 2.4657
train_step epoch 0 | step 1627/2656 | loss 2.4179
train_step epoch 0 | step 1628/2656 | loss 2.5654
train_step epoch 0 | step 1629/2656 | loss 2.3209
train_step epoch 0 | step 1630/2656 | loss 2.0491
train_step epoch 0 | step 1631/2656 | loss 1.7868
train_step epoch 0 | step 1632/2656 | loss 2.4749
train_step epoch 0 | step 1633/2656 | loss 2.3082
train_step epoch 0 | step 1634/2656 | loss 2.5137
train_step epoch 0 | step 1635/2656 | loss 2.1774
train_step epoch 0 | step 1636/2656 | loss 2.1859
train_step epoch 0 | step 1637/2656 | loss 2.1478
train_step epoch 0 | step 1638/2656 | loss 2.2866
train_step epoch 0 | step 1639/2656 | loss 2.4069
train_step epoch 0 | step 1640/2656 | loss 2.1906
train_step epoch 0 | step 1641/2656 | loss 2.6629
train_step epoch 0 | step 1642/2656 | loss 2.3348
train_step epoch 0 | step 1643/2656 | loss 2.4433
train_step epoch 0 | step 1644/2656 | loss 2.2203
train_step epoch 0 | step 1645/2656 | loss 2.3350
train_step epoch 0 | step 1646/2656 | loss 2.2771
train_step epoch 0 | step 1647/2656 | loss 2.3971
train_step epoch 0 | step 1648/2656 | loss 2.3757
train_step epoch 0 | step 1649/2656 | loss 2.3242
train_step epoch 0 | step 1650/2656 | loss 2.5227
train_step epoch 0 | step 1651/2656 | loss 2.5275
train_step epoch 0 | step 1652/2656 | loss 2.1688
train_step epoch 0 | step 1653/2656 | loss 2.2398
train_step epoch 0 | step 1654/2656 | loss 2.3128
train_step epoch 0 | step 1655/2656 | loss 2.3720
train_step epoch 0 | step 1656/2656 | loss 2.2087
train_step epoch 0 | step 1657/2656 | loss 2.2875
train_step epoch 0 | step 1658/2656 | loss 2.4732
train_step epoch 0 | step 1659/2656 | loss 2.1642
train_step epoch 0 | step 1660/2656 | loss 2.3458
train_step epoch 0 | step 1661/2656 | loss 2.2956
train_step epoch 0 | step 1662/2656 | loss 2.2804
train_step epoch 0 | step 1663/2656 | loss 2.2869
train_step epoch 0 | step 1664/2656 | loss 2.3438
train_step epoch 0 | step 1665/2656 | loss 2.3397
train_step epoch 0 | step 1666/2656 | loss 2.1894
train_step epoch 0 | step 1667/2656 | loss 2.5175
train_step epoch 0 | step 1668/2656 | loss 2.4717
train_step epoch 0 | step 1669/2656 | loss 2.3895
train_step epoch 0 | step 1670/2656 | loss 2.6196
train_step epoch 0 | step 1671/2656 | loss 2.3116
train_step epoch 0 | step 1672/2656 | loss 2.4882
train_step epoch 0 | step 1673/2656 | loss 2.5188
train_step epoch 0 | step 1674/2656 | loss 2.3515
train_step epoch 0 | step 1675/2656 | loss 2.2518
train_step epoch 0 | step 1676/2656 | loss 2.4928
train_step epoch 0 | step 1677/2656 | loss 2.3559
train_step epoch 0 | step 1678/2656 | loss 2.2172
train_step epoch 0 | step 1679/2656 | loss 2.4851
train_step epoch 0 | step 1680/2656 | loss 2.2314
train_step epoch 0 | step 1681/2656 | loss 2.3343
train_step epoch 0 | step 1682/2656 | loss 2.0014
train_step epoch 0 | step 1683/2656 | loss 2.3734
train_step epoch 0 | step 1684/2656 | loss 2.2500
train_step epoch 0 | step 1685/2656 | loss 2.2514
train_step epoch 0 | step 1686/2656 | loss 2.2607
train_step epoch 0 | step 1687/2656 | loss 2.2794
train_step epoch 0 | step 1688/2656 | loss 2.4258
train_step epoch 0 | step 1689/2656 | loss 2.3286
train_step epoch 0 | step 1690/2656 | loss 2.1714
train_step epoch 0 | step 1691/2656 | loss 2.2996
train_step epoch 0 | step 1692/2656 | loss 2.3850
train_step epoch 0 | step 1693/2656 | loss 2.2062
train_step epoch 0 | step 1694/2656 | loss 2.1735
train_step epoch 0 | step 1695/2656 | loss 2.2964
train_step epoch 0 | step 1696/2656 | loss 2.1155
train_step epoch 0 | step 1697/2656 | loss 2.0025
train_step epoch 0 | step 1698/2656 | loss 2.4159
train_step epoch 0 | step 1699/2656 | loss 2.5028
train_step epoch 0 | step 1700/2656 | loss 2.2723
train_step epoch 0 | step 1701/2656 | loss 2.3744
train_step epoch 0 | step 1702/2656 | loss 2.4585
train_step epoch 0 | step 1703/2656 | loss 2.1751
train_step epoch 0 | step 1704/2656 | loss 2.0493
train_step epoch 0 | step 1705/2656 | loss 2.1630
train_step epoch 0 | step 1706/2656 | loss 2.3353
train_step epoch 0 | step 1707/2656 | loss 2.3567
train_step epoch 0 | step 1708/2656 | loss 2.4126
train_step epoch 0 | step 1709/2656 | loss 2.4103
train_step epoch 0 | step 1710/2656 | loss 2.3568
train_step epoch 0 | step 1711/2656 | loss 2.3576
train_step epoch 0 | step 1712/2656 | loss 2.4202
train_step epoch 0 | step 1713/2656 | loss 2.4198
train_step epoch 0 | step 1714/2656 | loss 2.2053
train_step epoch 0 | step 1715/2656 | loss 2.0397
train_step epoch 0 | step 1716/2656 | loss 2.4293
train_step epoch 0 | step 1717/2656 | loss 2.3095
train_step epoch 0 | step 1718/2656 | loss 2.1473
train_step epoch 0 | step 1719/2656 | loss 2.1804
train_step epoch 0 | step 1720/2656 | loss 2.2656
train_step epoch 0 | step 1721/2656 | loss 2.3547
train_step epoch 0 | step 1722/2656 | loss 2.0361
train_step epoch 0 | step 1723/2656 | loss 2.3364
train_step epoch 0 | step 1724/2656 | loss 2.4985
train_step epoch 0 | step 1725/2656 | loss 2.4751
train_step epoch 0 | step 1726/2656 | loss 2.0355
train_step epoch 0 | step 1727/2656 | loss 2.4621
train_step epoch 0 | step 1728/2656 | loss 2.6987
train_step epoch 0 | step 1729/2656 | loss 2.4191
train_step epoch 0 | step 1730/2656 | loss 2.5669
train_step epoch 0 | step 1731/2656 | loss 2.3632
train_step epoch 0 | step 1732/2656 | loss 2.6930
train_step epoch 0 | step 1733/2656 | loss 2.5396
train_step epoch 0 | step 1734/2656 | loss 2.3091
train_step epoch 0 | step 1735/2656 | loss 2.1248
train_step epoch 0 | step 1736/2656 | loss 2.1485
train_step epoch 0 | step 1737/2656 | loss 2.0857
train_step epoch 0 | step 1738/2656 | loss 2.2569
train_step epoch 0 | step 1739/2656 | loss 2.5495
train_step epoch 0 | step 1740/2656 | loss 1.9206
train_step epoch 0 | step 1741/2656 | loss 2.3849
train_step epoch 0 | step 1742/2656 | loss 2.3753
train_step epoch 0 | step 1743/2656 | loss 2.1490
train_step epoch 0 | step 1744/2656 | loss 2.1037
train_step epoch 0 | step 1745/2656 | loss 2.1780
train_step epoch 0 | step 1746/2656 | loss 2.3848
train_step epoch 0 | step 1747/2656 | loss 2.2184
train_step epoch 0 | step 1748/2656 | loss 2.3345
train_step epoch 0 | step 1749/2656 | loss 2.3818
train_step epoch 0 | step 1750/2656 | loss 2.4876
train_step epoch 0 | step 1751/2656 | loss 2.4264
train_step epoch 0 | step 1752/2656 | loss 2.0653
train_step epoch 0 | step 1753/2656 | loss 2.3042
train_step epoch 0 | step 1754/2656 | loss 2.3489
train_step epoch 0 | step 1755/2656 | loss 2.1241
train_step epoch 0 | step 1756/2656 | loss 2.2641
train_step epoch 0 | step 1757/2656 | loss 2.4996
train_step epoch 0 | step 1758/2656 | loss 2.3802
train_step epoch 0 | step 1759/2656 | loss 2.1272
train_step epoch 0 | step 1760/2656 | loss 2.3332
train_step epoch 0 | step 1761/2656 | loss 2.2536
train_step epoch 0 | step 1762/2656 | loss 2.3648
train_step epoch 0 | step 1763/2656 | loss 2.4544
train_step epoch 0 | step 1764/2656 | loss 2.2841
train_step epoch 0 | step 1765/2656 | loss 2.3416
train_step epoch 0 | step 1766/2656 | loss 2.3509
train_step epoch 0 | step 1767/2656 | loss 2.5052
train_step epoch 0 | step 1768/2656 | loss 2.5245
train_step epoch 0 | step 1769/2656 | loss 2.3504
train_step epoch 0 | step 1770/2656 | loss 2.2360
train_step epoch 0 | step 1771/2656 | loss 2.3727
train_step epoch 0 | step 1772/2656 | loss 2.2430
train_step epoch 0 | step 1773/2656 | loss 2.4585
train_step epoch 0 | step 1774/2656 | loss 2.3698
train_step epoch 0 | step 1775/2656 | loss 2.3443
train_step epoch 0 | step 1776/2656 | loss 2.4995
train_step epoch 0 | step 1777/2656 | loss 2.4575
train_step epoch 0 | step 1778/2656 | loss 2.2039
train_step epoch 0 | step 1779/2656 | loss 2.2717
train_step epoch 0 | step 1780/2656 | loss 2.1190
train_step epoch 0 | step 1781/2656 | loss 2.3307
train_step epoch 0 | step 1782/2656 | loss 2.4378
train_step epoch 0 | step 1783/2656 | loss 2.2056
train_step epoch 0 | step 1784/2656 | loss 2.3160
train_step epoch 0 | step 1785/2656 | loss 2.9717
train_step epoch 0 | step 1786/2656 | loss 2.2770
train_step epoch 0 | step 1787/2656 | loss 2.4530
train_step epoch 0 | step 1788/2656 | loss 2.4145
train_step epoch 0 | step 1789/2656 | loss 2.0200
train_step epoch 0 | step 1790/2656 | loss 2.8393
train_step epoch 0 | step 1791/2656 | loss 2.2537
train_step epoch 0 | step 1792/2656 | loss 2.4297
train_step epoch 0 | step 1793/2656 | loss 2.0529
train_step epoch 0 | step 1794/2656 | loss 2.2197
train_step epoch 0 | step 1795/2656 | loss 2.5198
train_step epoch 0 | step 1796/2656 | loss 2.4501
train_step epoch 0 | step 1797/2656 | loss 2.1372
train_step epoch 0 | step 1798/2656 | loss 2.4401
train_step epoch 0 | step 1799/2656 | loss 2.3358
train_step epoch 0 | step 1800/2656 | loss 2.5587
train_step epoch 0 | step 1801/2656 | loss 2.3745
train_step epoch 0 | step 1802/2656 | loss 2.1899
train_step epoch 0 | step 1803/2656 | loss 2.0776
train_step epoch 0 | step 1804/2656 | loss 2.5048
train_step epoch 0 | step 1805/2656 | loss 2.0501
train_step epoch 0 | step 1806/2656 | loss 2.4907
train_step epoch 0 | step 1807/2656 | loss 2.3546
train_step epoch 0 | step 1808/2656 | loss 2.4732
train_step epoch 0 | step 1809/2656 | loss 2.3516
train_step epoch 0 | step 1810/2656 | loss 1.9728
train_step epoch 0 | step 1811/2656 | loss 2.1099
train_step epoch 0 | step 1812/2656 | loss 2.4546
train_step epoch 0 | step 1813/2656 | loss 2.1524
train_step epoch 0 | step 1814/2656 | loss 2.4004
train_step epoch 0 | step 1815/2656 | loss 2.4232
train_step epoch 0 | step 1816/2656 | loss 2.3816
train_step epoch 0 | step 1817/2656 | loss 2.1175
train_step epoch 0 | step 1818/2656 | loss 2.2345
train_step epoch 0 | step 1819/2656 | loss 2.4843
train_step epoch 0 | step 1820/2656 | loss 2.3743
train_step epoch 0 | step 1821/2656 | loss 2.2891
train_step epoch 0 | step 1822/2656 | loss 2.4166
train_step epoch 0 | step 1823/2656 | loss 2.4824
train_step epoch 0 | step 1824/2656 | loss 2.4703
train_step epoch 0 | step 1825/2656 | loss 2.1261
train_step epoch 0 | step 1826/2656 | loss 2.3669
train_step epoch 0 | step 1827/2656 | loss 2.2481
train_step epoch 0 | step 1828/2656 | loss 2.5023
train_step epoch 0 | step 1829/2656 | loss 2.4112
train_step epoch 0 | step 1830/2656 | loss 2.3778
train_step epoch 0 | step 1831/2656 | loss 2.5470
train_step epoch 0 | step 1832/2656 | loss 2.4482
train_step epoch 0 | step 1833/2656 | loss 2.3885
train_step epoch 0 | step 1834/2656 | loss 2.6169
train_step epoch 0 | step 1835/2656 | loss 2.2896
train_step epoch 0 | step 1836/2656 | loss 2.0823
train_step epoch 0 | step 1837/2656 | loss 2.2970
train_step epoch 0 | step 1838/2656 | loss 2.3430
train_step epoch 0 | step 1839/2656 | loss 1.9666
train_step epoch 0 | step 1840/2656 | loss 2.5090
train_step epoch 0 | step 1841/2656 | loss 2.0523
train_step epoch 0 | step 1842/2656 | loss 2.2151
train_step epoch 0 | step 1843/2656 | loss 2.2672
train_step epoch 0 | step 1844/2656 | loss 2.3433
train_step epoch 0 | step 1845/2656 | loss 2.1588
train_step epoch 0 | step 1846/2656 | loss 2.3724
train_step epoch 0 | step 1847/2656 | loss 2.4898
train_step epoch 0 | step 1848/2656 | loss 2.4687
train_step epoch 0 | step 1849/2656 | loss 2.2252
train_step epoch 0 | step 1850/2656 | loss 2.0955
train_step epoch 0 | step 1851/2656 | loss 2.5092
train_step epoch 0 | step 1852/2656 | loss 2.4640
train_step epoch 0 | step 1853/2656 | loss 2.3554
train_step epoch 0 | step 1854/2656 | loss 2.3865
train_step epoch 0 | step 1855/2656 | loss 2.4599
train_step epoch 0 | step 1856/2656 | loss 2.3134
train_step epoch 0 | step 1857/2656 | loss 2.4641
train_step epoch 0 | step 1858/2656 | loss 2.3162
train_step epoch 0 | step 1859/2656 | loss 2.3616
train_step epoch 0 | step 1860/2656 | loss 2.1964
train_step epoch 0 | step 1861/2656 | loss 2.3927
train_step epoch 0 | step 1862/2656 | loss 2.3693
train_step epoch 0 | step 1863/2656 | loss 2.3733
train_step epoch 0 | step 1864/2656 | loss 1.8335
train_step epoch 0 | step 1865/2656 | loss 2.4083
train_step epoch 0 | step 1866/2656 | loss 2.4870
train_step epoch 0 | step 1867/2656 | loss 2.5014
train_step epoch 0 | step 1868/2656 | loss 2.5489
train_step epoch 0 | step 1869/2656 | loss 2.5808
train_step epoch 0 | step 1870/2656 | loss 2.4086
train_step epoch 0 | step 1871/2656 | loss 2.2839
train_step epoch 0 | step 1872/2656 | loss 2.3727
train_step epoch 0 | step 1873/2656 | loss 2.2815
train_step epoch 0 | step 1874/2656 | loss 2.0811
train_step epoch 0 | step 1875/2656 | loss 2.2331
train_step epoch 0 | step 1876/2656 | loss 2.3044
train_step epoch 0 | step 1877/2656 | loss 2.4681
train_step epoch 0 | step 1878/2656 | loss 2.4573
train_step epoch 0 | step 1879/2656 | loss 2.2962
train_step epoch 0 | step 1880/2656 | loss 2.4584
train_step epoch 0 | step 1881/2656 | loss 2.5119
train_step epoch 0 | step 1882/2656 | loss 2.4312
train_step epoch 0 | step 1883/2656 | loss 2.5175
train_step epoch 0 | step 1884/2656 | loss 2.0673
train_step epoch 0 | step 1885/2656 | loss 2.4028
train_step epoch 0 | step 1886/2656 | loss 2.3217
train_step epoch 0 | step 1887/2656 | loss 2.4346
train_step epoch 0 | step 1888/2656 | loss 2.3907
train_step epoch 0 | step 1889/2656 | loss 2.2506
train_step epoch 0 | step 1890/2656 | loss 2.2410
train_step epoch 0 | step 1891/2656 | loss 2.1896
train_step epoch 0 | step 1892/2656 | loss 2.3493
train_step epoch 0 | step 1893/2656 | loss 2.2493
train_step epoch 0 | step 1894/2656 | loss 2.2675
train_step epoch 0 | step 1895/2656 | loss 2.2503
train_step epoch 0 | step 1896/2656 | loss 2.3673
train_step epoch 0 | step 1897/2656 | loss 2.3038
train_step epoch 0 | step 1898/2656 | loss 2.2072
train_step epoch 0 | step 1899/2656 | loss 2.4915
train_step epoch 0 | step 1900/2656 | loss 2.3732
train_step epoch 0 | step 1901/2656 | loss 2.3713
train_step epoch 0 | step 1902/2656 | loss 2.4146
train_step epoch 0 | step 1903/2656 | loss 2.1082
train_step epoch 0 | step 1904/2656 | loss 2.5519
train_step epoch 0 | step 1905/2656 | loss 2.1966
train_step epoch 0 | step 1906/2656 | loss 2.0908
train_step epoch 0 | step 1907/2656 | loss 2.2071
train_step epoch 0 | step 1908/2656 | loss 2.4733
train_step epoch 0 | step 1909/2656 | loss 2.2836
train_step epoch 0 | step 1910/2656 | loss 2.2496
train_step epoch 0 | step 1911/2656 | loss 2.3218
train_step epoch 0 | step 1912/2656 | loss 2.4271
train_step epoch 0 | step 1913/2656 | loss 2.4754
train_step epoch 0 | step 1914/2656 | loss 2.1243
train_step epoch 0 | step 1915/2656 | loss 2.2655
train_step epoch 0 | step 1916/2656 | loss 2.2825
train_step epoch 0 | step 1917/2656 | loss 2.0982
train_step epoch 0 | step 1918/2656 | loss 2.2633
train_step epoch 0 | step 1919/2656 | loss 2.2485
train_step epoch 0 | step 1920/2656 | loss 1.9233
train_step epoch 0 | step 1921/2656 | loss 2.9656
train_step epoch 0 | step 1922/2656 | loss 2.2043
train_step epoch 0 | step 1923/2656 | loss 2.0351
train_step epoch 0 | step 1924/2656 | loss 2.3519
train_step epoch 0 | step 1925/2656 | loss 2.4201
train_step epoch 0 | step 1926/2656 | loss 1.9948
train_step epoch 0 | step 1927/2656 | loss 2.1554
train_step epoch 0 | step 1928/2656 | loss 2.4974
train_step epoch 0 | step 1929/2656 | loss 2.3954
train_step epoch 0 | step 1930/2656 | loss 2.1370
train_step epoch 0 | step 1931/2656 | loss 2.0442
train_step epoch 0 | step 1932/2656 | loss 2.1813
train_step epoch 0 | step 1933/2656 | loss 2.4030
train_step epoch 0 | step 1934/2656 | loss 2.3735
train_step epoch 0 | step 1935/2656 | loss 2.6931
train_step epoch 0 | step 1936/2656 | loss 2.4368
train_step epoch 0 | step 1937/2656 | loss 2.3155
train_step epoch 0 | step 1938/2656 | loss 2.1827
train_step epoch 0 | step 1939/2656 | loss 2.0137
train_step epoch 0 | step 1940/2656 | loss 2.3832
train_step epoch 0 | step 1941/2656 | loss 2.1062
train_step epoch 0 | step 1942/2656 | loss 2.2150
train_step epoch 0 | step 1943/2656 | loss 2.4011
train_step epoch 0 | step 1944/2656 | loss 2.4473
train_step epoch 0 | step 1945/2656 | loss 2.1260
train_step epoch 0 | step 1946/2656 | loss 2.6718
train_step epoch 0 | step 1947/2656 | loss 2.1411
train_step epoch 0 | step 1948/2656 | loss 2.5166
train_step epoch 0 | step 1949/2656 | loss 2.1102
train_step epoch 0 | step 1950/2656 | loss 2.5648
train_step epoch 0 | step 1951/2656 | loss 2.1157
train_step epoch 0 | step 1952/2656 | loss 2.4632
train_step epoch 0 | step 1953/2656 | loss 2.6701
train_step epoch 0 | step 1954/2656 | loss 2.6246
train_step epoch 0 | step 1955/2656 | loss 2.4765
train_step epoch 0 | step 1956/2656 | loss 2.3687
train_step epoch 0 | step 1957/2656 | loss 2.2845
train_step epoch 0 | step 1958/2656 | loss 2.7038
train_step epoch 0 | step 1959/2656 | loss 2.2626
train_step epoch 0 | step 1960/2656 | loss 2.2693
train_step epoch 0 | step 1961/2656 | loss 2.3303
train_step epoch 0 | step 1962/2656 | loss 2.4983
train_step epoch 0 | step 1963/2656 | loss 2.4294
train_step epoch 0 | step 1964/2656 | loss 2.3255
train_step epoch 0 | step 1965/2656 | loss 2.4191
train_step epoch 0 | step 1966/2656 | loss 2.2181
train_step epoch 0 | step 1967/2656 | loss 2.5070
train_step epoch 0 | step 1968/2656 | loss 2.3370
train_step epoch 0 | step 1969/2656 | loss 2.0682
train_step epoch 0 | step 1970/2656 | loss 2.2256
train_step epoch 0 | step 1971/2656 | loss 2.3696
train_step epoch 0 | step 1972/2656 | loss 2.2465
train_step epoch 0 | step 1973/2656 | loss 2.5749
train_step epoch 0 | step 1974/2656 | loss 2.1968
train_step epoch 0 | step 1975/2656 | loss 2.2803
train_step epoch 0 | step 1976/2656 | loss 2.4162
train_step epoch 0 | step 1977/2656 | loss 2.3207
train_step epoch 0 | step 1978/2656 | loss 2.3303
train_step epoch 0 | step 1979/2656 | loss 2.2764
train_step epoch 0 | step 1980/2656 | loss 2.1655
train_step epoch 0 | step 1981/2656 | loss 2.3246
train_step epoch 0 | step 1982/2656 | loss 2.4200
train_step epoch 0 | step 1983/2656 | loss 2.3203
train_step epoch 0 | step 1984/2656 | loss 2.3498
train_step epoch 0 | step 1985/2656 | loss 2.5288
train_step epoch 0 | step 1986/2656 | loss 2.4721
train_step epoch 0 | step 1987/2656 | loss 2.0701
train_step epoch 0 | step 1988/2656 | loss 2.5019
train_step epoch 0 | step 1989/2656 | loss 2.5387
train_step epoch 0 | step 1990/2656 | loss 2.2700
train_step epoch 0 | step 1991/2656 | loss 2.2528
train_step epoch 0 | step 1992/2656 | loss 2.5405
train_step epoch 0 | step 1993/2656 | loss 2.2952
train_step epoch 0 | step 1994/2656 | loss 2.3264
train_step epoch 0 | step 1995/2656 | loss 2.4310
train_step epoch 0 | step 1996/2656 | loss 2.4011
train_step epoch 0 | step 1997/2656 | loss 2.4143
train_step epoch 0 | step 1998/2656 | loss 2.3757
train_step epoch 0 | step 1999/2656 | loss 2.2471
train_step epoch 0 | step 2000/2656 | loss 2.2334
epoch 0 | step 2000/2656 | loss 2.3362
train_step epoch 0 | step 2001/2656 | loss 2.3920
train_step epoch 0 | step 2002/2656 | loss 2.5709
train_step epoch 0 | step 2003/2656 | loss 2.0865
train_step epoch 0 | step 2004/2656 | loss 2.2392
train_step epoch 0 | step 2005/2656 | loss 2.2776
train_step epoch 0 | step 2006/2656 | loss 2.4493
train_step epoch 0 | step 2007/2656 | loss 2.3108
train_step epoch 0 | step 2008/2656 | loss 2.3556
train_step epoch 0 | step 2009/2656 | loss 2.0904
train_step epoch 0 | step 2010/2656 | loss 2.3451
train_step epoch 0 | step 2011/2656 | loss 2.4246
train_step epoch 0 | step 2012/2656 | loss 2.3367
train_step epoch 0 | step 2013/2656 | loss 2.5592
train_step epoch 0 | step 2014/2656 | loss 2.3944
train_step epoch 0 | step 2015/2656 | loss 2.3038
train_step epoch 0 | step 2016/2656 | loss 2.2718
train_step epoch 0 | step 2017/2656 | loss 2.2415
train_step epoch 0 | step 2018/2656 | loss 2.2614
train_step epoch 0 | step 2019/2656 | loss 2.2437
train_step epoch 0 | step 2020/2656 | loss 2.1098
train_step epoch 0 | step 2021/2656 | loss 2.3978
train_step epoch 0 | step 2022/2656 | loss 2.3287
train_step epoch 0 | step 2023/2656 | loss 2.3014
train_step epoch 0 | step 2024/2656 | loss 2.1757
train_step epoch 0 | step 2025/2656 | loss 2.3197
train_step epoch 0 | step 2026/2656 | loss 2.3184
train_step epoch 0 | step 2027/2656 | loss 2.2360
train_step epoch 0 | step 2028/2656 | loss 2.1678
train_step epoch 0 | step 2029/2656 | loss 2.3168
train_step epoch 0 | step 2030/2656 | loss 2.5165
train_step epoch 0 | step 2031/2656 | loss 2.3396
train_step epoch 0 | step 2032/2656 | loss 2.5111
train_step epoch 0 | step 2033/2656 | loss 2.6140
train_step epoch 0 | step 2034/2656 | loss 2.4006
train_step epoch 0 | step 2035/2656 | loss 2.3834
train_step epoch 0 | step 2036/2656 | loss 2.2467
train_step epoch 0 | step 2037/2656 | loss 2.0871
train_step epoch 0 | step 2038/2656 | loss 2.4686
train_step epoch 0 | step 2039/2656 | loss 2.2093
train_step epoch 0 | step 2040/2656 | loss 2.4222
train_step epoch 0 | step 2041/2656 | loss 2.2089
train_step epoch 0 | step 2042/2656 | loss 2.2706
train_step epoch 0 | step 2043/2656 | loss 2.3736
train_step epoch 0 | step 2044/2656 | loss 2.1400
train_step epoch 0 | step 2045/2656 | loss 2.2313
train_step epoch 0 | step 2046/2656 | loss 2.3688
train_step epoch 0 | step 2047/2656 | loss 2.2417
train_step epoch 0 | step 2048/2656 | loss 2.3559
train_step epoch 0 | step 2049/2656 | loss 2.2312
train_step epoch 0 | step 2050/2656 | loss 2.4572
train_step epoch 0 | step 2051/2656 | loss 2.2833
train_step epoch 0 | step 2052/2656 | loss 2.2464
train_step epoch 0 | step 2053/2656 | loss 2.2979
train_step epoch 0 | step 2054/2656 | loss 2.2165
train_step epoch 0 | step 2055/2656 | loss 2.4819
train_step epoch 0 | step 2056/2656 | loss 2.3378
train_step epoch 0 | step 2057/2656 | loss 2.1005
train_step epoch 0 | step 2058/2656 | loss 2.3766
train_step epoch 0 | step 2059/2656 | loss 2.4687
train_step epoch 0 | step 2060/2656 | loss 2.4386
train_step epoch 0 | step 2061/2656 | loss 2.6389
train_step epoch 0 | step 2062/2656 | loss 2.2268
train_step epoch 0 | step 2063/2656 | loss 2.5126
train_step epoch 0 | step 2064/2656 | loss 2.3358
train_step epoch 0 | step 2065/2656 | loss 2.3851
train_step epoch 0 | step 2066/2656 | loss 2.5868
train_step epoch 0 | step 2067/2656 | loss 2.1805
train_step epoch 0 | step 2068/2656 | loss 2.2617
train_step epoch 0 | step 2069/2656 | loss 2.6770
train_step epoch 0 | step 2070/2656 | loss 2.3806
train_step epoch 0 | step 2071/2656 | loss 2.4646
train_step epoch 0 | step 2072/2656 | loss 2.3054
train_step epoch 0 | step 2073/2656 | loss 2.3451
train_step epoch 0 | step 2074/2656 | loss 2.5418
train_step epoch 0 | step 2075/2656 | loss 2.3514
train_step epoch 0 | step 2076/2656 | loss 2.6216
train_step epoch 0 | step 2077/2656 | loss 2.8229
train_step epoch 0 | step 2078/2656 | loss 2.2438
train_step epoch 0 | step 2079/2656 | loss 2.1598
train_step epoch 0 | step 2080/2656 | loss 2.3304
train_step epoch 0 | step 2081/2656 | loss 2.5114
train_step epoch 0 | step 2082/2656 | loss 2.1922
train_step epoch 0 | step 2083/2656 | loss 2.2731
train_step epoch 0 | step 2084/2656 | loss 2.4540
train_step epoch 0 | step 2085/2656 | loss 2.2461
train_step epoch 0 | step 2086/2656 | loss 2.5106
train_step epoch 0 | step 2087/2656 | loss 2.4885
train_step epoch 0 | step 2088/2656 | loss 2.1926
train_step epoch 0 | step 2089/2656 | loss 2.5831
train_step epoch 0 | step 2090/2656 | loss 2.2237
train_step epoch 0 | step 2091/2656 | loss 2.0832
train_step epoch 0 | step 2092/2656 | loss 2.3133
train_step epoch 0 | step 2093/2656 | loss 2.3726
train_step epoch 0 | step 2094/2656 | loss 2.1873
train_step epoch 0 | step 2095/2656 | loss 2.5097
train_step epoch 0 | step 2096/2656 | loss 2.1841
train_step epoch 0 | step 2097/2656 | loss 2.1935
train_step epoch 0 | step 2098/2656 | loss 2.6142
train_step epoch 0 | step 2099/2656 | loss 2.4460
train_step epoch 0 | step 2100/2656 | loss 2.7264
train_step epoch 0 | step 2101/2656 | loss 2.3145
train_step epoch 0 | step 2102/2656 | loss 2.1880
train_step epoch 0 | step 2103/2656 | loss 2.6232
train_step epoch 0 | step 2104/2656 | loss 2.3804
train_step epoch 0 | step 2105/2656 | loss 2.3820
train_step epoch 0 | step 2106/2656 | loss 2.2580
train_step epoch 0 | step 2107/2656 | loss 2.2846
train_step epoch 0 | step 2108/2656 | loss 2.0553
train_step epoch 0 | step 2109/2656 | loss 2.4717
train_step epoch 0 | step 2110/2656 | loss 2.3928
train_step epoch 0 | step 2111/2656 | loss 2.1326
train_step epoch 0 | step 2112/2656 | loss 2.5513
train_step epoch 0 | step 2113/2656 | loss 2.1173
train_step epoch 0 | step 2114/2656 | loss 2.3631
train_step epoch 0 | step 2115/2656 | loss 2.2332
train_step epoch 0 | step 2116/2656 | loss 2.4527
train_step epoch 0 | step 2117/2656 | loss 2.2212
train_step epoch 0 | step 2118/2656 | loss 2.2066
train_step epoch 0 | step 2119/2656 | loss 2.3629
train_step epoch 0 | step 2120/2656 | loss 2.3971
train_step epoch 0 | step 2121/2656 | loss 2.0367
train_step epoch 0 | step 2122/2656 | loss 2.2990
train_step epoch 0 | step 2123/2656 | loss 2.4369
train_step epoch 0 | step 2124/2656 | loss 2.1471
train_step epoch 0 | step 2125/2656 | loss 2.3312
train_step epoch 0 | step 2126/2656 | loss 2.1493
train_step epoch 0 | step 2127/2656 | loss 2.4525
train_step epoch 0 | step 2128/2656 | loss 2.3030
train_step epoch 0 | step 2129/2656 | loss 2.2025
train_step epoch 0 | step 2130/2656 | loss 2.4650
train_step epoch 0 | step 2131/2656 | loss 2.4737
train_step epoch 0 | step 2132/2656 | loss 2.1629
train_step epoch 0 | step 2133/2656 | loss 2.3630
train_step epoch 0 | step 2134/2656 | loss 2.1510
train_step epoch 0 | step 2135/2656 | loss 2.0988
train_step epoch 0 | step 2136/2656 | loss 2.4388
train_step epoch 0 | step 2137/2656 | loss 2.6397
train_step epoch 0 | step 2138/2656 | loss 2.1894
train_step epoch 0 | step 2139/2656 | loss 2.4822
train_step epoch 0 | step 2140/2656 | loss 2.5760
train_step epoch 0 | step 2141/2656 | loss 2.5024
train_step epoch 0 | step 2142/2656 | loss 1.9259
train_step epoch 0 | step 2143/2656 | loss 2.6293
train_step epoch 0 | step 2144/2656 | loss 2.7194
train_step epoch 0 | step 2145/2656 | loss 2.1134
train_step epoch 0 | step 2146/2656 | loss 2.6339
train_step epoch 0 | step 2147/2656 | loss 2.5715
train_step epoch 0 | step 2148/2656 | loss 2.4335
train_step epoch 0 | step 2149/2656 | loss 2.1642
train_step epoch 0 | step 2150/2656 | loss 2.4501
train_step epoch 0 | step 2151/2656 | loss 1.9023
train_step epoch 0 | step 2152/2656 | loss 2.3634
train_step epoch 0 | step 2153/2656 | loss 2.4155
train_step epoch 0 | step 2154/2656 | loss 2.3664
train_step epoch 0 | step 2155/2656 | loss 2.4589
train_step epoch 0 | step 2156/2656 | loss 2.4612
train_step epoch 0 | step 2157/2656 | loss 2.4044
train_step epoch 0 | step 2158/2656 | loss 2.4658
train_step epoch 0 | step 2159/2656 | loss 2.4618
train_step epoch 0 | step 2160/2656 | loss 2.4100
train_step epoch 0 | step 2161/2656 | loss 2.4110
train_step epoch 0 | step 2162/2656 | loss 2.1844
train_step epoch 0 | step 2163/2656 | loss 2.4726
train_step epoch 0 | step 2164/2656 | loss 2.6529
train_step epoch 0 | step 2165/2656 | loss 2.1786
train_step epoch 0 | step 2166/2656 | loss 2.3056
train_step epoch 0 | step 2167/2656 | loss 2.1772
train_step epoch 0 | step 2168/2656 | loss 2.2816
train_step epoch 0 | step 2169/2656 | loss 2.5061
train_step epoch 0 | step 2170/2656 | loss 2.2149
train_step epoch 0 | step 2171/2656 | loss 2.3562
train_step epoch 0 | step 2172/2656 | loss 2.3801
train_step epoch 0 | step 2173/2656 | loss 2.4079
train_step epoch 0 | step 2174/2656 | loss 2.3581
train_step epoch 0 | step 2175/2656 | loss 2.3934
train_step epoch 0 | step 2176/2656 | loss 2.4277
train_step epoch 0 | step 2177/2656 | loss 2.1414
train_step epoch 0 | step 2178/2656 | loss 2.4588
train_step epoch 0 | step 2179/2656 | loss 2.3267
train_step epoch 0 | step 2180/2656 | loss 2.3345
train_step epoch 0 | step 2181/2656 | loss 2.1779
train_step epoch 0 | step 2182/2656 | loss 2.3682
train_step epoch 0 | step 2183/2656 | loss 2.4228
train_step epoch 0 | step 2184/2656 | loss 2.2285
train_step epoch 0 | step 2185/2656 | loss 2.4252
train_step epoch 0 | step 2186/2656 | loss 2.3561
train_step epoch 0 | step 2187/2656 | loss 2.2718
train_step epoch 0 | step 2188/2656 | loss 2.3404
train_step epoch 0 | step 2189/2656 | loss 2.4839
train_step epoch 0 | step 2190/2656 | loss 2.2234
train_step epoch 0 | step 2191/2656 | loss 2.3487
train_step epoch 0 | step 2192/2656 | loss 2.3570
train_step epoch 0 | step 2193/2656 | loss 2.1401
train_step epoch 0 | step 2194/2656 | loss 2.4674
train_step epoch 0 | step 2195/2656 | loss 2.5371
train_step epoch 0 | step 2196/2656 | loss 2.6237
train_step epoch 0 | step 2197/2656 | loss 2.3148
train_step epoch 0 | step 2198/2656 | loss 2.6161
train_step epoch 0 | step 2199/2656 | loss 2.5931
train_step epoch 0 | step 2200/2656 | loss 2.1390
train_step epoch 0 | step 2201/2656 | loss 2.2554
train_step epoch 0 | step 2202/2656 | loss 2.3840
train_step epoch 0 | step 2203/2656 | loss 2.2117
train_step epoch 0 | step 2204/2656 | loss 2.1579
train_step epoch 0 | step 2205/2656 | loss 2.5107
train_step epoch 0 | step 2206/2656 | loss 2.2615
train_step epoch 0 | step 2207/2656 | loss 2.3873
train_step epoch 0 | step 2208/2656 | loss 2.3720
train_step epoch 0 | step 2209/2656 | loss 2.3617
train_step epoch 0 | step 2210/2656 | loss 2.4124
train_step epoch 0 | step 2211/2656 | loss 2.4307
train_step epoch 0 | step 2212/2656 | loss 2.3828
train_step epoch 0 | step 2213/2656 | loss 2.5074
train_step epoch 0 | step 2214/2656 | loss 2.3717
train_step epoch 0 | step 2215/2656 | loss 2.5710
train_step epoch 0 | step 2216/2656 | loss 2.3513
train_step epoch 0 | step 2217/2656 | loss 2.3928
train_step epoch 0 | step 2218/2656 | loss 2.1475
train_step epoch 0 | step 2219/2656 | loss 2.4413
train_step epoch 0 | step 2220/2656 | loss 2.4673
train_step epoch 0 | step 2221/2656 | loss 2.3836
train_step epoch 0 | step 2222/2656 | loss 2.6389
train_step epoch 0 | step 2223/2656 | loss 2.2584
train_step epoch 0 | step 2224/2656 | loss 2.2809
train_step epoch 0 | step 2225/2656 | loss 2.4887
train_step epoch 0 | step 2226/2656 | loss 2.2211
train_step epoch 0 | step 2227/2656 | loss 2.4052
train_step epoch 0 | step 2228/2656 | loss 2.3417
train_step epoch 0 | step 2229/2656 | loss 2.1457
train_step epoch 0 | step 2230/2656 | loss 2.5588
train_step epoch 0 | step 2231/2656 | loss 2.3286
train_step epoch 0 | step 2232/2656 | loss 2.6534
train_step epoch 0 | step 2233/2656 | loss 2.3158
train_step epoch 0 | step 2234/2656 | loss 2.5099
train_step epoch 0 | step 2235/2656 | loss 2.4910
train_step epoch 0 | step 2236/2656 | loss 2.3712
train_step epoch 0 | step 2237/2656 | loss 2.1613
train_step epoch 0 | step 2238/2656 | loss 1.9201
train_step epoch 0 | step 2239/2656 | loss 2.2123
train_step epoch 0 | step 2240/2656 | loss 2.3308
train_step epoch 0 | step 2241/2656 | loss 2.3697
train_step epoch 0 | step 2242/2656 | loss 2.4043
train_step epoch 0 | step 2243/2656 | loss 2.4022
train_step epoch 0 | step 2244/2656 | loss 2.2986
train_step epoch 0 | step 2245/2656 | loss 2.3577
train_step epoch 0 | step 2246/2656 | loss 2.1251
train_step epoch 0 | step 2247/2656 | loss 2.2525
train_step epoch 0 | step 2248/2656 | loss 2.3341
train_step epoch 0 | step 2249/2656 | loss 2.5693
train_step epoch 0 | step 2250/2656 | loss 2.5141
train_step epoch 0 | step 2251/2656 | loss 2.2580
train_step epoch 0 | step 2252/2656 | loss 2.6092
train_step epoch 0 | step 2253/2656 | loss 2.4412
train_step epoch 0 | step 2254/2656 | loss 2.4318
train_step epoch 0 | step 2255/2656 | loss 2.6782
train_step epoch 0 | step 2256/2656 | loss 2.0849
train_step epoch 0 | step 2257/2656 | loss 2.2394
train_step epoch 0 | step 2258/2656 | loss 2.5568
train_step epoch 0 | step 2259/2656 | loss 2.3841
train_step epoch 0 | step 2260/2656 | loss 2.5588
train_step epoch 0 | step 2261/2656 | loss 2.3868
train_step epoch 0 | step 2262/2656 | loss 2.4964
train_step epoch 0 | step 2263/2656 | loss 2.3791
train_step epoch 0 | step 2264/2656 | loss 2.3328
train_step epoch 0 | step 2265/2656 | loss 2.4535
train_step epoch 0 | step 2266/2656 | loss 2.4234
train_step epoch 0 | step 2267/2656 | loss 2.1238
train_step epoch 0 | step 2268/2656 | loss 2.1555
train_step epoch 0 | step 2269/2656 | loss 2.4867
train_step epoch 0 | step 2270/2656 | loss 2.4734
train_step epoch 0 | step 2271/2656 | loss 2.5012
train_step epoch 0 | step 2272/2656 | loss 2.4190
train_step epoch 0 | step 2273/2656 | loss 2.2416
train_step epoch 0 | step 2274/2656 | loss 2.2190
train_step epoch 0 | step 2275/2656 | loss 2.4170
train_step epoch 0 | step 2276/2656 | loss 2.3861
train_step epoch 0 | step 2277/2656 | loss 2.6610
train_step epoch 0 | step 2278/2656 | loss 2.1982
train_step epoch 0 | step 2279/2656 | loss 2.3123
train_step epoch 0 | step 2280/2656 | loss 2.3469
train_step epoch 0 | step 2281/2656 | loss 2.2874
train_step epoch 0 | step 2282/2656 | loss 2.5021
train_step epoch 0 | step 2283/2656 | loss 2.3521
train_step epoch 0 | step 2284/2656 | loss 2.3830
train_step epoch 0 | step 2285/2656 | loss 2.2515
train_step epoch 0 | step 2286/2656 | loss 2.1656
train_step epoch 0 | step 2287/2656 | loss 2.1927
train_step epoch 0 | step 2288/2656 | loss 2.1060
train_step epoch 0 | step 2289/2656 | loss 2.4970
train_step epoch 0 | step 2290/2656 | loss 2.1378
train_step epoch 0 | step 2291/2656 | loss 2.3836
train_step epoch 0 | step 2292/2656 | loss 2.6219
train_step epoch 0 | step 2293/2656 | loss 2.1177
train_step epoch 0 | step 2294/2656 | loss 2.4459
train_step epoch 0 | step 2295/2656 | loss 2.1871
train_step epoch 0 | step 2296/2656 | loss 2.3975
train_step epoch 0 | step 2297/2656 | loss 2.2085
train_step epoch 0 | step 2298/2656 | loss 2.2758
train_step epoch 0 | step 2299/2656 | loss 2.2120
train_step epoch 0 | step 2300/2656 | loss 2.3215
train_step epoch 0 | step 2301/2656 | loss 2.2824
train_step epoch 0 | step 2302/2656 | loss 2.3144
train_step epoch 0 | step 2303/2656 | loss 2.1820
train_step epoch 0 | step 2304/2656 | loss 2.3233
train_step epoch 0 | step 2305/2656 | loss 2.3696
train_step epoch 0 | step 2306/2656 | loss 2.4071
train_step epoch 0 | step 2307/2656 | loss 2.1602
train_step epoch 0 | step 2308/2656 | loss 2.5474
train_step epoch 0 | step 2309/2656 | loss 2.3015
train_step epoch 0 | step 2310/2656 | loss 2.3104
train_step epoch 0 | step 2311/2656 | loss 2.4140
train_step epoch 0 | step 2312/2656 | loss 2.2930
train_step epoch 0 | step 2313/2656 | loss 2.3280
train_step epoch 0 | step 2314/2656 | loss 2.5095
train_step epoch 0 | step 2315/2656 | loss 2.3289
train_step epoch 0 | step 2316/2656 | loss 2.4343
train_step epoch 0 | step 2317/2656 | loss 2.4651
train_step epoch 0 | step 2318/2656 | loss 2.1272
train_step epoch 0 | step 2319/2656 | loss 2.3771
train_step epoch 0 | step 2320/2656 | loss 2.4964
train_step epoch 0 | step 2321/2656 | loss 2.1977
train_step epoch 0 | step 2322/2656 | loss 2.1437
train_step epoch 0 | step 2323/2656 | loss 2.0571
train_step epoch 0 | step 2324/2656 | loss 2.1883
train_step epoch 0 | step 2325/2656 | loss 2.6022
train_step epoch 0 | step 2326/2656 | loss 2.4839
train_step epoch 0 | step 2327/2656 | loss 2.1025
train_step epoch 0 | step 2328/2656 | loss 2.4556
train_step epoch 0 | step 2329/2656 | loss 2.5007
train_step epoch 0 | step 2330/2656 | loss 2.4582
train_step epoch 0 | step 2331/2656 | loss 2.5615
train_step epoch 0 | step 2332/2656 | loss 2.4012
train_step epoch 0 | step 2333/2656 | loss 2.2381
train_step epoch 0 | step 2334/2656 | loss 2.5046
train_step epoch 0 | step 2335/2656 | loss 2.0216
train_step epoch 0 | step 2336/2656 | loss 2.7156
train_step epoch 0 | step 2337/2656 | loss 2.3425
train_step epoch 0 | step 2338/2656 | loss 2.8145
train_step epoch 0 | step 2339/2656 | loss 2.2824
train_step epoch 0 | step 2340/2656 | loss 2.3303
train_step epoch 0 | step 2341/2656 | loss 2.5165
train_step epoch 0 | step 2342/2656 | loss 2.1852
train_step epoch 0 | step 2343/2656 | loss 2.2657
train_step epoch 0 | step 2344/2656 | loss 2.4446
train_step epoch 0 | step 2345/2656 | loss 2.2527
train_step epoch 0 | step 2346/2656 | loss 2.3578
train_step epoch 0 | step 2347/2656 | loss 2.0417
train_step epoch 0 | step 2348/2656 | loss 2.4470
train_step epoch 0 | step 2349/2656 | loss 2.5215
train_step epoch 0 | step 2350/2656 | loss 2.4051
train_step epoch 0 | step 2351/2656 | loss 2.6235
train_step epoch 0 | step 2352/2656 | loss 2.4626
train_step epoch 0 | step 2353/2656 | loss 2.0162
train_step epoch 0 | step 2354/2656 | loss 1.9552
train_step epoch 0 | step 2355/2656 | loss 2.6314
train_step epoch 0 | step 2356/2656 | loss 2.5195
train_step epoch 0 | step 2357/2656 | loss 2.3926
train_step epoch 0 | step 2358/2656 | loss 2.0920
train_step epoch 0 | step 2359/2656 | loss 2.3596
train_step epoch 0 | step 2360/2656 | loss 2.4492
train_step epoch 0 | step 2361/2656 | loss 2.4366
train_step epoch 0 | step 2362/2656 | loss 2.3450
train_step epoch 0 | step 2363/2656 | loss 2.4841
train_step epoch 0 | step 2364/2656 | loss 2.3141
train_step epoch 0 | step 2365/2656 | loss 2.1595
train_step epoch 0 | step 2366/2656 | loss 2.3395
train_step epoch 0 | step 2367/2656 | loss 2.4015
train_step epoch 0 | step 2368/2656 | loss 2.2640
train_step epoch 0 | step 2369/2656 | loss 2.5206
train_step epoch 0 | step 2370/2656 | loss 2.4213
train_step epoch 0 | step 2371/2656 | loss 2.4391
train_step epoch 0 | step 2372/2656 | loss 2.1910
train_step epoch 0 | step 2373/2656 | loss 2.5110
train_step epoch 0 | step 2374/2656 | loss 2.4951
train_step epoch 0 | step 2375/2656 | loss 2.3711
train_step epoch 0 | step 2376/2656 | loss 2.3102
train_step epoch 0 | step 2377/2656 | loss 2.7003
train_step epoch 0 | step 2378/2656 | loss 2.2476
train_step epoch 0 | step 2379/2656 | loss 2.1222
train_step epoch 0 | step 2380/2656 | loss 2.3015
train_step epoch 0 | step 2381/2656 | loss 2.2906
train_step epoch 0 | step 2382/2656 | loss 2.2540
train_step epoch 0 | step 2383/2656 | loss 1.9776
train_step epoch 0 | step 2384/2656 | loss 2.4497
train_step epoch 0 | step 2385/2656 | loss 2.3645
train_step epoch 0 | step 2386/2656 | loss 2.1943
train_step epoch 0 | step 2387/2656 | loss 2.0755
train_step epoch 0 | step 2388/2656 | loss 2.4522
train_step epoch 0 | step 2389/2656 | loss 2.3276
train_step epoch 0 | step 2390/2656 | loss 2.3117
train_step epoch 0 | step 2391/2656 | loss 2.3759
train_step epoch 0 | step 2392/2656 | loss 2.4010
train_step epoch 0 | step 2393/2656 | loss 2.2881
train_step epoch 0 | step 2394/2656 | loss 2.3648
train_step epoch 0 | step 2395/2656 | loss 2.4029
train_step epoch 0 | step 2396/2656 | loss 2.2340
train_step epoch 0 | step 2397/2656 | loss 2.2636
train_step epoch 0 | step 2398/2656 | loss 2.2288
train_step epoch 0 | step 2399/2656 | loss 2.4649
train_step epoch 0 | step 2400/2656 | loss 2.2022
train_step epoch 0 | step 2401/2656 | loss 2.4655
train_step epoch 0 | step 2402/2656 | loss 2.0341
train_step epoch 0 | step 2403/2656 | loss 2.1726
train_step epoch 0 | step 2404/2656 | loss 2.0315
train_step epoch 0 | step 2405/2656 | loss 1.9430
train_step epoch 0 | step 2406/2656 | loss 2.4484
train_step epoch 0 | step 2407/2656 | loss 2.3522
train_step epoch 0 | step 2408/2656 | loss 2.4360
train_step epoch 0 | step 2409/2656 | loss 2.1643
train_step epoch 0 | step 2410/2656 | loss 2.2990
train_step epoch 0 | step 2411/2656 | loss 2.3447
train_step epoch 0 | step 2412/2656 | loss 2.5466
train_step epoch 0 | step 2413/2656 | loss 2.4209
train_step epoch 0 | step 2414/2656 | loss 2.3439
train_step epoch 0 | step 2415/2656 | loss 2.2555
train_step epoch 0 | step 2416/2656 | loss 2.2454
train_step epoch 0 | step 2417/2656 | loss 2.5465
train_step epoch 0 | step 2418/2656 | loss 2.0967
train_step epoch 0 | step 2419/2656 | loss 2.3398
train_step epoch 0 | step 2420/2656 | loss 2.3372
train_step epoch 0 | step 2421/2656 | loss 2.2383
train_step epoch 0 | step 2422/2656 | loss 2.0776
train_step epoch 0 | step 2423/2656 | loss 2.3183
train_step epoch 0 | step 2424/2656 | loss 2.2322
train_step epoch 0 | step 2425/2656 | loss 2.2389
train_step epoch 0 | step 2426/2656 | loss 2.4822
train_step epoch 0 | step 2427/2656 | loss 2.4449
train_step epoch 0 | step 2428/2656 | loss 2.3284
train_step epoch 0 | step 2429/2656 | loss 2.4173
train_step epoch 0 | step 2430/2656 | loss 2.2155
train_step epoch 0 | step 2431/2656 | loss 2.0813
train_step epoch 0 | step 2432/2656 | loss 2.4916
train_step epoch 0 | step 2433/2656 | loss 2.3171
train_step epoch 0 | step 2434/2656 | loss 1.9774
train_step epoch 0 | step 2435/2656 | loss 2.3313
train_step epoch 0 | step 2436/2656 | loss 2.4580
train_step epoch 0 | step 2437/2656 | loss 2.5657
train_step epoch 0 | step 2438/2656 | loss 2.1282
train_step epoch 0 | step 2439/2656 | loss 2.1009
train_step epoch 0 | step 2440/2656 | loss 2.6082
train_step epoch 0 | step 2441/2656 | loss 2.4133
train_step epoch 0 | step 2442/2656 | loss 1.9606
train_step epoch 0 | step 2443/2656 | loss 2.3788
train_step epoch 0 | step 2444/2656 | loss 2.3300
train_step epoch 0 | step 2445/2656 | loss 2.3166
train_step epoch 0 | step 2446/2656 | loss 2.2712
train_step epoch 0 | step 2447/2656 | loss 2.4093
train_step epoch 0 | step 2448/2656 | loss 2.3448
train_step epoch 0 | step 2449/2656 | loss 2.1727
train_step epoch 0 | step 2450/2656 | loss 2.3131
train_step epoch 0 | step 2451/2656 | loss 2.3659
train_step epoch 0 | step 2452/2656 | loss 2.4488
train_step epoch 0 | step 2453/2656 | loss 2.5925
train_step epoch 0 | step 2454/2656 | loss 2.7219
train_step epoch 0 | step 2455/2656 | loss 2.6127
train_step epoch 0 | step 2456/2656 | loss 2.3029
train_step epoch 0 | step 2457/2656 | loss 2.3627
train_step epoch 0 | step 2458/2656 | loss 2.2929
train_step epoch 0 | step 2459/2656 | loss 2.2404
train_step epoch 0 | step 2460/2656 | loss 2.2694
train_step epoch 0 | step 2461/2656 | loss 2.1517
train_step epoch 0 | step 2462/2656 | loss 2.4429
train_step epoch 0 | step 2463/2656 | loss 2.2553
train_step epoch 0 | step 2464/2656 | loss 2.0608
train_step epoch 0 | step 2465/2656 | loss 2.3156
train_step epoch 0 | step 2466/2656 | loss 2.3136
train_step epoch 0 | step 2467/2656 | loss 2.5586
train_step epoch 0 | step 2468/2656 | loss 2.1847
train_step epoch 0 | step 2469/2656 | loss 2.1818
train_step epoch 0 | step 2470/2656 | loss 2.2786
train_step epoch 0 | step 2471/2656 | loss 2.7283
train_step epoch 0 | step 2472/2656 | loss 2.3321
train_step epoch 0 | step 2473/2656 | loss 2.5506
train_step epoch 0 | step 2474/2656 | loss 2.4369
train_step epoch 0 | step 2475/2656 | loss 2.5080
train_step epoch 0 | step 2476/2656 | loss 2.5919
train_step epoch 0 | step 2477/2656 | loss 2.1920
train_step epoch 0 | step 2478/2656 | loss 2.2435
train_step epoch 0 | step 2479/2656 | loss 2.3990
train_step epoch 0 | step 2480/2656 | loss 2.5248
train_step epoch 0 | step 2481/2656 | loss 2.3628
train_step epoch 0 | step 2482/2656 | loss 2.1430
train_step epoch 0 | step 2483/2656 | loss 2.2867
train_step epoch 0 | step 2484/2656 | loss 2.2782
train_step epoch 0 | step 2485/2656 | loss 2.4482
train_step epoch 0 | step 2486/2656 | loss 2.4640
train_step epoch 0 | step 2487/2656 | loss 2.2094
train_step epoch 0 | step 2488/2656 | loss 2.2262
train_step epoch 0 | step 2489/2656 | loss 2.4661
train_step epoch 0 | step 2490/2656 | loss 2.0833
train_step epoch 0 | step 2491/2656 | loss 2.1632
train_step epoch 0 | step 2492/2656 | loss 1.9472
train_step epoch 0 | step 2493/2656 | loss 2.3165
train_step epoch 0 | step 2494/2656 | loss 2.1252
train_step epoch 0 | step 2495/2656 | loss 2.2783
train_step epoch 0 | step 2496/2656 | loss 2.3330
train_step epoch 0 | step 2497/2656 | loss 2.4402
train_step epoch 0 | step 2498/2656 | loss 2.1091
train_step epoch 0 | step 2499/2656 | loss 2.4755
train_step epoch 0 | step 2500/2656 | loss 2.4440
epoch 0 | step 2500/2656 | loss 2.3441
train_step epoch 0 | step 2501/2656 | loss 2.2888
train_step epoch 0 | step 2502/2656 | loss 2.4693
train_step epoch 0 | step 2503/2656 | loss 2.0137
train_step epoch 0 | step 2504/2656 | loss 2.6003
train_step epoch 0 | step 2505/2656 | loss 2.3403
train_step epoch 0 | step 2506/2656 | loss 2.4023
train_step epoch 0 | step 2507/2656 | loss 2.3454
train_step epoch 0 | step 2508/2656 | loss 2.1927
train_step epoch 0 | step 2509/2656 | loss 2.2400
train_step epoch 0 | step 2510/2656 | loss 2.2875
train_step epoch 0 | step 2511/2656 | loss 2.4638
train_step epoch 0 | step 2512/2656 | loss 2.3994
train_step epoch 0 | step 2513/2656 | loss 2.0303
train_step epoch 0 | step 2514/2656 | loss 2.3461
train_step epoch 0 | step 2515/2656 | loss 2.6646
train_step epoch 0 | step 2516/2656 | loss 2.3506
train_step epoch 0 | step 2517/2656 | loss 2.2994
train_step epoch 0 | step 2518/2656 | loss 2.4900
train_step epoch 0 | step 2519/2656 | loss 2.4248
train_step epoch 0 | step 2520/2656 | loss 2.2495
train_step epoch 0 | step 2521/2656 | loss 2.2628
train_step epoch 0 | step 2522/2656 | loss 2.2174
train_step epoch 0 | step 2523/2656 | loss 2.5381
train_step epoch 0 | step 2524/2656 | loss 2.3176
train_step epoch 0 | step 2525/2656 | loss 2.2881
train_step epoch 0 | step 2526/2656 | loss 2.3618
train_step epoch 0 | step 2527/2656 | loss 2.0929
train_step epoch 0 | step 2528/2656 | loss 2.4787
train_step epoch 0 | step 2529/2656 | loss 2.3407
train_step epoch 0 | step 2530/2656 | loss 2.2055
train_step epoch 0 | step 2531/2656 | loss 2.3913
train_step epoch 0 | step 2532/2656 | loss 2.3113
train_step epoch 0 | step 2533/2656 | loss 2.4354
train_step epoch 0 | step 2534/2656 | loss 2.2400
train_step epoch 0 | step 2535/2656 | loss 2.4321
train_step epoch 0 | step 2536/2656 | loss 2.4983
train_step epoch 0 | step 2537/2656 | loss 2.2104
train_step epoch 0 | step 2538/2656 | loss 2.4595
train_step epoch 0 | step 2539/2656 | loss 2.6365
train_step epoch 0 | step 2540/2656 | loss 2.6075
train_step epoch 0 | step 2541/2656 | loss 2.2256
train_step epoch 0 | step 2542/2656 | loss 2.4252
train_step epoch 0 | step 2543/2656 | loss 2.3974
train_step epoch 0 | step 2544/2656 | loss 2.4717
train_step epoch 0 | step 2545/2656 | loss 2.3373
train_step epoch 0 | step 2546/2656 | loss 2.2623
train_step epoch 0 | step 2547/2656 | loss 2.1561
train_step epoch 0 | step 2548/2656 | loss 2.4691
train_step epoch 0 | step 2549/2656 | loss 2.2898
train_step epoch 0 | step 2550/2656 | loss 2.2209
train_step epoch 0 | step 2551/2656 | loss 2.4880
train_step epoch 0 | step 2552/2656 | loss 2.3995
train_step epoch 0 | step 2553/2656 | loss 2.3395
train_step epoch 0 | step 2554/2656 | loss 2.4258
train_step epoch 0 | step 2555/2656 | loss 2.4193
train_step epoch 0 | step 2556/2656 | loss 2.4233
train_step epoch 0 | step 2557/2656 | loss 2.1032
train_step epoch 0 | step 2558/2656 | loss 2.5460
train_step epoch 0 | step 2559/2656 | loss 2.3700
train_step epoch 0 | step 2560/2656 | loss 2.1130
train_step epoch 0 | step 2561/2656 | loss 2.0754
train_step epoch 0 | step 2562/2656 | loss 2.4144
train_step epoch 0 | step 2563/2656 | loss 2.1491
train_step epoch 0 | step 2564/2656 | loss 2.3117
train_step epoch 0 | step 2565/2656 | loss 2.3293
train_step epoch 0 | step 2566/2656 | loss 2.2169
train_step epoch 0 | step 2567/2656 | loss 2.3971
train_step epoch 0 | step 2568/2656 | loss 2.4049
train_step epoch 0 | step 2569/2656 | loss 2.5462
train_step epoch 0 | step 2570/2656 | loss 2.2540
train_step epoch 0 | step 2571/2656 | loss 2.4868
train_step epoch 0 | step 2572/2656 | loss 2.0346
train_step epoch 0 | step 2573/2656 | loss 2.4590
train_step epoch 0 | step 2574/2656 | loss 2.1901
train_step epoch 0 | step 2575/2656 | loss 2.3945
train_step epoch 0 | step 2576/2656 | loss 2.4838
train_step epoch 0 | step 2577/2656 | loss 2.2898
train_step epoch 0 | step 2578/2656 | loss 2.1795
train_step epoch 0 | step 2579/2656 | loss 2.3594
train_step epoch 0 | step 2580/2656 | loss 2.2809
train_step epoch 0 | step 2581/2656 | loss 2.4720
train_step epoch 0 | step 2582/2656 | loss 2.2679
train_step epoch 0 | step 2583/2656 | loss 2.6318
train_step epoch 0 | step 2584/2656 | loss 2.1450
train_step epoch 0 | step 2585/2656 | loss 2.2480
train_step epoch 0 | step 2586/2656 | loss 2.3911
train_step epoch 0 | step 2587/2656 | loss 2.2113
train_step epoch 0 | step 2588/2656 | loss 2.5934
train_step epoch 0 | step 2589/2656 | loss 2.2152
train_step epoch 0 | step 2590/2656 | loss 2.1181
train_step epoch 0 | step 2591/2656 | loss 2.3122
train_step epoch 0 | step 2592/2656 | loss 2.4055
train_step epoch 0 | step 2593/2656 | loss 2.0816
train_step epoch 0 | step 2594/2656 | loss 2.3663
train_step epoch 0 | step 2595/2656 | loss 2.4550
train_step epoch 0 | step 2596/2656 | loss 2.2404
train_step epoch 0 | step 2597/2656 | loss 2.3477
train_step epoch 0 | step 2598/2656 | loss 2.3388
train_step epoch 0 | step 2599/2656 | loss 2.2347
train_step epoch 0 | step 2600/2656 | loss 2.3634
train_step epoch 0 | step 2601/2656 | loss 2.2471
train_step epoch 0 | step 2602/2656 | loss 2.6334
train_step epoch 0 | step 2603/2656 | loss 2.1771
train_step epoch 0 | step 2604/2656 | loss 2.2101
train_step epoch 0 | step 2605/2656 | loss 2.2279
train_step epoch 0 | step 2606/2656 | loss 2.4774
train_step epoch 0 | step 2607/2656 | loss 2.2188
train_step epoch 0 | step 2608/2656 | loss 2.5968
train_step epoch 0 | step 2609/2656 | loss 2.6271
train_step epoch 0 | step 2610/2656 | loss 2.4229
train_step epoch 0 | step 2611/2656 | loss 2.3932
train_step epoch 0 | step 2612/2656 | loss 2.3684
train_step epoch 0 | step 2613/2656 | loss 2.4817
train_step epoch 0 | step 2614/2656 | loss 2.2065
train_step epoch 0 | step 2615/2656 | loss 2.3362
train_step epoch 0 | step 2616/2656 | loss 2.2705
train_step epoch 0 | step 2617/2656 | loss 2.3979
train_step epoch 0 | step 2618/2656 | loss 2.4841
train_step epoch 0 | step 2619/2656 | loss 2.4335
train_step epoch 0 | step 2620/2656 | loss 2.4029
train_step epoch 0 | step 2621/2656 | loss 2.5466
train_step epoch 0 | step 2622/2656 | loss 2.3239
train_step epoch 0 | step 2623/2656 | loss 2.4679
train_step epoch 0 | step 2624/2656 | loss 2.4274
train_step epoch 0 | step 2625/2656 | loss 2.1088
train_step epoch 0 | step 2626/2656 | loss 2.7041
train_step epoch 0 | step 2627/2656 | loss 2.3638
train_step epoch 0 | step 2628/2656 | loss 2.4096
train_step epoch 0 | step 2629/2656 | loss 2.4774
train_step epoch 0 | step 2630/2656 | loss 2.2494
train_step epoch 0 | step 2631/2656 | loss 2.2356
train_step epoch 0 | step 2632/2656 | loss 2.4329
train_step epoch 0 | step 2633/2656 | loss 2.1812
train_step epoch 0 | step 2634/2656 | loss 2.3314
train_step epoch 0 | step 2635/2656 | loss 2.4281
train_step epoch 0 | step 2636/2656 | loss 2.1722
train_step epoch 0 | step 2637/2656 | loss 2.1195
train_step epoch 0 | step 2638/2656 | loss 2.1106
train_step epoch 0 | step 2639/2656 | loss 2.1556
train_step epoch 0 | step 2640/2656 | loss 2.3061
train_step epoch 0 | step 2641/2656 | loss 2.3873
train_step epoch 0 | step 2642/2656 | loss 2.3923
train_step epoch 0 | step 2643/2656 | loss 2.4528
train_step epoch 0 | step 2644/2656 | loss 2.5271
train_step epoch 0 | step 2645/2656 | loss 2.5109
train_step epoch 0 | step 2646/2656 | loss 2.2752
train_step epoch 0 | step 2647/2656 | loss 2.4723
train_step epoch 0 | step 2648/2656 | loss 2.5617
train_step epoch 0 | step 2649/2656 | loss 2.3395
train_step epoch 0 | step 2650/2656 | loss 2.3513
train_step epoch 0 | step 2651/2656 | loss 2.5626
train_step epoch 0 | step 2652/2656 | loss 2.0675
train_step epoch 0 | step 2653/2656 | loss 2.2654
train_step epoch 0 | step 2654/2656 | loss 2.4376
train_step epoch 0 | step 2655/2656 | loss 2.4980
train_step epoch 0 | step 2656/2656 | loss 1.7563
epoch 0 | step 2656/2656 | loss 2.3451
epoch 0 | eval_loss 2.2775
SFT model saved to models/sft
