Logging to results/training_logs/raw_runs/train_dpo_raw_20260511_180032.log
{"batch_size": 2, "beta": 0.1, "epochs": 1, "eval_file": "data/processed/training/hh_rlhf/hh_rlhf_test.jsonl", "fp16": true, "grad_accum": 8, "log_dir": "results/training_logs/raw_runs", "log_steps": 500, "lr": 1e-05, "max_length": 512, "max_prompt_length": 256, "max_samples": null, "model_name": "/content/drive/MyDrive/CS5788/models/sft", "output_dir": "models/dpo", "ref_model_name": null, "train_file": "data/processed/training/hh_rlhf/hh_rlhf_train.jsonl"}
Train: 42486 examples | Eval: 2308 examples
train_step epoch 0 | step 1/2656 | loss 0.6745 | reward_margin 0.1072
train_step epoch 0 | step 2/2656 | loss 0.7389 | reward_margin 0.1835
train_step epoch 0 | step 3/2656 | loss 0.6284 | reward_margin 0.2316
train_step epoch 0 | step 4/2656 | loss 0.6619 | reward_margin 0.1874
train_step epoch 0 | step 5/2656 | loss 0.7080 | reward_margin 0.0175
train_step epoch 0 | step 6/2656 | loss 0.5523 | reward_margin 0.3948
train_step epoch 0 | step 7/2656 | loss 0.5967 | reward_margin 0.2565
train_step epoch 0 | step 8/2656 | loss 0.7943 | reward_margin -0.0994
train_step epoch 0 | step 9/2656 | loss 0.5791 | reward_margin 0.4194
train_step epoch 0 | step 10/2656 | loss 0.8302 | reward_margin 0.1005
train_step epoch 0 | step 11/2656 | loss 0.6025 | reward_margin 0.2818
train_step epoch 0 | step 12/2656 | loss 0.7516 | reward_margin -0.0287
train_step epoch 0 | step 13/2656 | loss 0.6023 | reward_margin 0.2566
train_step epoch 0 | step 14/2656 | loss 0.6595 | reward_margin 0.1544
train_step epoch 0 | step 15/2656 | loss 0.6233 | reward_margin 0.3960
train_step epoch 0 | step 16/2656 | loss 0.7332 | reward_margin -0.0156
train_step epoch 0 | step 17/2656 | loss 0.6058 | reward_margin 0.4212
train_step epoch 0 | step 18/2656 | loss 0.7483 | reward_margin -0.0544
train_step epoch 0 | step 19/2656 | loss 0.5462 | reward_margin 0.3897
train_step epoch 0 | step 20/2656 | loss 0.7583 | reward_margin -0.0709
train_step epoch 0 | step 21/2656 | loss 0.7749 | reward_margin -0.0079
train_step epoch 0 | step 22/2656 | loss 0.6096 | reward_margin 0.2869
train_step epoch 0 | step 23/2656 | loss 0.6513 | reward_margin 0.1628
train_step epoch 0 | step 24/2656 | loss 0.7907 | reward_margin -0.0603
train_step epoch 0 | step 25/2656 | loss 0.5315 | reward_margin 0.4602
train_step epoch 0 | step 26/2656 | loss 0.7334 | reward_margin -0.0342
train_step epoch 0 | step 27/2656 | loss 0.6495 | reward_margin 0.1076
train_step epoch 0 | step 28/2656 | loss 0.7447 | reward_margin 0.0153
train_step epoch 0 | step 29/2656 | loss 0.6665 | reward_margin 0.2911
train_step epoch 0 | step 30/2656 | loss 0.7391 | reward_margin -0.0130
train_step epoch 0 | step 31/2656 | loss 0.9080 | reward_margin -0.2838
train_step epoch 0 | step 32/2656 | loss 0.9279 | reward_margin -0.2659
train_step epoch 0 | step 33/2656 | loss 0.7295 | reward_margin 0.0962
train_step epoch 0 | step 34/2656 | loss 0.7307 | reward_margin 0.2438
train_step epoch 0 | step 35/2656 | loss 0.6127 | reward_margin 0.2006
train_step epoch 0 | step 36/2656 | loss 0.5940 | reward_margin 0.2414
train_step epoch 0 | step 37/2656 | loss 0.6357 | reward_margin 0.3163
train_step epoch 0 | step 38/2656 | loss 0.7179 | reward_margin 0.0166
train_step epoch 0 | step 39/2656 | loss 0.6114 | reward_margin 0.3093
train_step epoch 0 | step 40/2656 | loss 0.6396 | reward_margin 0.2008
train_step epoch 0 | step 41/2656 | loss 0.6804 | reward_margin 0.1111
train_step epoch 0 | step 42/2656 | loss 0.6136 | reward_margin 0.3392
train_step epoch 0 | step 43/2656 | loss 0.7135 | reward_margin 0.0713
train_step epoch 0 | step 44/2656 | loss 0.8842 | reward_margin -0.2742
train_step epoch 0 | step 45/2656 | loss 0.7315 | reward_margin -0.0362
train_step epoch 0 | step 46/2656 | loss 0.7131 | reward_margin 0.0878
train_step epoch 0 | step 47/2656 | loss 0.5682 | reward_margin 0.3596
train_step epoch 0 | step 48/2656 | loss 0.5931 | reward_margin 0.3624
train_step epoch 0 | step 49/2656 | loss 0.7431 | reward_margin 0.0081
train_step epoch 0 | step 50/2656 | loss 0.6529 | reward_margin 0.2088
train_step epoch 0 | step 51/2656 | loss 0.7000 | reward_margin 0.0421
train_step epoch 0 | step 52/2656 | loss 0.7759 | reward_margin -0.1001
train_step epoch 0 | step 53/2656 | loss 0.6974 | reward_margin 0.0288
train_step epoch 0 | step 54/2656 | loss 0.7163 | reward_margin 0.1550
train_step epoch 0 | step 55/2656 | loss 0.6568 | reward_margin 0.1228
train_step epoch 0 | step 56/2656 | loss 0.6658 | reward_margin 0.1020
train_step epoch 0 | step 57/2656 | loss 0.6664 | reward_margin 0.2682
train_step epoch 0 | step 58/2656 | loss 0.6736 | reward_margin 0.0950
train_step epoch 0 | step 59/2656 | loss 0.5779 | reward_margin 0.3858
train_step epoch 0 | step 60/2656 | loss 0.7519 | reward_margin -0.0416
train_step epoch 0 | step 61/2656 | loss 0.7153 | reward_margin 0.1933
train_step epoch 0 | step 62/2656 | loss 0.6174 | reward_margin 0.3792
train_step epoch 0 | step 63/2656 | loss 0.8738 | reward_margin -0.1816
train_step epoch 0 | step 64/2656 | loss 0.7624 | reward_margin -0.0170
train_step epoch 0 | step 65/2656 | loss 0.7769 | reward_margin -0.0238
train_step epoch 0 | step 66/2656 | loss 0.8738 | reward_margin -0.2857
train_step epoch 0 | step 67/2656 | loss 0.6151 | reward_margin 0.3111
train_step epoch 0 | step 68/2656 | loss 0.6476 | reward_margin 0.1665
train_step epoch 0 | step 69/2656 | loss 0.6476 | reward_margin 0.1966
train_step epoch 0 | step 70/2656 | loss 0.8782 | reward_margin -0.2245
train_step epoch 0 | step 71/2656 | loss 0.7151 | reward_margin 0.0762
train_step epoch 0 | step 72/2656 | loss 0.7024 | reward_margin 0.0927
train_step epoch 0 | step 73/2656 | loss 0.7541 | reward_margin -0.0675
train_step epoch 0 | step 74/2656 | loss 0.9358 | reward_margin -0.3123
train_step epoch 0 | step 75/2656 | loss 0.7240 | reward_margin 0.3895
train_step epoch 0 | step 76/2656 | loss 0.6794 | reward_margin 0.1093
train_step epoch 0 | step 77/2656 | loss 0.7012 | reward_margin 0.1139
train_step epoch 0 | step 78/2656 | loss 0.6862 | reward_margin 0.1796
train_step epoch 0 | step 79/2656 | loss 0.7844 | reward_margin -0.1195
train_step epoch 0 | step 80/2656 | loss 0.5479 | reward_margin 0.4616
train_step epoch 0 | step 81/2656 | loss 0.9185 | reward_margin -0.3256
train_step epoch 0 | step 82/2656 | loss 0.5952 | reward_margin 0.3306
train_step epoch 0 | step 83/2656 | loss 0.5882 | reward_margin 0.3143
train_step epoch 0 | step 84/2656 | loss 0.7351 | reward_margin 0.1416
train_step epoch 0 | step 85/2656 | loss 0.7519 | reward_margin 0.0387
train_step epoch 0 | step 86/2656 | loss 0.5949 | reward_margin 0.4689
train_step epoch 0 | step 87/2656 | loss 0.7347 | reward_margin 0.0305
train_step epoch 0 | step 88/2656 | loss 0.5990 | reward_margin 0.3518
train_step epoch 0 | step 89/2656 | loss 0.8026 | reward_margin -0.1260
train_step epoch 0 | step 90/2656 | loss 0.5814 | reward_margin 0.7089
train_step epoch 0 | step 91/2656 | loss 0.6141 | reward_margin 0.2671
train_step epoch 0 | step 92/2656 | loss 0.5588 | reward_margin 0.5032
train_step epoch 0 | step 93/2656 | loss 0.6097 | reward_margin 0.3684
train_step epoch 0 | step 94/2656 | loss 0.5971 | reward_margin 0.2900
train_step epoch 0 | step 95/2656 | loss 0.6112 | reward_margin 0.3589
train_step epoch 0 | step 96/2656 | loss 0.7375 | reward_margin 0.1738
train_step epoch 0 | step 97/2656 | loss 0.6439 | reward_margin 0.2576
train_step epoch 0 | step 98/2656 | loss 0.6986 | reward_margin 0.2468
train_step epoch 0 | step 99/2656 | loss 0.7165 | reward_margin 0.1078
train_step epoch 0 | step 100/2656 | loss 0.7637 | reward_margin -0.0290
train_step epoch 0 | step 101/2656 | loss 0.4819 | reward_margin 0.8412
train_step epoch 0 | step 102/2656 | loss 0.8519 | reward_margin -0.2082
train_step epoch 0 | step 103/2656 | loss 0.6255 | reward_margin 0.5039
train_step epoch 0 | step 104/2656 | loss 0.7173 | reward_margin 0.0454
train_step epoch 0 | step 105/2656 | loss 1.0499 | reward_margin -0.4251
train_step epoch 0 | step 106/2656 | loss 0.7464 | reward_margin 0.1021
train_step epoch 0 | step 107/2656 | loss 0.7674 | reward_margin -0.0900
train_step epoch 0 | step 108/2656 | loss 0.6710 | reward_margin 0.1914
train_step epoch 0 | step 109/2656 | loss 0.7545 | reward_margin 0.0212
train_step epoch 0 | step 110/2656 | loss 0.7465 | reward_margin 0.0415
train_step epoch 0 | step 111/2656 | loss 0.7131 | reward_margin 0.2134
train_step epoch 0 | step 112/2656 | loss 0.6975 | reward_margin 0.1140
train_step epoch 0 | step 113/2656 | loss 0.7956 | reward_margin 0.0478
train_step epoch 0 | step 114/2656 | loss 0.6394 | reward_margin 0.4651
train_step epoch 0 | step 115/2656 | loss 0.6133 | reward_margin 0.2435
train_step epoch 0 | step 116/2656 | loss 0.6001 | reward_margin 0.2914
train_step epoch 0 | step 117/2656 | loss 0.6313 | reward_margin 0.3009
train_step epoch 0 | step 118/2656 | loss 0.7370 | reward_margin 0.1733
train_step epoch 0 | step 119/2656 | loss 0.7686 | reward_margin -0.1003
train_step epoch 0 | step 120/2656 | loss 0.6861 | reward_margin 0.1574
train_step epoch 0 | step 121/2656 | loss 0.6632 | reward_margin 0.1721
train_step epoch 0 | step 122/2656 | loss 0.7489 | reward_margin 0.1224
train_step epoch 0 | step 123/2656 | loss 0.6112 | reward_margin 0.2417
train_step epoch 0 | step 124/2656 | loss 0.7194 | reward_margin 0.2298
train_step epoch 0 | step 125/2656 | loss 0.7264 | reward_margin 0.0354
train_step epoch 0 | step 126/2656 | loss 0.5201 | reward_margin 0.5774
train_step epoch 0 | step 127/2656 | loss 0.7452 | reward_margin 0.0588
train_step epoch 0 | step 128/2656 | loss 0.5393 | reward_margin 0.4788
train_step epoch 0 | step 129/2656 | loss 0.6127 | reward_margin 0.3591
train_step epoch 0 | step 130/2656 | loss 0.5620 | reward_margin 0.4234
train_step epoch 0 | step 131/2656 | loss 0.6880 | reward_margin 0.0984
train_step epoch 0 | step 132/2656 | loss 0.5833 | reward_margin 0.4502
train_step epoch 0 | step 133/2656 | loss 0.6383 | reward_margin 0.1769
train_step epoch 0 | step 134/2656 | loss 0.7003 | reward_margin 0.1337
train_step epoch 0 | step 135/2656 | loss 0.5378 | reward_margin 0.4433
train_step epoch 0 | step 136/2656 | loss 0.6244 | reward_margin 0.3624
train_step epoch 0 | step 137/2656 | loss 0.6128 | reward_margin 0.3078
train_step epoch 0 | step 138/2656 | loss 0.6325 | reward_margin 0.3110
train_step epoch 0 | step 139/2656 | loss 0.6910 | reward_margin 0.1518
train_step epoch 0 | step 140/2656 | loss 0.6881 | reward_margin 0.1224
train_step epoch 0 | step 141/2656 | loss 0.7012 | reward_margin 0.1510
train_step epoch 0 | step 142/2656 | loss 0.6535 | reward_margin 0.2436
train_step epoch 0 | step 143/2656 | loss 0.5981 | reward_margin 0.3555
train_step epoch 0 | step 144/2656 | loss 0.4853 | reward_margin 0.5436
train_step epoch 0 | step 145/2656 | loss 1.0280 | reward_margin -0.4033
train_step epoch 0 | step 146/2656 | loss 0.7067 | reward_margin 0.2883
train_step epoch 0 | step 147/2656 | loss 0.7466 | reward_margin -0.0440
train_step epoch 0 | step 148/2656 | loss 0.4955 | reward_margin 0.7458
train_step epoch 0 | step 149/2656 | loss 0.7312 | reward_margin -0.0295
train_step epoch 0 | step 150/2656 | loss 0.6254 | reward_margin 0.2955
train_step epoch 0 | step 151/2656 | loss 0.6610 | reward_margin 0.2394
train_step epoch 0 | step 152/2656 | loss 0.6714 | reward_margin 0.1410
train_step epoch 0 | step 153/2656 | loss 0.6561 | reward_margin 0.4439
train_step epoch 0 | step 154/2656 | loss 0.7797 | reward_margin -0.0912
train_step epoch 0 | step 155/2656 | loss 0.3257 | reward_margin 1.2897
train_step epoch 0 | step 156/2656 | loss 0.5711 | reward_margin 0.3192
train_step epoch 0 | step 157/2656 | loss 0.6402 | reward_margin 0.1801
train_step epoch 0 | step 158/2656 | loss 0.5590 | reward_margin 0.4312
train_step epoch 0 | step 159/2656 | loss 0.6855 | reward_margin 0.1921
train_step epoch 0 | step 160/2656 | loss 0.7734 | reward_margin 0.1214
train_step epoch 0 | step 161/2656 | loss 0.6621 | reward_margin 0.4030
train_step epoch 0 | step 162/2656 | loss 0.6926 | reward_margin 0.1034
train_step epoch 0 | step 163/2656 | loss 0.7843 | reward_margin -0.0436
train_step epoch 0 | step 164/2656 | loss 0.6607 | reward_margin 0.3410
train_step epoch 0 | step 165/2656 | loss 0.6317 | reward_margin 0.3201
train_step epoch 0 | step 166/2656 | loss 0.7204 | reward_margin 0.2201
train_step epoch 0 | step 167/2656 | loss 0.6010 | reward_margin 0.5343
train_step epoch 0 | step 168/2656 | loss 0.8963 | reward_margin 0.0192
train_step epoch 0 | step 169/2656 | loss 0.6173 | reward_margin 0.3467
train_step epoch 0 | step 170/2656 | loss 0.5297 | reward_margin 0.5670
train_step epoch 0 | step 171/2656 | loss 0.6751 | reward_margin 0.4831
train_step epoch 0 | step 172/2656 | loss 0.7517 | reward_margin 0.3489
train_step epoch 0 | step 173/2656 | loss 0.5527 | reward_margin 0.5256
train_step epoch 0 | step 174/2656 | loss 0.7042 | reward_margin 0.0868
train_step epoch 0 | step 175/2656 | loss 0.5765 | reward_margin 0.6227
train_step epoch 0 | step 176/2656 | loss 0.5625 | reward_margin 0.4099
train_step epoch 0 | step 177/2656 | loss 0.7834 | reward_margin 0.0132
train_step epoch 0 | step 178/2656 | loss 0.4296 | reward_margin 0.7710
train_step epoch 0 | step 179/2656 | loss 0.5745 | reward_margin 0.4291
train_step epoch 0 | step 180/2656 | loss 0.9039 | reward_margin -0.1750
train_step epoch 0 | step 181/2656 | loss 0.6034 | reward_margin 0.3270
train_step epoch 0 | step 182/2656 | loss 0.5315 | reward_margin 0.6899
train_step epoch 0 | step 183/2656 | loss 0.6781 | reward_margin 0.3941
train_step epoch 0 | step 184/2656 | loss 0.5261 | reward_margin 0.5681
train_step epoch 0 | step 185/2656 | loss 0.6368 | reward_margin 0.3266
train_step epoch 0 | step 186/2656 | loss 0.6583 | reward_margin 0.2569
train_step epoch 0 | step 187/2656 | loss 0.6632 | reward_margin 0.4119
train_step epoch 0 | step 188/2656 | loss 0.8477 | reward_margin -0.1058
train_step epoch 0 | step 189/2656 | loss 0.6541 | reward_margin 0.1272
train_step epoch 0 | step 190/2656 | loss 0.7144 | reward_margin 0.2158
train_step epoch 0 | step 191/2656 | loss 0.7291 | reward_margin 0.2381
train_step epoch 0 | step 192/2656 | loss 0.6583 | reward_margin 0.1182
train_step epoch 0 | step 193/2656 | loss 0.6202 | reward_margin 0.4165
train_step epoch 0 | step 194/2656 | loss 0.5689 | reward_margin 0.4141
train_step epoch 0 | step 195/2656 | loss 0.6866 | reward_margin 0.3237
train_step epoch 0 | step 196/2656 | loss 0.7805 | reward_margin 0.1457
train_step epoch 0 | step 197/2656 | loss 0.6930 | reward_margin 0.1988
train_step epoch 0 | step 198/2656 | loss 0.5759 | reward_margin 0.5404
train_step epoch 0 | step 199/2656 | loss 0.7950 | reward_margin 0.0385
train_step epoch 0 | step 200/2656 | loss 0.6128 | reward_margin 0.3357
train_step epoch 0 | step 201/2656 | loss 0.4397 | reward_margin 0.9456
train_step epoch 0 | step 202/2656 | loss 0.5601 | reward_margin 0.5145
train_step epoch 0 | step 203/2656 | loss 0.7437 | reward_margin 0.1364
train_step epoch 0 | step 204/2656 | loss 0.7675 | reward_margin 0.0424
train_step epoch 0 | step 205/2656 | loss 0.7663 | reward_margin 0.2614
train_step epoch 0 | step 206/2656 | loss 1.0853 | reward_margin -0.3366
train_step epoch 0 | step 207/2656 | loss 0.6492 | reward_margin 0.2015
train_step epoch 0 | step 208/2656 | loss 0.5990 | reward_margin 0.4242
train_step epoch 0 | step 209/2656 | loss 0.8235 | reward_margin 0.0045
train_step epoch 0 | step 210/2656 | loss 0.4969 | reward_margin 0.5454
train_step epoch 0 | step 211/2656 | loss 0.7676 | reward_margin 0.0886
train_step epoch 0 | step 212/2656 | loss 0.7224 | reward_margin 0.2072
train_step epoch 0 | step 213/2656 | loss 0.6061 | reward_margin 0.5061
train_step epoch 0 | step 214/2656 | loss 0.5728 | reward_margin 0.6939
train_step epoch 0 | step 215/2656 | loss 0.8050 | reward_margin -0.1298
train_step epoch 0 | step 216/2656 | loss 0.8510 | reward_margin -0.1530
train_step epoch 0 | step 217/2656 | loss 0.7114 | reward_margin 0.1843
train_step epoch 0 | step 218/2656 | loss 0.7797 | reward_margin -0.0629
train_step epoch 0 | step 219/2656 | loss 0.7822 | reward_margin 0.1031
train_step epoch 0 | step 220/2656 | loss 0.6132 | reward_margin 0.4075
train_step epoch 0 | step 221/2656 | loss 0.6237 | reward_margin 0.3729
train_step epoch 0 | step 222/2656 | loss 0.5699 | reward_margin 0.3643
train_step epoch 0 | step 223/2656 | loss 0.6487 | reward_margin 0.3180
train_step epoch 0 | step 224/2656 | loss 0.5990 | reward_margin 0.3687
train_step epoch 0 | step 225/2656 | loss 0.5560 | reward_margin 0.4683
train_step epoch 0 | step 226/2656 | loss 0.6020 | reward_margin 0.3768
train_step epoch 0 | step 227/2656 | loss 0.9067 | reward_margin -0.1673
train_step epoch 0 | step 228/2656 | loss 0.6949 | reward_margin 0.1602
train_step epoch 0 | step 229/2656 | loss 0.5218 | reward_margin 0.9006
train_step epoch 0 | step 230/2656 | loss 0.7703 | reward_margin -0.0439
train_step epoch 0 | step 231/2656 | loss 0.6376 | reward_margin 0.2906
train_step epoch 0 | step 232/2656 | loss 0.6871 | reward_margin 0.2964
train_step epoch 0 | step 233/2656 | loss 0.4801 | reward_margin 0.7046
train_step epoch 0 | step 234/2656 | loss 0.7062 | reward_margin 0.1184
train_step epoch 0 | step 235/2656 | loss 0.6061 | reward_margin 0.4456
train_step epoch 0 | step 236/2656 | loss 0.7852 | reward_margin -0.0917
train_step epoch 0 | step 237/2656 | loss 0.6953 | reward_margin 0.4200
train_step epoch 0 | step 238/2656 | loss 0.7716 | reward_margin 0.1363
train_step epoch 0 | step 239/2656 | loss 0.9461 | reward_margin -0.3156
train_step epoch 0 | step 240/2656 | loss 0.5867 | reward_margin 0.5020
train_step epoch 0 | step 241/2656 | loss 0.7590 | reward_margin 0.0142
train_step epoch 0 | step 242/2656 | loss 0.5834 | reward_margin 0.6000
train_step epoch 0 | step 243/2656 | loss 0.4878 | reward_margin 0.6968
train_step epoch 0 | step 244/2656 | loss 0.7749 | reward_margin 0.1883
train_step epoch 0 | step 245/2656 | loss 0.5786 | reward_margin 0.3462
train_step epoch 0 | step 246/2656 | loss 0.7380 | reward_margin 0.0999
train_step epoch 0 | step 247/2656 | loss 0.6149 | reward_margin 0.2960
train_step epoch 0 | step 248/2656 | loss 0.6188 | reward_margin 0.2039
train_step epoch 0 | step 249/2656 | loss 0.6516 | reward_margin 0.4577
train_step epoch 0 | step 250/2656 | loss 0.7697 | reward_margin -0.0818
train_step epoch 0 | step 251/2656 | loss 0.6458 | reward_margin 0.2276
train_step epoch 0 | step 252/2656 | loss 0.5921 | reward_margin 0.3784
train_step epoch 0 | step 253/2656 | loss 0.6883 | reward_margin 0.1226
train_step epoch 0 | step 254/2656 | loss 0.6740 | reward_margin 0.3037
train_step epoch 0 | step 255/2656 | loss 0.9373 | reward_margin -0.2450
train_step epoch 0 | step 256/2656 | loss 0.5598 | reward_margin 0.7179
train_step epoch 0 | step 257/2656 | loss 0.7815 | reward_margin 0.0133
train_step epoch 0 | step 258/2656 | loss 0.8431 | reward_margin 0.1546
train_step epoch 0 | step 259/2656 | loss 0.7795 | reward_margin 0.1340
train_step epoch 0 | step 260/2656 | loss 0.5146 | reward_margin 0.4691
train_step epoch 0 | step 261/2656 | loss 0.6099 | reward_margin 0.3069
train_step epoch 0 | step 262/2656 | loss 0.6469 | reward_margin 0.3232
train_step epoch 0 | step 263/2656 | loss 0.7619 | reward_margin -0.0833
train_step epoch 0 | step 264/2656 | loss 0.7272 | reward_margin 0.0727
train_step epoch 0 | step 265/2656 | loss 0.5656 | reward_margin 0.4611
train_step epoch 0 | step 266/2656 | loss 0.7661 | reward_margin 0.1127
train_step epoch 0 | step 267/2656 | loss 0.6185 | reward_margin 0.4296
train_step epoch 0 | step 268/2656 | loss 0.7674 | reward_margin -0.0415
train_step epoch 0 | step 269/2656 | loss 0.5143 | reward_margin 0.6514
train_step epoch 0 | step 270/2656 | loss 0.5934 | reward_margin 0.6959
train_step epoch 0 | step 271/2656 | loss 0.7142 | reward_margin 0.1242
train_step epoch 0 | step 272/2656 | loss 0.5669 | reward_margin 0.3800
train_step epoch 0 | step 273/2656 | loss 0.4212 | reward_margin 1.1225
train_step epoch 0 | step 274/2656 | loss 0.6817 | reward_margin 0.2355
train_step epoch 0 | step 275/2656 | loss 0.5709 | reward_margin 0.5526
train_step epoch 0 | step 276/2656 | loss 0.7328 | reward_margin 0.2075
train_step epoch 0 | step 277/2656 | loss 0.6881 | reward_margin 0.1491
train_step epoch 0 | step 278/2656 | loss 0.8306 | reward_margin 0.4019
train_step epoch 0 | step 279/2656 | loss 0.7108 | reward_margin 0.2179
train_step epoch 0 | step 280/2656 | loss 0.7308 | reward_margin 0.0500
train_step epoch 0 | step 281/2656 | loss 0.8614 | reward_margin -0.1637
train_step epoch 0 | step 282/2656 | loss 0.5195 | reward_margin 0.7007
train_step epoch 0 | step 283/2656 | loss 0.6102 | reward_margin 0.3555
train_step epoch 0 | step 284/2656 | loss 0.5936 | reward_margin 0.3281
train_step epoch 0 | step 285/2656 | loss 0.7781 | reward_margin -0.0644
train_step epoch 0 | step 286/2656 | loss 0.5920 | reward_margin 0.5234
train_step epoch 0 | step 287/2656 | loss 0.8222 | reward_margin 0.2174
train_step epoch 0 | step 288/2656 | loss 0.7057 | reward_margin 0.3011
train_step epoch 0 | step 289/2656 | loss 0.5326 | reward_margin 0.5248
train_step epoch 0 | step 290/2656 | loss 0.7061 | reward_margin 0.3219
train_step epoch 0 | step 291/2656 | loss 0.5260 | reward_margin 0.6897
train_step epoch 0 | step 292/2656 | loss 0.5688 | reward_margin 0.4295
train_step epoch 0 | step 293/2656 | loss 0.4523 | reward_margin 1.1202
train_step epoch 0 | step 294/2656 | loss 0.4934 | reward_margin 0.7544
train_step epoch 0 | step 295/2656 | loss 0.5981 | reward_margin 0.4524
train_step epoch 0 | step 296/2656 | loss 0.5790 | reward_margin 0.3126
train_step epoch 0 | step 297/2656 | loss 0.7230 | reward_margin 0.7521
train_step epoch 0 | step 298/2656 | loss 0.7344 | reward_margin 0.0503
train_step epoch 0 | step 299/2656 | loss 0.5746 | reward_margin 0.7160
train_step epoch 0 | step 300/2656 | loss 0.5689 | reward_margin 0.4751
train_step epoch 0 | step 301/2656 | loss 0.7344 | reward_margin 0.1628
train_step epoch 0 | step 302/2656 | loss 0.5746 | reward_margin 0.3306
train_step epoch 0 | step 303/2656 | loss 0.5887 | reward_margin 0.4432
train_step epoch 0 | step 304/2656 | loss 0.8851 | reward_margin -0.0066
train_step epoch 0 | step 305/2656 | loss 0.7008 | reward_margin 0.2523
train_step epoch 0 | step 306/2656 | loss 0.8713 | reward_margin -0.0760
train_step epoch 0 | step 307/2656 | loss 0.4977 | reward_margin 0.5743
train_step epoch 0 | step 308/2656 | loss 0.5925 | reward_margin 0.3600
train_step epoch 0 | step 309/2656 | loss 0.5929 | reward_margin 0.6686
train_step epoch 0 | step 310/2656 | loss 0.9489 | reward_margin -0.3290
train_step epoch 0 | step 311/2656 | loss 0.6713 | reward_margin 0.3436
train_step epoch 0 | step 312/2656 | loss 0.7041 | reward_margin 0.4042
train_step epoch 0 | step 313/2656 | loss 0.7531 | reward_margin 0.3012
train_step epoch 0 | step 314/2656 | loss 0.6381 | reward_margin 0.2633
train_step epoch 0 | step 315/2656 | loss 0.8565 | reward_margin -0.1091
train_step epoch 0 | step 316/2656 | loss 0.6938 | reward_margin 0.0900
train_step epoch 0 | step 317/2656 | loss 0.5617 | reward_margin 0.6499
train_step epoch 0 | step 318/2656 | loss 0.4988 | reward_margin 1.1513
train_step epoch 0 | step 319/2656 | loss 0.5857 | reward_margin 0.5916
train_step epoch 0 | step 320/2656 | loss 0.8089 | reward_margin 0.0834
train_step epoch 0 | step 321/2656 | loss 0.7921 | reward_margin -0.0240
train_step epoch 0 | step 322/2656 | loss 0.5768 | reward_margin 0.6055
train_step epoch 0 | step 323/2656 | loss 0.5612 | reward_margin 0.8939
train_step epoch 0 | step 324/2656 | loss 0.4160 | reward_margin 0.8729
train_step epoch 0 | step 325/2656 | loss 0.6382 | reward_margin 0.3640
train_step epoch 0 | step 326/2656 | loss 0.6676 | reward_margin 0.1594
train_step epoch 0 | step 327/2656 | loss 0.6005 | reward_margin 0.2922
train_step epoch 0 | step 328/2656 | loss 0.8622 | reward_margin -0.0599
train_step epoch 0 | step 329/2656 | loss 0.6093 | reward_margin 0.3347
train_step epoch 0 | step 330/2656 | loss 0.6165 | reward_margin 0.3584
train_step epoch 0 | step 331/2656 | loss 0.6141 | reward_margin 0.3035
train_step epoch 0 | step 332/2656 | loss 0.5806 | reward_margin 0.3025
train_step epoch 0 | step 333/2656 | loss 0.5877 | reward_margin 0.3740
train_step epoch 0 | step 334/2656 | loss 0.6112 | reward_margin 0.4472
train_step epoch 0 | step 335/2656 | loss 1.0404 | reward_margin -0.4166
train_step epoch 0 | step 336/2656 | loss 0.6329 | reward_margin 0.4290
train_step epoch 0 | step 337/2656 | loss 1.0974 | reward_margin -0.3640
train_step epoch 0 | step 338/2656 | loss 0.6442 | reward_margin 0.5530
train_step epoch 0 | step 339/2656 | loss 0.6897 | reward_margin 0.2375
train_step epoch 0 | step 340/2656 | loss 0.4925 | reward_margin 0.5758
train_step epoch 0 | step 341/2656 | loss 0.7990 | reward_margin -0.0455
train_step epoch 0 | step 342/2656 | loss 0.6962 | reward_margin 0.5101
train_step epoch 0 | step 343/2656 | loss 0.5397 | reward_margin 0.5848
train_step epoch 0 | step 344/2656 | loss 0.7552 | reward_margin 0.0342
train_step epoch 0 | step 345/2656 | loss 0.9667 | reward_margin -0.1645
train_step epoch 0 | step 346/2656 | loss 0.5943 | reward_margin 0.4146
train_step epoch 0 | step 347/2656 | loss 0.5943 | reward_margin 0.5299
train_step epoch 0 | step 348/2656 | loss 0.5115 | reward_margin 0.6530
train_step epoch 0 | step 349/2656 | loss 0.5241 | reward_margin 0.6303
train_step epoch 0 | step 350/2656 | loss 0.5577 | reward_margin 0.7796
train_step epoch 0 | step 351/2656 | loss 0.5913 | reward_margin 0.3273
train_step epoch 0 | step 352/2656 | loss 0.8893 | reward_margin 0.0783
train_step epoch 0 | step 353/2656 | loss 0.9125 | reward_margin -0.0177
train_step epoch 0 | step 354/2656 | loss 0.5353 | reward_margin 0.6004
train_step epoch 0 | step 355/2656 | loss 0.5762 | reward_margin 0.3764
train_step epoch 0 | step 356/2656 | loss 0.9555 | reward_margin -0.2939
train_step epoch 0 | step 357/2656 | loss 0.8247 | reward_margin -0.0966
train_step epoch 0 | step 358/2656 | loss 0.4685 | reward_margin 0.7882
train_step epoch 0 | step 359/2656 | loss 0.7256 | reward_margin 0.1842
train_step epoch 0 | step 360/2656 | loss 0.8574 | reward_margin -0.1240
train_step epoch 0 | step 361/2656 | loss 0.5633 | reward_margin 0.5047
train_step epoch 0 | step 362/2656 | loss 0.7209 | reward_margin 0.1615
train_step epoch 0 | step 363/2656 | loss 0.6889 | reward_margin 0.2530
train_step epoch 0 | step 364/2656 | loss 0.4929 | reward_margin 0.6840
train_step epoch 0 | step 365/2656 | loss 0.7879 | reward_margin 0.4781
train_step epoch 0 | step 366/2656 | loss 0.6613 | reward_margin 0.1379
train_step epoch 0 | step 367/2656 | loss 0.5857 | reward_margin 0.3870
train_step epoch 0 | step 368/2656 | loss 0.6702 | reward_margin 0.3484
train_step epoch 0 | step 369/2656 | loss 0.5425 | reward_margin 0.5314
train_step epoch 0 | step 370/2656 | loss 1.0091 | reward_margin -0.1794
train_step epoch 0 | step 371/2656 | loss 0.7198 | reward_margin 0.1565
train_step epoch 0 | step 372/2656 | loss 0.7965 | reward_margin 0.1522
train_step epoch 0 | step 373/2656 | loss 0.6876 | reward_margin 0.1579
train_step epoch 0 | step 374/2656 | loss 0.5124 | reward_margin 0.6517
train_step epoch 0 | step 375/2656 | loss 0.7555 | reward_margin 0.0987
train_step epoch 0 | step 376/2656 | loss 0.6009 | reward_margin 0.4628
train_step epoch 0 | step 377/2656 | loss 0.5753 | reward_margin 0.3136
train_step epoch 0 | step 378/2656 | loss 0.8179 | reward_margin -0.0305
train_step epoch 0 | step 379/2656 | loss 0.6202 | reward_margin 0.3294
train_step epoch 0 | step 380/2656 | loss 0.6059 | reward_margin 0.3067
train_step epoch 0 | step 381/2656 | loss 0.6868 | reward_margin 0.4148
train_step epoch 0 | step 382/2656 | loss 0.7160 | reward_margin 0.2061
train_step epoch 0 | step 383/2656 | loss 0.8278 | reward_margin -0.0352
train_step epoch 0 | step 384/2656 | loss 0.7032 | reward_margin 0.2116
train_step epoch 0 | step 385/2656 | loss 0.6980 | reward_margin 0.1618
train_step epoch 0 | step 386/2656 | loss 0.6290 | reward_margin 0.4763
train_step epoch 0 | step 387/2656 | loss 0.6989 | reward_margin 0.1410
train_step epoch 0 | step 388/2656 | loss 0.9260 | reward_margin -0.1550
train_step epoch 0 | step 389/2656 | loss 1.1023 | reward_margin -0.4279
train_step epoch 0 | step 390/2656 | loss 0.9906 | reward_margin -0.1946
train_step epoch 0 | step 391/2656 | loss 0.6117 | reward_margin 0.3934
train_step epoch 0 | step 392/2656 | loss 0.5683 | reward_margin 0.5044
train_step epoch 0 | step 393/2656 | loss 0.5554 | reward_margin 0.4042
train_step epoch 0 | step 394/2656 | loss 0.5463 | reward_margin 0.7537
train_step epoch 0 | step 395/2656 | loss 0.6972 | reward_margin 0.1488
train_step epoch 0 | step 396/2656 | loss 0.5210 | reward_margin 0.4557
train_step epoch 0 | step 397/2656 | loss 0.5512 | reward_margin 0.6361
train_step epoch 0 | step 398/2656 | loss 0.7378 | reward_margin 0.1085
train_step epoch 0 | step 399/2656 | loss 0.6402 | reward_margin 0.6352
train_step epoch 0 | step 400/2656 | loss 0.6289 | reward_margin 0.2814
train_step epoch 0 | step 401/2656 | loss 0.6967 | reward_margin 0.2490
train_step epoch 0 | step 402/2656 | loss 0.6665 | reward_margin 0.3169
train_step epoch 0 | step 403/2656 | loss 0.6426 | reward_margin 0.4265
train_step epoch 0 | step 404/2656 | loss 0.7097 | reward_margin 0.1731
train_step epoch 0 | step 405/2656 | loss 0.6022 | reward_margin 0.4657
train_step epoch 0 | step 406/2656 | loss 0.7388 | reward_margin 0.0694
train_step epoch 0 | step 407/2656 | loss 0.7729 | reward_margin 0.1545
train_step epoch 0 | step 408/2656 | loss 0.7269 | reward_margin 0.1398
train_step epoch 0 | step 409/2656 | loss 0.5621 | reward_margin 0.4994
train_step epoch 0 | step 410/2656 | loss 0.6331 | reward_margin 0.2484
train_step epoch 0 | step 411/2656 | loss 0.6319 | reward_margin 0.4374
train_step epoch 0 | step 412/2656 | loss 0.7048 | reward_margin 0.1585
train_step epoch 0 | step 413/2656 | loss 0.6050 | reward_margin 0.4498
train_step epoch 0 | step 414/2656 | loss 0.6596 | reward_margin 0.4069
train_step epoch 0 | step 415/2656 | loss 0.5147 | reward_margin 0.4669
train_step epoch 0 | step 416/2656 | loss 0.6509 | reward_margin 0.1871
train_step epoch 0 | step 417/2656 | loss 0.5491 | reward_margin 0.4924
train_step epoch 0 | step 418/2656 | loss 0.8261 | reward_margin -0.1276
train_step epoch 0 | step 419/2656 | loss 0.6557 | reward_margin 0.1653
train_step epoch 0 | step 420/2656 | loss 0.5669 | reward_margin 0.4940
train_step epoch 0 | step 421/2656 | loss 0.7061 | reward_margin 0.1980
train_step epoch 0 | step 422/2656 | loss 0.4537 | reward_margin 0.7149
train_step epoch 0 | step 423/2656 | loss 0.5603 | reward_margin 0.4126
train_step epoch 0 | step 424/2656 | loss 0.6808 | reward_margin 0.2093
train_step epoch 0 | step 425/2656 | loss 0.6279 | reward_margin 0.3423
train_step epoch 0 | step 426/2656 | loss 0.5692 | reward_margin 0.5459
train_step epoch 0 | step 427/2656 | loss 0.6937 | reward_margin 0.3135
train_step epoch 0 | step 428/2656 | loss 0.8205 | reward_margin -0.1357
train_step epoch 0 | step 429/2656 | loss 0.5684 | reward_margin 0.3724
train_step epoch 0 | step 430/2656 | loss 0.6466 | reward_margin 0.2952
train_step epoch 0 | step 431/2656 | loss 0.8377 | reward_margin -0.1616
train_step epoch 0 | step 432/2656 | loss 0.9257 | reward_margin -0.1162
train_step epoch 0 | step 433/2656 | loss 0.8381 | reward_margin 0.0005
train_step epoch 0 | step 434/2656 | loss 0.5454 | reward_margin 0.5384
train_step epoch 0 | step 435/2656 | loss 0.7845 | reward_margin 0.3371
train_step epoch 0 | step 436/2656 | loss 0.5624 | reward_margin 0.3222
train_step epoch 0 | step 437/2656 | loss 0.6624 | reward_margin 0.3095
train_step epoch 0 | step 438/2656 | loss 0.6875 | reward_margin 0.3478
train_step epoch 0 | step 439/2656 | loss 0.6666 | reward_margin 0.3999
train_step epoch 0 | step 440/2656 | loss 0.5275 | reward_margin 0.5289
train_step epoch 0 | step 441/2656 | loss 0.7124 | reward_margin 0.1223
train_step epoch 0 | step 442/2656 | loss 0.7597 | reward_margin 0.2615
train_step epoch 0 | step 443/2656 | loss 0.8277 | reward_margin -0.0523
train_step epoch 0 | step 444/2656 | loss 0.5412 | reward_margin 0.5259
train_step epoch 0 | step 445/2656 | loss 0.5856 | reward_margin 0.3524
train_step epoch 0 | step 446/2656 | loss 0.5529 | reward_margin 0.9829
train_step epoch 0 | step 447/2656 | loss 0.6403 | reward_margin 0.2738
train_step epoch 0 | step 448/2656 | loss 0.5393 | reward_margin 0.6492
train_step epoch 0 | step 449/2656 | loss 0.5987 | reward_margin 0.3344
train_step epoch 0 | step 450/2656 | loss 0.5839 | reward_margin 0.3443
train_step epoch 0 | step 451/2656 | loss 0.7044 | reward_margin 0.3113
train_step epoch 0 | step 452/2656 | loss 0.5317 | reward_margin 0.5521
train_step epoch 0 | step 453/2656 | loss 0.9177 | reward_margin -0.1821
train_step epoch 0 | step 454/2656 | loss 0.7539 | reward_margin 0.2390
train_step epoch 0 | step 455/2656 | loss 0.9294 | reward_margin -0.2618
train_step epoch 0 | step 456/2656 | loss 0.6431 | reward_margin 0.2942
train_step epoch 0 | step 457/2656 | loss 0.6570 | reward_margin 0.3740
train_step epoch 0 | step 458/2656 | loss 0.6464 | reward_margin 0.5079
train_step epoch 0 | step 459/2656 | loss 0.5441 | reward_margin 0.5297
train_step epoch 0 | step 460/2656 | loss 0.7430 | reward_margin 0.1543
train_step epoch 0 | step 461/2656 | loss 0.7119 | reward_margin 0.3785
train_step epoch 0 | step 462/2656 | loss 0.5985 | reward_margin 0.7243
train_step epoch 0 | step 463/2656 | loss 0.5519 | reward_margin 0.7869
train_step epoch 0 | step 464/2656 | loss 0.5321 | reward_margin 0.4308
train_step epoch 0 | step 465/2656 | loss 0.5922 | reward_margin 0.6158
train_step epoch 0 | step 466/2656 | loss 0.5818 | reward_margin 0.4430
train_step epoch 0 | step 467/2656 | loss 0.7814 | reward_margin 0.1927
train_step epoch 0 | step 468/2656 | loss 0.7077 | reward_margin 0.1713
train_step epoch 0 | step 469/2656 | loss 0.7979 | reward_margin 0.0915
train_step epoch 0 | step 470/2656 | loss 0.7892 | reward_margin 0.1473
train_step epoch 0 | step 471/2656 | loss 0.6809 | reward_margin 0.3556
train_step epoch 0 | step 472/2656 | loss 0.5892 | reward_margin 0.3853
train_step epoch 0 | step 473/2656 | loss 0.5441 | reward_margin 0.6434
train_step epoch 0 | step 474/2656 | loss 0.6099 | reward_margin 0.3860
train_step epoch 0 | step 475/2656 | loss 0.7233 | reward_margin 0.0786
train_step epoch 0 | step 476/2656 | loss 0.7627 | reward_margin 0.2035
train_step epoch 0 | step 477/2656 | loss 0.7468 | reward_margin 0.2161
train_step epoch 0 | step 478/2656 | loss 0.5243 | reward_margin 0.6850
train_step epoch 0 | step 479/2656 | loss 0.5963 | reward_margin 0.3527
train_step epoch 0 | step 480/2656 | loss 0.6372 | reward_margin 0.2983
train_step epoch 0 | step 481/2656 | loss 0.7838 | reward_margin 0.0941
train_step epoch 0 | step 482/2656 | loss 0.5069 | reward_margin 0.6241
train_step epoch 0 | step 483/2656 | loss 0.7687 | reward_margin 0.0769
train_step epoch 0 | step 484/2656 | loss 0.8416 | reward_margin -0.0656
train_step epoch 0 | step 485/2656 | loss 0.5668 | reward_margin 0.6065
train_step epoch 0 | step 486/2656 | loss 0.9320 | reward_margin -0.1111
train_step epoch 0 | step 487/2656 | loss 0.7677 | reward_margin 0.2974
train_step epoch 0 | step 488/2656 | loss 0.6498 | reward_margin 0.3270
train_step epoch 0 | step 489/2656 | loss 0.5897 | reward_margin 0.3859
train_step epoch 0 | step 490/2656 | loss 0.7353 | reward_margin 0.0494
train_step epoch 0 | step 491/2656 | loss 0.6655 | reward_margin 0.3057
train_step epoch 0 | step 492/2656 | loss 0.7957 | reward_margin 0.0014
train_step epoch 0 | step 493/2656 | loss 0.7312 | reward_margin 0.0849
train_step epoch 0 | step 494/2656 | loss 1.0310 | reward_margin -0.3988
train_step epoch 0 | step 495/2656 | loss 0.5204 | reward_margin 0.5268
train_step epoch 0 | step 496/2656 | loss 0.5230 | reward_margin 0.5210
train_step epoch 0 | step 497/2656 | loss 0.6893 | reward_margin 0.2393
train_step epoch 0 | step 498/2656 | loss 0.5858 | reward_margin 0.5323
train_step epoch 0 | step 499/2656 | loss 0.6783 | reward_margin 0.0954
train_step epoch 0 | step 500/2656 | loss 0.7321 | reward_margin 0.0877
epoch 0 | step 500/2656 | loss 0.6768 | reward_margin 0.2588
train_step epoch 0 | step 501/2656 | loss 0.7809 | reward_margin -0.0301
train_step epoch 0 | step 502/2656 | loss 0.7315 | reward_margin 0.2098
train_step epoch 0 | step 503/2656 | loss 0.6492 | reward_margin 0.3050
train_step epoch 0 | step 504/2656 | loss 0.6624 | reward_margin 0.2281
train_step epoch 0 | step 505/2656 | loss 0.5462 | reward_margin 1.2480
train_step epoch 0 | step 506/2656 | loss 0.6913 | reward_margin 0.0731
train_step epoch 0 | step 507/2656 | loss 0.6680 | reward_margin 0.5219
train_step epoch 0 | step 508/2656 | loss 0.5706 | reward_margin 0.8480
train_step epoch 0 | step 509/2656 | loss 0.6380 | reward_margin 0.2419
train_step epoch 0 | step 510/2656 | loss 0.8012 | reward_margin -0.0138
train_step epoch 0 | step 511/2656 | loss 0.5374 | reward_margin 0.5457
train_step epoch 0 | step 512/2656 | loss 0.7478 | reward_margin 0.2427
train_step epoch 0 | step 513/2656 | loss 0.6249 | reward_margin 0.5762
train_step epoch 0 | step 514/2656 | loss 0.8824 | reward_margin -0.1152
train_step epoch 0 | step 515/2656 | loss 0.6635 | reward_margin 0.3168
train_step epoch 0 | step 516/2656 | loss 0.5197 | reward_margin 0.6772
train_step epoch 0 | step 517/2656 | loss 0.8302 | reward_margin 0.0701
train_step epoch 0 | step 518/2656 | loss 0.6274 | reward_margin 0.4668
train_step epoch 0 | step 519/2656 | loss 0.6058 | reward_margin 0.3625
train_step epoch 0 | step 520/2656 | loss 0.6777 | reward_margin 0.1189
train_step epoch 0 | step 521/2656 | loss 0.5569 | reward_margin 0.5132
train_step epoch 0 | step 522/2656 | loss 0.6343 | reward_margin 0.2856
train_step epoch 0 | step 523/2656 | loss 0.7366 | reward_margin 0.2875
train_step epoch 0 | step 524/2656 | loss 0.5232 | reward_margin 0.9059
train_step epoch 0 | step 525/2656 | loss 0.8325 | reward_margin -0.0005
train_step epoch 0 | step 526/2656 | loss 0.5180 | reward_margin 0.8810
train_step epoch 0 | step 527/2656 | loss 0.5128 | reward_margin 0.5322
train_step epoch 0 | step 528/2656 | loss 0.5378 | reward_margin 0.6854
train_step epoch 0 | step 529/2656 | loss 0.8145 | reward_margin 0.1379
train_step epoch 0 | step 530/2656 | loss 0.7238 | reward_margin 0.0496
train_step epoch 0 | step 531/2656 | loss 0.6580 | reward_margin 0.1570
train_step epoch 0 | step 532/2656 | loss 0.8053 | reward_margin -0.1514
train_step epoch 0 | step 533/2656 | loss 0.6865 | reward_margin 0.2921
train_step epoch 0 | step 534/2656 | loss 0.6421 | reward_margin 0.4137
train_step epoch 0 | step 535/2656 | loss 0.7298 | reward_margin 0.2349
train_step epoch 0 | step 536/2656 | loss 0.5802 | reward_margin 0.3146
train_step epoch 0 | step 537/2656 | loss 0.7641 | reward_margin 0.0852
train_step epoch 0 | step 538/2656 | loss 0.5552 | reward_margin 0.5157
train_step epoch 0 | step 539/2656 | loss 0.6177 | reward_margin 0.2295
train_step epoch 0 | step 540/2656 | loss 0.6105 | reward_margin 0.6071
train_step epoch 0 | step 541/2656 | loss 0.7685 | reward_margin 0.0457
train_step epoch 0 | step 542/2656 | loss 0.5303 | reward_margin 0.6493
train_step epoch 0 | step 543/2656 | loss 0.6171 | reward_margin 0.2689
train_step epoch 0 | step 544/2656 | loss 0.8744 | reward_margin 0.0455
train_step epoch 0 | step 545/2656 | loss 0.5353 | reward_margin 0.5506
train_step epoch 0 | step 546/2656 | loss 0.6521 | reward_margin 0.3292
train_step epoch 0 | step 547/2656 | loss 0.8267 | reward_margin 0.2426
train_step epoch 0 | step 548/2656 | loss 0.5441 | reward_margin 0.6462
train_step epoch 0 | step 549/2656 | loss 0.6363 | reward_margin 0.3539
train_step epoch 0 | step 550/2656 | loss 0.6308 | reward_margin 0.2501
train_step epoch 0 | step 551/2656 | loss 0.6731 | reward_margin 0.4760
train_step epoch 0 | step 552/2656 | loss 0.5885 | reward_margin 0.4225
train_step epoch 0 | step 553/2656 | loss 0.6338 | reward_margin 0.4266
train_step epoch 0 | step 554/2656 | loss 0.5386 | reward_margin 0.6036
train_step epoch 0 | step 555/2656 | loss 0.6904 | reward_margin 0.2854
train_step epoch 0 | step 556/2656 | loss 0.7540 | reward_margin 0.1285
train_step epoch 0 | step 557/2656 | loss 0.6967 | reward_margin 0.3388
train_step epoch 0 | step 558/2656 | loss 0.5254 | reward_margin 0.5574
train_step epoch 0 | step 559/2656 | loss 0.5807 | reward_margin 0.6382
train_step epoch 0 | step 560/2656 | loss 0.5870 | reward_margin 0.4416
train_step epoch 0 | step 561/2656 | loss 0.6308 | reward_margin 0.5711
train_step epoch 0 | step 562/2656 | loss 0.6184 | reward_margin 0.2959
train_step epoch 0 | step 563/2656 | loss 0.6853 | reward_margin 0.1482
train_step epoch 0 | step 564/2656 | loss 0.7115 | reward_margin 0.0922
train_step epoch 0 | step 565/2656 | loss 0.8673 | reward_margin 0.0405
train_step epoch 0 | step 566/2656 | loss 0.8335 | reward_margin 0.2275
train_step epoch 0 | step 567/2656 | loss 0.6408 | reward_margin 0.4032
train_step epoch 0 | step 568/2656 | loss 0.5726 | reward_margin 0.5292
train_step epoch 0 | step 569/2656 | loss 0.5284 | reward_margin 0.5691
train_step epoch 0 | step 570/2656 | loss 0.7193 | reward_margin 0.1744
train_step epoch 0 | step 571/2656 | loss 0.7566 | reward_margin 0.0697
train_step epoch 0 | step 572/2656 | loss 0.6440 | reward_margin 0.2666
train_step epoch 0 | step 573/2656 | loss 0.7407 | reward_margin -0.0232
train_step epoch 0 | step 574/2656 | loss 0.6494 | reward_margin 0.4188
train_step epoch 0 | step 575/2656 | loss 0.6252 | reward_margin 0.3242
train_step epoch 0 | step 576/2656 | loss 0.6490 | reward_margin 0.3838
train_step epoch 0 | step 577/2656 | loss 0.7329 | reward_margin 0.1249
train_step epoch 0 | step 578/2656 | loss 0.8087 | reward_margin -0.0435
train_step epoch 0 | step 579/2656 | loss 0.8330 | reward_margin -0.1290
train_step epoch 0 | step 580/2656 | loss 0.5473 | reward_margin 0.5569
train_step epoch 0 | step 581/2656 | loss 0.4316 | reward_margin 0.9065
train_step epoch 0 | step 582/2656 | loss 0.9226 | reward_margin 0.0144
train_step epoch 0 | step 583/2656 | loss 0.5457 | reward_margin 0.9452
train_step epoch 0 | step 584/2656 | loss 0.9245 | reward_margin -0.0004
train_step epoch 0 | step 585/2656 | loss 0.6139 | reward_margin 0.6494
train_step epoch 0 | step 586/2656 | loss 0.8301 | reward_margin 0.0436
train_step epoch 0 | step 587/2656 | loss 0.6824 | reward_margin 0.0841
train_step epoch 0 | step 588/2656 | loss 0.6822 | reward_margin 0.3484
train_step epoch 0 | step 589/2656 | loss 0.6937 | reward_margin 0.1733
train_step epoch 0 | step 590/2656 | loss 0.7397 | reward_margin 0.0265
train_step epoch 0 | step 591/2656 | loss 0.5219 | reward_margin 0.5098
train_step epoch 0 | step 592/2656 | loss 0.6912 | reward_margin 0.2981
train_step epoch 0 | step 593/2656 | loss 0.5001 | reward_margin 0.6097
train_step epoch 0 | step 594/2656 | loss 0.6209 | reward_margin 0.3127
train_step epoch 0 | step 595/2656 | loss 0.6224 | reward_margin 0.5062
train_step epoch 0 | step 596/2656 | loss 0.6258 | reward_margin 0.2974
train_step epoch 0 | step 597/2656 | loss 0.9107 | reward_margin -0.1350
train_step epoch 0 | step 598/2656 | loss 0.4791 | reward_margin 0.7668
train_step epoch 0 | step 599/2656 | loss 0.6453 | reward_margin 0.5397
train_step epoch 0 | step 600/2656 | loss 0.7286 | reward_margin 0.0821
train_step epoch 0 | step 601/2656 | loss 0.5781 | reward_margin 0.4264
train_step epoch 0 | step 602/2656 | loss 0.5258 | reward_margin 0.6134
train_step epoch 0 | step 603/2656 | loss 0.6484 | reward_margin 0.3419
train_step epoch 0 | step 604/2656 | loss 0.5304 | reward_margin 0.5820
train_step epoch 0 | step 605/2656 | loss 0.7458 | reward_margin 0.1487
train_step epoch 0 | step 606/2656 | loss 0.5422 | reward_margin 0.8534
train_step epoch 0 | step 607/2656 | loss 0.6199 | reward_margin 0.5221
train_step epoch 0 | step 608/2656 | loss 0.7346 | reward_margin 0.0389
train_step epoch 0 | step 609/2656 | loss 0.8046 | reward_margin -0.0526
train_step epoch 0 | step 610/2656 | loss 0.5779 | reward_margin 0.6751
train_step epoch 0 | step 611/2656 | loss 0.6661 | reward_margin 0.4319
train_step epoch 0 | step 612/2656 | loss 0.7018 | reward_margin 0.4450
train_step epoch 0 | step 613/2656 | loss 0.5792 | reward_margin 0.4411
train_step epoch 0 | step 614/2656 | loss 0.5994 | reward_margin 0.3416
train_step epoch 0 | step 615/2656 | loss 0.3734 | reward_margin 1.0581
train_step epoch 0 | step 616/2656 | loss 0.6303 | reward_margin 0.2464
train_step epoch 0 | step 617/2656 | loss 0.4693 | reward_margin 1.0258
train_step epoch 0 | step 618/2656 | loss 0.6339 | reward_margin 0.3277
train_step epoch 0 | step 619/2656 | loss 0.6396 | reward_margin 0.3380
train_step epoch 0 | step 620/2656 | loss 0.8449 | reward_margin 0.0612
train_step epoch 0 | step 621/2656 | loss 0.9613 | reward_margin -0.1169
train_step epoch 0 | step 622/2656 | loss 0.8266 | reward_margin -0.0104
train_step epoch 0 | step 623/2656 | loss 0.5097 | reward_margin 0.4946
train_step epoch 0 | step 624/2656 | loss 0.6912 | reward_margin 0.2202
train_step epoch 0 | step 625/2656 | loss 0.6991 | reward_margin 0.2855
train_step epoch 0 | step 626/2656 | loss 0.6782 | reward_margin 0.2298
train_step epoch 0 | step 627/2656 | loss 0.6841 | reward_margin 0.6401
train_step epoch 0 | step 628/2656 | loss 0.6375 | reward_margin 0.4106
train_step epoch 0 | step 629/2656 | loss 0.9889 | reward_margin -0.1767
train_step epoch 0 | step 630/2656 | loss 0.5763 | reward_margin 0.6290
train_step epoch 0 | step 631/2656 | loss 0.9507 | reward_margin -0.2824
train_step epoch 0 | step 632/2656 | loss 0.6460 | reward_margin 0.3289
train_step epoch 0 | step 633/2656 | loss 0.4832 | reward_margin 0.5986
train_step epoch 0 | step 634/2656 | loss 0.4750 | reward_margin 0.7427
train_step epoch 0 | step 635/2656 | loss 0.7010 | reward_margin 0.1748
train_step epoch 0 | step 636/2656 | loss 0.9096 | reward_margin -0.0382
train_step epoch 0 | step 637/2656 | loss 0.5699 | reward_margin 0.3818
train_step epoch 0 | step 638/2656 | loss 0.6816 | reward_margin 0.1972
train_step epoch 0 | step 639/2656 | loss 0.6785 | reward_margin 0.4537
train_step epoch 0 | step 640/2656 | loss 0.7227 | reward_margin 0.0774
train_step epoch 0 | step 641/2656 | loss 0.6365 | reward_margin 0.3855
train_step epoch 0 | step 642/2656 | loss 0.6034 | reward_margin 0.4205
train_step epoch 0 | step 643/2656 | loss 0.6968 | reward_margin 1.0159
train_step epoch 0 | step 644/2656 | loss 0.7085 | reward_margin 0.4188
train_step epoch 0 | step 645/2656 | loss 0.7557 | reward_margin 0.1453
train_step epoch 0 | step 646/2656 | loss 0.5860 | reward_margin 0.6337
train_step epoch 0 | step 647/2656 | loss 0.5524 | reward_margin 0.5879
train_step epoch 0 | step 648/2656 | loss 0.7610 | reward_margin 0.6464
train_step epoch 0 | step 649/2656 | loss 0.6291 | reward_margin 0.2721
train_step epoch 0 | step 650/2656 | loss 0.9865 | reward_margin -0.2264
train_step epoch 0 | step 651/2656 | loss 0.7581 | reward_margin 0.0882
train_step epoch 0 | step 652/2656 | loss 0.5697 | reward_margin 0.9207
train_step epoch 0 | step 653/2656 | loss 0.5028 | reward_margin 0.5950
train_step epoch 0 | step 654/2656 | loss 0.7424 | reward_margin 0.1325
train_step epoch 0 | step 655/2656 | loss 0.5470 | reward_margin 1.1155
train_step epoch 0 | step 656/2656 | loss 0.5116 | reward_margin 0.6972
train_step epoch 0 | step 657/2656 | loss 0.4543 | reward_margin 0.8410
train_step epoch 0 | step 658/2656 | loss 0.4395 | reward_margin 1.0029
train_step epoch 0 | step 659/2656 | loss 0.8767 | reward_margin 0.3608
train_step epoch 0 | step 660/2656 | loss 0.5142 | reward_margin 0.6371
train_step epoch 0 | step 661/2656 | loss 0.5364 | reward_margin 0.5263
train_step epoch 0 | step 662/2656 | loss 0.9181 | reward_margin -0.1906
train_step epoch 0 | step 663/2656 | loss 0.8397 | reward_margin 0.1993
train_step epoch 0 | step 664/2656 | loss 0.5308 | reward_margin 0.6072
train_step epoch 0 | step 665/2656 | loss 0.6080 | reward_margin 0.5746
train_step epoch 0 | step 666/2656 | loss 0.6481 | reward_margin 0.3604
train_step epoch 0 | step 667/2656 | loss 0.5428 | reward_margin 0.4938
train_step epoch 0 | step 668/2656 | loss 0.6129 | reward_margin 0.7216
train_step epoch 0 | step 669/2656 | loss 0.8308 | reward_margin 0.3462
train_step epoch 0 | step 670/2656 | loss 0.7486 | reward_margin 0.4417
train_step epoch 0 | step 671/2656 | loss 0.6082 | reward_margin 0.8835
train_step epoch 0 | step 672/2656 | loss 0.8352 | reward_margin 0.1219
train_step epoch 0 | step 673/2656 | loss 0.4650 | reward_margin 0.7679
train_step epoch 0 | step 674/2656 | loss 0.4635 | reward_margin 0.7582
train_step epoch 0 | step 675/2656 | loss 0.6226 | reward_margin 0.5520
train_step epoch 0 | step 676/2656 | loss 0.5276 | reward_margin 0.5848
train_step epoch 0 | step 677/2656 | loss 0.5046 | reward_margin 0.6508
train_step epoch 0 | step 678/2656 | loss 0.5535 | reward_margin 0.6495
train_step epoch 0 | step 679/2656 | loss 0.5514 | reward_margin 0.7844
train_step epoch 0 | step 680/2656 | loss 0.6147 | reward_margin 0.4416
train_step epoch 0 | step 681/2656 | loss 0.6028 | reward_margin 0.5729
train_step epoch 0 | step 682/2656 | loss 0.6174 | reward_margin 0.6348
train_step epoch 0 | step 683/2656 | loss 0.5674 | reward_margin 0.8529
train_step epoch 0 | step 684/2656 | loss 0.5724 | reward_margin 0.8802
train_step epoch 0 | step 685/2656 | loss 0.5997 | reward_margin 0.3304
train_step epoch 0 | step 686/2656 | loss 0.4194 | reward_margin 0.8596
train_step epoch 0 | step 687/2656 | loss 0.5842 | reward_margin 0.5211
train_step epoch 0 | step 688/2656 | loss 0.6582 | reward_margin 0.3404
train_step epoch 0 | step 689/2656 | loss 0.8053 | reward_margin 0.5150
train_step epoch 0 | step 690/2656 | loss 0.7611 | reward_margin 0.1564
train_step epoch 0 | step 691/2656 | loss 0.6068 | reward_margin 0.7011
train_step epoch 0 | step 692/2656 | loss 0.7929 | reward_margin -0.0437
train_step epoch 0 | step 693/2656 | loss 0.7117 | reward_margin 0.1785
train_step epoch 0 | step 694/2656 | loss 0.5514 | reward_margin 0.9204
train_step epoch 0 | step 695/2656 | loss 0.6645 | reward_margin 0.3298
train_step epoch 0 | step 696/2656 | loss 0.7171 | reward_margin 0.2854
train_step epoch 0 | step 697/2656 | loss 0.8048 | reward_margin 0.1521
train_step epoch 0 | step 698/2656 | loss 0.4725 | reward_margin 1.0234
train_step epoch 0 | step 699/2656 | loss 0.6804 | reward_margin 0.2959
train_step epoch 0 | step 700/2656 | loss 0.7130 | reward_margin 0.2736
train_step epoch 0 | step 701/2656 | loss 0.6329 | reward_margin 0.3918
train_step epoch 0 | step 702/2656 | loss 0.9161 | reward_margin 0.1526
train_step epoch 0 | step 703/2656 | loss 0.5477 | reward_margin 1.0074
train_step epoch 0 | step 704/2656 | loss 0.6361 | reward_margin 0.6637
train_step epoch 0 | step 705/2656 | loss 0.6196 | reward_margin 0.4419
train_step epoch 0 | step 706/2656 | loss 0.5752 | reward_margin 0.4881
train_step epoch 0 | step 707/2656 | loss 0.3925 | reward_margin 0.9715
train_step epoch 0 | step 708/2656 | loss 0.6176 | reward_margin 0.7076
train_step epoch 0 | step 709/2656 | loss 0.6568 | reward_margin 0.2241
train_step epoch 0 | step 710/2656 | loss 0.8048 | reward_margin 0.3443
train_step epoch 0 | step 711/2656 | loss 0.5610 | reward_margin 0.5564
train_step epoch 0 | step 712/2656 | loss 0.5754 | reward_margin 0.5816
train_step epoch 0 | step 713/2656 | loss 0.8675 | reward_margin 0.3530
train_step epoch 0 | step 714/2656 | loss 0.7441 | reward_margin 0.3188
train_step epoch 0 | step 715/2656 | loss 0.7173 | reward_margin 0.4548
train_step epoch 0 | step 716/2656 | loss 0.3623 | reward_margin 1.2759
train_step epoch 0 | step 717/2656 | loss 0.5631 | reward_margin 0.9129
train_step epoch 0 | step 718/2656 | loss 0.5483 | reward_margin 0.7217
train_step epoch 0 | step 719/2656 | loss 0.6258 | reward_margin 0.5004
train_step epoch 0 | step 720/2656 | loss 0.7524 | reward_margin 0.1290
train_step epoch 0 | step 721/2656 | loss 0.6714 | reward_margin 0.3724
train_step epoch 0 | step 722/2656 | loss 0.5998 | reward_margin 0.4877
train_step epoch 0 | step 723/2656 | loss 0.5604 | reward_margin 0.9794
train_step epoch 0 | step 724/2656 | loss 0.6166 | reward_margin 0.3889
train_step epoch 0 | step 725/2656 | loss 0.5595 | reward_margin 0.6202
train_step epoch 0 | step 726/2656 | loss 0.5989 | reward_margin 0.5085
train_step epoch 0 | step 727/2656 | loss 0.6841 | reward_margin 0.3605
train_step epoch 0 | step 728/2656 | loss 0.6233 | reward_margin 0.4977
train_step epoch 0 | step 729/2656 | loss 0.8029 | reward_margin 0.1004
train_step epoch 0 | step 730/2656 | loss 0.6305 | reward_margin 0.5035
train_step epoch 0 | step 731/2656 | loss 0.5300 | reward_margin 0.6244
train_step epoch 0 | step 732/2656 | loss 0.7943 | reward_margin -0.0438
train_step epoch 0 | step 733/2656 | loss 0.7621 | reward_margin 0.1381
train_step epoch 0 | step 734/2656 | loss 0.4795 | reward_margin 1.0195
train_step epoch 0 | step 735/2656 | loss 0.9046 | reward_margin -0.2010
train_step epoch 0 | step 736/2656 | loss 0.9024 | reward_margin 0.2470
train_step epoch 0 | step 737/2656 | loss 0.7030 | reward_margin 0.3032
train_step epoch 0 | step 738/2656 | loss 0.7051 | reward_margin 0.1639
train_step epoch 0 | step 739/2656 | loss 0.6881 | reward_margin 0.2348
train_step epoch 0 | step 740/2656 | loss 0.7015 | reward_margin 0.0812
train_step epoch 0 | step 741/2656 | loss 0.5828 | reward_margin 0.4687
train_step epoch 0 | step 742/2656 | loss 0.4622 | reward_margin 0.9309
train_step epoch 0 | step 743/2656 | loss 0.7002 | reward_margin 0.1392
train_step epoch 0 | step 744/2656 | loss 0.4632 | reward_margin 0.7940
train_step epoch 0 | step 745/2656 | loss 0.6933 | reward_margin 0.2285
train_step epoch 0 | step 746/2656 | loss 0.6873 | reward_margin 0.2385
train_step epoch 0 | step 747/2656 | loss 0.4874 | reward_margin 0.7556
train_step epoch 0 | step 748/2656 | loss 0.7557 | reward_margin 0.2890
train_step epoch 0 | step 749/2656 | loss 0.5774 | reward_margin 0.9434
train_step epoch 0 | step 750/2656 | loss 0.8150 | reward_margin -0.0285
train_step epoch 0 | step 751/2656 | loss 0.3649 | reward_margin 1.7245
train_step epoch 0 | step 752/2656 | loss 0.8362 | reward_margin 0.0708
train_step epoch 0 | step 753/2656 | loss 0.6099 | reward_margin 0.4559
train_step epoch 0 | step 754/2656 | loss 0.5179 | reward_margin 0.7463
train_step epoch 0 | step 755/2656 | loss 0.8680 | reward_margin 0.0560
train_step epoch 0 | step 756/2656 | loss 0.4831 | reward_margin 0.5977
train_step epoch 0 | step 757/2656 | loss 0.7519 | reward_margin 0.3952
train_step epoch 0 | step 758/2656 | loss 1.0146 | reward_margin -0.2134
train_step epoch 0 | step 759/2656 | loss 0.7172 | reward_margin 0.2157
train_step epoch 0 | step 760/2656 | loss 0.7274 | reward_margin 0.3030
train_step epoch 0 | step 761/2656 | loss 0.5900 | reward_margin 0.6898
train_step epoch 0 | step 762/2656 | loss 0.5620 | reward_margin 0.4921
train_step epoch 0 | step 763/2656 | loss 0.8149 | reward_margin 0.3031
train_step epoch 0 | step 764/2656 | loss 0.8416 | reward_margin 0.1092
train_step epoch 0 | step 765/2656 | loss 0.7856 | reward_margin 0.1024
train_step epoch 0 | step 766/2656 | loss 0.5817 | reward_margin 0.5260
train_step epoch 0 | step 767/2656 | loss 0.6076 | reward_margin 0.5146
train_step epoch 0 | step 768/2656 | loss 0.5018 | reward_margin 1.0188
train_step epoch 0 | step 769/2656 | loss 0.8396 | reward_margin 0.1092
train_step epoch 0 | step 770/2656 | loss 0.5894 | reward_margin 0.4950
train_step epoch 0 | step 771/2656 | loss 0.5453 | reward_margin 0.6501
train_step epoch 0 | step 772/2656 | loss 0.5547 | reward_margin 0.8549
train_step epoch 0 | step 773/2656 | loss 0.6448 | reward_margin 0.3689
train_step epoch 0 | step 774/2656 | loss 0.8997 | reward_margin -0.1636
train_step epoch 0 | step 775/2656 | loss 0.7999 | reward_margin 0.0416
train_step epoch 0 | step 776/2656 | loss 0.7962 | reward_margin 0.2166
train_step epoch 0 | step 777/2656 | loss 0.6550 | reward_margin 0.2372
train_step epoch 0 | step 778/2656 | loss 0.7249 | reward_margin 0.0599
train_step epoch 0 | step 779/2656 | loss 0.8115 | reward_margin 0.0995
train_step epoch 0 | step 780/2656 | loss 0.6601 | reward_margin 0.4597
train_step epoch 0 | step 781/2656 | loss 0.8265 | reward_margin -0.0227
train_step epoch 0 | step 782/2656 | loss 0.5664 | reward_margin 0.4577
train_step epoch 0 | step 783/2656 | loss 0.6665 | reward_margin 0.7957
train_step epoch 0 | step 784/2656 | loss 0.4489 | reward_margin 0.7348
train_step epoch 0 | step 785/2656 | loss 0.8700 | reward_margin 0.0114
train_step epoch 0 | step 786/2656 | loss 0.5181 | reward_margin 0.4475
train_step epoch 0 | step 787/2656 | loss 0.7057 | reward_margin 0.1212
train_step epoch 0 | step 788/2656 | loss 0.6449 | reward_margin 0.3160
train_step epoch 0 | step 789/2656 | loss 0.5964 | reward_margin 0.4704
train_step epoch 0 | step 790/2656 | loss 0.5108 | reward_margin 0.9528
train_step epoch 0 | step 791/2656 | loss 0.6372 | reward_margin 0.4130
train_step epoch 0 | step 792/2656 | loss 0.7767 | reward_margin 0.0569
train_step epoch 0 | step 793/2656 | loss 0.6014 | reward_margin 0.5910
train_step epoch 0 | step 794/2656 | loss 0.7030 | reward_margin 0.1573
train_step epoch 0 | step 795/2656 | loss 0.7359 | reward_margin 0.2508
train_step epoch 0 | step 796/2656 | loss 0.8211 | reward_margin 0.0534
train_step epoch 0 | step 797/2656 | loss 0.7417 | reward_margin 0.1678
train_step epoch 0 | step 798/2656 | loss 0.7448 | reward_margin 0.1828
train_step epoch 0 | step 799/2656 | loss 0.5958 | reward_margin 0.4278
train_step epoch 0 | step 800/2656 | loss 0.5355 | reward_margin 1.0571
train_step epoch 0 | step 801/2656 | loss 0.7169 | reward_margin 0.0892
train_step epoch 0 | step 802/2656 | loss 0.6682 | reward_margin 0.2927
train_step epoch 0 | step 803/2656 | loss 0.6413 | reward_margin 0.2459
train_step epoch 0 | step 804/2656 | loss 0.6138 | reward_margin 0.3235
train_step epoch 0 | step 805/2656 | loss 0.6817 | reward_margin 0.3179
train_step epoch 0 | step 806/2656 | loss 0.5166 | reward_margin 0.6502
train_step epoch 0 | step 807/2656 | loss 0.5457 | reward_margin 0.6384
train_step epoch 0 | step 808/2656 | loss 0.6755 | reward_margin 0.6081
train_step epoch 0 | step 809/2656 | loss 0.6163 | reward_margin 0.4000
train_step epoch 0 | step 810/2656 | loss 0.5786 | reward_margin 0.4643
train_step epoch 0 | step 811/2656 | loss 0.5831 | reward_margin 0.3515
train_step epoch 0 | step 812/2656 | loss 0.4456 | reward_margin 0.6936
train_step epoch 0 | step 813/2656 | loss 0.4562 | reward_margin 0.7838
train_step epoch 0 | step 814/2656 | loss 0.7457 | reward_margin 0.0359
train_step epoch 0 | step 815/2656 | loss 0.6124 | reward_margin 0.4422
train_step epoch 0 | step 816/2656 | loss 0.6025 | reward_margin 0.3368
train_step epoch 0 | step 817/2656 | loss 0.6256 | reward_margin 0.2950
train_step epoch 0 | step 818/2656 | loss 0.7483 | reward_margin 0.1904
train_step epoch 0 | step 819/2656 | loss 0.6419 | reward_margin 0.1880
train_step epoch 0 | step 820/2656 | loss 0.5309 | reward_margin 1.1945
train_step epoch 0 | step 821/2656 | loss 0.6082 | reward_margin 0.3265
train_step epoch 0 | step 822/2656 | loss 0.5112 | reward_margin 1.1114
train_step epoch 0 | step 823/2656 | loss 0.7537 | reward_margin 0.3366
train_step epoch 0 | step 824/2656 | loss 0.5786 | reward_margin 0.4586
train_step epoch 0 | step 825/2656 | loss 0.6022 | reward_margin 0.2951
train_step epoch 0 | step 826/2656 | loss 0.5565 | reward_margin 0.5174
train_step epoch 0 | step 827/2656 | loss 0.6091 | reward_margin 0.5862
train_step epoch 0 | step 828/2656 | loss 0.5298 | reward_margin 0.4975
train_step epoch 0 | step 829/2656 | loss 0.3753 | reward_margin 1.1409
train_step epoch 0 | step 830/2656 | loss 0.6577 | reward_margin 0.5144
train_step epoch 0 | step 831/2656 | loss 0.5408 | reward_margin 0.5359
train_step epoch 0 | step 832/2656 | loss 0.7187 | reward_margin 0.1197
train_step epoch 0 | step 833/2656 | loss 0.5301 | reward_margin 0.7613
train_step epoch 0 | step 834/2656 | loss 0.5117 | reward_margin 0.8952
train_step epoch 0 | step 835/2656 | loss 0.8256 | reward_margin 0.3033
train_step epoch 0 | step 836/2656 | loss 0.7168 | reward_margin 0.0250
train_step epoch 0 | step 837/2656 | loss 0.5876 | reward_margin 0.5700
train_step epoch 0 | step 838/2656 | loss 0.5723 | reward_margin 0.4215
train_step epoch 0 | step 839/2656 | loss 0.6000 | reward_margin 0.7311
train_step epoch 0 | step 840/2656 | loss 0.5690 | reward_margin 0.5931
train_step epoch 0 | step 841/2656 | loss 0.7557 | reward_margin 0.0690
train_step epoch 0 | step 842/2656 | loss 0.7510 | reward_margin 0.5236
train_step epoch 0 | step 843/2656 | loss 0.4908 | reward_margin 0.8402
train_step epoch 0 | step 844/2656 | loss 0.6787 | reward_margin 0.5869
train_step epoch 0 | step 845/2656 | loss 0.7681 | reward_margin 0.2198
train_step epoch 0 | step 846/2656 | loss 0.7413 | reward_margin 0.4178
train_step epoch 0 | step 847/2656 | loss 0.7537 | reward_margin 0.3100
train_step epoch 0 | step 848/2656 | loss 0.8617 | reward_margin -0.1250
train_step epoch 0 | step 849/2656 | loss 0.5091 | reward_margin 0.7290
train_step epoch 0 | step 850/2656 | loss 0.6269 | reward_margin 0.4380
train_step epoch 0 | step 851/2656 | loss 0.6328 | reward_margin 0.3506
train_step epoch 0 | step 852/2656 | loss 0.6232 | reward_margin 0.3870
train_step epoch 0 | step 853/2656 | loss 0.5627 | reward_margin 0.3479
train_step epoch 0 | step 854/2656 | loss 0.7492 | reward_margin 0.4111
train_step epoch 0 | step 855/2656 | loss 0.7957 | reward_margin 0.0450
train_step epoch 0 | step 856/2656 | loss 0.6756 | reward_margin 0.3857
train_step epoch 0 | step 857/2656 | loss 0.7674 | reward_margin 0.2116
train_step epoch 0 | step 858/2656 | loss 0.6122 | reward_margin 0.3126
train_step epoch 0 | step 859/2656 | loss 0.8441 | reward_margin -0.0939
train_step epoch 0 | step 860/2656 | loss 0.5046 | reward_margin 1.0903
train_step epoch 0 | step 861/2656 | loss 0.5201 | reward_margin 0.8862
train_step epoch 0 | step 862/2656 | loss 0.6648 | reward_margin 0.3153
train_step epoch 0 | step 863/2656 | loss 0.5638 | reward_margin 0.6159
train_step epoch 0 | step 864/2656 | loss 0.8610 | reward_margin 0.1754
train_step epoch 0 | step 865/2656 | loss 0.5161 | reward_margin 0.8999
train_step epoch 0 | step 866/2656 | loss 0.5985 | reward_margin 0.5028
train_step epoch 0 | step 867/2656 | loss 0.4532 | reward_margin 1.0300
train_step epoch 0 | step 868/2656 | loss 0.6718 | reward_margin 0.3608
train_step epoch 0 | step 869/2656 | loss 0.6453 | reward_margin 0.4626
train_step epoch 0 | step 870/2656 | loss 0.7489 | reward_margin 0.8784
train_step epoch 0 | step 871/2656 | loss 0.6496 | reward_margin 0.2622
train_step epoch 0 | step 872/2656 | loss 0.7542 | reward_margin 0.0975
train_step epoch 0 | step 873/2656 | loss 0.5224 | reward_margin 0.6719
train_step epoch 0 | step 874/2656 | loss 0.4016 | reward_margin 0.9745
train_step epoch 0 | step 875/2656 | loss 0.4551 | reward_margin 0.9229
train_step epoch 0 | step 876/2656 | loss 0.6887 | reward_margin 0.2131
train_step epoch 0 | step 877/2656 | loss 0.6328 | reward_margin 0.4486
train_step epoch 0 | step 878/2656 | loss 0.8480 | reward_margin -0.1513
train_step epoch 0 | step 879/2656 | loss 0.6486 | reward_margin 0.7488
train_step epoch 0 | step 880/2656 | loss 0.6139 | reward_margin 0.3264
train_step epoch 0 | step 881/2656 | loss 0.6315 | reward_margin 0.4661
train_step epoch 0 | step 882/2656 | loss 0.8854 | reward_margin -0.0917
train_step epoch 0 | step 883/2656 | loss 0.7281 | reward_margin 0.0911
train_step epoch 0 | step 884/2656 | loss 0.6759 | reward_margin 0.1081
train_step epoch 0 | step 885/2656 | loss 0.6685 | reward_margin 0.2296
train_step epoch 0 | step 886/2656 | loss 0.5576 | reward_margin 0.8138
train_step epoch 0 | step 887/2656 | loss 0.6307 | reward_margin 0.3954
train_step epoch 0 | step 888/2656 | loss 0.8412 | reward_margin 0.1355
train_step epoch 0 | step 889/2656 | loss 0.6334 | reward_margin 0.3139
train_step epoch 0 | step 890/2656 | loss 0.5838 | reward_margin 0.4286
train_step epoch 0 | step 891/2656 | loss 0.6755 | reward_margin 0.1887
train_step epoch 0 | step 892/2656 | loss 0.5746 | reward_margin 0.4160
train_step epoch 0 | step 893/2656 | loss 0.5790 | reward_margin 0.5365
train_step epoch 0 | step 894/2656 | loss 0.5345 | reward_margin 0.8040
train_step epoch 0 | step 895/2656 | loss 0.6813 | reward_margin 0.4290
train_step epoch 0 | step 896/2656 | loss 0.7976 | reward_margin 0.0388
train_step epoch 0 | step 897/2656 | loss 0.5132 | reward_margin 0.5324
train_step epoch 0 | step 898/2656 | loss 0.6647 | reward_margin 0.2232
train_step epoch 0 | step 899/2656 | loss 0.7416 | reward_margin 0.2071
train_step epoch 0 | step 900/2656 | loss 0.5686 | reward_margin 0.5258
train_step epoch 0 | step 901/2656 | loss 0.6105 | reward_margin 0.4468
train_step epoch 0 | step 902/2656 | loss 0.5920 | reward_margin 0.5190
train_step epoch 0 | step 903/2656 | loss 0.3904 | reward_margin 0.9700
train_step epoch 0 | step 904/2656 | loss 0.7150 | reward_margin 0.2947
train_step epoch 0 | step 905/2656 | loss 0.7235 | reward_margin 0.4804
train_step epoch 0 | step 906/2656 | loss 0.5765 | reward_margin 0.3723
train_step epoch 0 | step 907/2656 | loss 0.5465 | reward_margin 0.6774
train_step epoch 0 | step 908/2656 | loss 0.5917 | reward_margin 0.3783
train_step epoch 0 | step 909/2656 | loss 0.7408 | reward_margin 0.0554
train_step epoch 0 | step 910/2656 | loss 0.6959 | reward_margin 0.4238
train_step epoch 0 | step 911/2656 | loss 0.6204 | reward_margin 0.3042
train_step epoch 0 | step 912/2656 | loss 0.8811 | reward_margin -0.0933
train_step epoch 0 | step 913/2656 | loss 0.4620 | reward_margin 0.6900
train_step epoch 0 | step 914/2656 | loss 0.5107 | reward_margin 0.5763
train_step epoch 0 | step 915/2656 | loss 0.9949 | reward_margin -0.2641
train_step epoch 0 | step 916/2656 | loss 0.7354 | reward_margin 0.3423
train_step epoch 0 | step 917/2656 | loss 0.6891 | reward_margin 0.1733
train_step epoch 0 | step 918/2656 | loss 0.8463 | reward_margin 0.1542
train_step epoch 0 | step 919/2656 | loss 0.3957 | reward_margin 1.3150
train_step epoch 0 | step 920/2656 | loss 0.7066 | reward_margin 0.8553
train_step epoch 0 | step 921/2656 | loss 0.5710 | reward_margin 0.5595
train_step epoch 0 | step 922/2656 | loss 0.8491 | reward_margin 0.0438
train_step epoch 0 | step 923/2656 | loss 0.5291 | reward_margin 0.5872
train_step epoch 0 | step 924/2656 | loss 0.8429 | reward_margin -0.0796
train_step epoch 0 | step 925/2656 | loss 1.0647 | reward_margin -0.0723
train_step epoch 0 | step 926/2656 | loss 0.5342 | reward_margin 0.6397
train_step epoch 0 | step 927/2656 | loss 0.5736 | reward_margin 0.6747
train_step epoch 0 | step 928/2656 | loss 0.7188 | reward_margin 0.1653
train_step epoch 0 | step 929/2656 | loss 0.6772 | reward_margin 0.3048
train_step epoch 0 | step 930/2656 | loss 0.5501 | reward_margin 0.6446
train_step epoch 0 | step 931/2656 | loss 0.6257 | reward_margin 0.4824
train_step epoch 0 | step 932/2656 | loss 0.4507 | reward_margin 1.0393
train_step epoch 0 | step 933/2656 | loss 0.7962 | reward_margin 0.1326
train_step epoch 0 | step 934/2656 | loss 0.6333 | reward_margin 0.4278
train_step epoch 0 | step 935/2656 | loss 0.6127 | reward_margin 0.4096
train_step epoch 0 | step 936/2656 | loss 0.7839 | reward_margin 0.1910
train_step epoch 0 | step 937/2656 | loss 0.8377 | reward_margin 0.1134
train_step epoch 0 | step 938/2656 | loss 0.5271 | reward_margin 0.5030
train_step epoch 0 | step 939/2656 | loss 0.4942 | reward_margin 1.1272
train_step epoch 0 | step 940/2656 | loss 0.7922 | reward_margin 0.1854
train_step epoch 0 | step 941/2656 | loss 0.4968 | reward_margin 0.7901
train_step epoch 0 | step 942/2656 | loss 0.5381 | reward_margin 0.5720
train_step epoch 0 | step 943/2656 | loss 0.6494 | reward_margin 0.5910
train_step epoch 0 | step 944/2656 | loss 0.8104 | reward_margin -0.0106
train_step epoch 0 | step 945/2656 | loss 0.6085 | reward_margin 0.4127
train_step epoch 0 | step 946/2656 | loss 0.5653 | reward_margin 0.5711
train_step epoch 0 | step 947/2656 | loss 0.7891 | reward_margin 0.1943
train_step epoch 0 | step 948/2656 | loss 0.7032 | reward_margin 0.2796
train_step epoch 0 | step 949/2656 | loss 0.6446 | reward_margin 0.2006
train_step epoch 0 | step 950/2656 | loss 0.4701 | reward_margin 0.8787
train_step epoch 0 | step 951/2656 | loss 0.6585 | reward_margin 0.2562
train_step epoch 0 | step 952/2656 | loss 0.5601 | reward_margin 0.4222
train_step epoch 0 | step 953/2656 | loss 0.4844 | reward_margin 0.8325
train_step epoch 0 | step 954/2656 | loss 0.6518 | reward_margin 0.3138
train_step epoch 0 | step 955/2656 | loss 0.7137 | reward_margin 0.1195
train_step epoch 0 | step 956/2656 | loss 0.6533 | reward_margin 0.5062
train_step epoch 0 | step 957/2656 | loss 0.6893 | reward_margin 0.5381
train_step epoch 0 | step 958/2656 | loss 0.6698 | reward_margin 0.2715
train_step epoch 0 | step 959/2656 | loss 0.5235 | reward_margin 0.4562
train_step epoch 0 | step 960/2656 | loss 0.6176 | reward_margin 0.3917
train_step epoch 0 | step 961/2656 | loss 0.7481 | reward_margin 0.1435
train_step epoch 0 | step 962/2656 | loss 0.6731 | reward_margin 0.2772
train_step epoch 0 | step 963/2656 | loss 0.4948 | reward_margin 1.3287
train_step epoch 0 | step 964/2656 | loss 0.7730 | reward_margin 0.1097
train_step epoch 0 | step 965/2656 | loss 0.4949 | reward_margin 0.7273
train_step epoch 0 | step 966/2656 | loss 0.5885 | reward_margin 0.4907
train_step epoch 0 | step 967/2656 | loss 0.6255 | reward_margin 0.6705
train_step epoch 0 | step 968/2656 | loss 0.6875 | reward_margin 0.2853
train_step epoch 0 | step 969/2656 | loss 0.8528 | reward_margin 0.0022
train_step epoch 0 | step 970/2656 | loss 0.8288 | reward_margin -0.1111
train_step epoch 0 | step 971/2656 | loss 0.7471 | reward_margin 0.0854
train_step epoch 0 | step 972/2656 | loss 0.3380 | reward_margin 1.4566
train_step epoch 0 | step 973/2656 | loss 0.5822 | reward_margin 0.6340
train_step epoch 0 | step 974/2656 | loss 0.5265 | reward_margin 0.4703
train_step epoch 0 | step 975/2656 | loss 1.0002 | reward_margin -0.0366
train_step epoch 0 | step 976/2656 | loss 0.5829 | reward_margin 0.5499
train_step epoch 0 | step 977/2656 | loss 0.6376 | reward_margin 0.3295
train_step epoch 0 | step 978/2656 | loss 0.5300 | reward_margin 0.6188
train_step epoch 0 | step 979/2656 | loss 0.5065 | reward_margin 0.7421
train_step epoch 0 | step 980/2656 | loss 0.7253 | reward_margin 0.1135
train_step epoch 0 | step 981/2656 | loss 0.3692 | reward_margin 1.6329
train_step epoch 0 | step 982/2656 | loss 0.6447 | reward_margin 0.2761
train_step epoch 0 | step 983/2656 | loss 0.6377 | reward_margin 0.6600
train_step epoch 0 | step 984/2656 | loss 0.3949 | reward_margin 1.1684
train_step epoch 0 | step 985/2656 | loss 0.7351 | reward_margin 0.0620
train_step epoch 0 | step 986/2656 | loss 0.5454 | reward_margin 0.7054
train_step epoch 0 | step 987/2656 | loss 0.4958 | reward_margin 0.6831
train_step epoch 0 | step 988/2656 | loss 0.5224 | reward_margin 0.5641
train_step epoch 0 | step 989/2656 | loss 0.4484 | reward_margin 1.3331
train_step epoch 0 | step 990/2656 | loss 0.6885 | reward_margin 0.4747
train_step epoch 0 | step 991/2656 | loss 0.7430 | reward_margin 0.0626
train_step epoch 0 | step 992/2656 | loss 0.4939 | reward_margin 0.7059
train_step epoch 0 | step 993/2656 | loss 0.6026 | reward_margin 0.4285
train_step epoch 0 | step 994/2656 | loss 0.6199 | reward_margin 0.3460
train_step epoch 0 | step 995/2656 | loss 0.5266 | reward_margin 0.6532
train_step epoch 0 | step 996/2656 | loss 0.4699 | reward_margin 1.0523
train_step epoch 0 | step 997/2656 | loss 0.6829 | reward_margin 0.6962
train_step epoch 0 | step 998/2656 | loss 0.6287 | reward_margin 0.4173
train_step epoch 0 | step 999/2656 | loss 0.4532 | reward_margin 0.8236
train_step epoch 0 | step 1000/2656 | loss 0.5432 | reward_margin 0.5747
epoch 0 | step 1000/2656 | loss 0.6490 | reward_margin 0.4253
train_step epoch 0 | step 1001/2656 | loss 0.9118 | reward_margin -0.0572
train_step epoch 0 | step 1002/2656 | loss 0.8523 | reward_margin 0.1662
train_step epoch 0 | step 1003/2656 | loss 0.4645 | reward_margin 0.7437
train_step epoch 0 | step 1004/2656 | loss 0.6643 | reward_margin 0.5361
train_step epoch 0 | step 1005/2656 | loss 0.7880 | reward_margin -0.0148
train_step epoch 0 | step 1006/2656 | loss 0.6466 | reward_margin 0.5176
train_step epoch 0 | step 1007/2656 | loss 0.7483 | reward_margin 0.0900
train_step epoch 0 | step 1008/2656 | loss 0.9691 | reward_margin -0.0735
train_step epoch 0 | step 1009/2656 | loss 0.5288 | reward_margin 0.7580
train_step epoch 0 | step 1010/2656 | loss 0.6503 | reward_margin 0.4417
train_step epoch 0 | step 1011/2656 | loss 0.5811 | reward_margin 0.4975
train_step epoch 0 | step 1012/2656 | loss 0.6070 | reward_margin 0.3863
train_step epoch 0 | step 1013/2656 | loss 0.6965 | reward_margin 0.3096
train_step epoch 0 | step 1014/2656 | loss 0.7735 | reward_margin -0.0212
train_step epoch 0 | step 1015/2656 | loss 0.5165 | reward_margin 0.7433
train_step epoch 0 | step 1016/2656 | loss 0.8113 | reward_margin 0.2332
train_step epoch 0 | step 1017/2656 | loss 0.7943 | reward_margin 0.1599
train_step epoch 0 | step 1018/2656 | loss 0.5530 | reward_margin 0.5509
train_step epoch 0 | step 1019/2656 | loss 0.6807 | reward_margin 0.4481
train_step epoch 0 | step 1020/2656 | loss 0.6551 | reward_margin 0.6158
train_step epoch 0 | step 1021/2656 | loss 0.5295 | reward_margin 0.6843
train_step epoch 0 | step 1022/2656 | loss 0.7116 | reward_margin 0.6262
train_step epoch 0 | step 1023/2656 | loss 0.5703 | reward_margin 0.5097
train_step epoch 0 | step 1024/2656 | loss 0.6840 | reward_margin 0.2543
train_step epoch 0 | step 1025/2656 | loss 0.6146 | reward_margin 0.5078
train_step epoch 0 | step 1026/2656 | loss 0.7840 | reward_margin -0.0088
train_step epoch 0 | step 1027/2656 | loss 0.7839 | reward_margin 0.2093
train_step epoch 0 | step 1028/2656 | loss 0.5032 | reward_margin 0.7834
train_step epoch 0 | step 1029/2656 | loss 0.7038 | reward_margin 0.1491
train_step epoch 0 | step 1030/2656 | loss 0.7273 | reward_margin 0.2039
train_step epoch 0 | step 1031/2656 | loss 0.8965 | reward_margin -0.2026
train_step epoch 0 | step 1032/2656 | loss 0.6204 | reward_margin 0.4637
train_step epoch 0 | step 1033/2656 | loss 0.4904 | reward_margin 1.0182
train_step epoch 0 | step 1034/2656 | loss 0.6447 | reward_margin 0.3001
train_step epoch 0 | step 1035/2656 | loss 0.6898 | reward_margin 0.3364
train_step epoch 0 | step 1036/2656 | loss 0.6313 | reward_margin 0.2395
train_step epoch 0 | step 1037/2656 | loss 0.6642 | reward_margin 0.5965
train_step epoch 0 | step 1038/2656 | loss 0.6118 | reward_margin 0.3155
train_step epoch 0 | step 1039/2656 | loss 0.6869 | reward_margin 0.4297
train_step epoch 0 | step 1040/2656 | loss 0.5129 | reward_margin 0.6243
train_step epoch 0 | step 1041/2656 | loss 0.8557 | reward_margin -0.0960
train_step epoch 0 | step 1042/2656 | loss 0.5959 | reward_margin 0.4630
train_step epoch 0 | step 1043/2656 | loss 0.6920 | reward_margin 0.2161
train_step epoch 0 | step 1044/2656 | loss 0.4845 | reward_margin 0.5455
train_step epoch 0 | step 1045/2656 | loss 0.5404 | reward_margin 0.7454
train_step epoch 0 | step 1046/2656 | loss 0.8929 | reward_margin 0.0764
train_step epoch 0 | step 1047/2656 | loss 0.6473 | reward_margin 0.4141
train_step epoch 0 | step 1048/2656 | loss 0.6507 | reward_margin 0.2765
train_step epoch 0 | step 1049/2656 | loss 0.7062 | reward_margin 0.1490
train_step epoch 0 | step 1050/2656 | loss 0.6342 | reward_margin 0.4836
train_step epoch 0 | step 1051/2656 | loss 0.7135 | reward_margin 0.2429
train_step epoch 0 | step 1052/2656 | loss 0.5819 | reward_margin 0.4142
train_step epoch 0 | step 1053/2656 | loss 0.4721 | reward_margin 0.8171
train_step epoch 0 | step 1054/2656 | loss 0.6429 | reward_margin 0.4094
train_step epoch 0 | step 1055/2656 | loss 0.4970 | reward_margin 0.8590
train_step epoch 0 | step 1056/2656 | loss 0.4645 | reward_margin 0.8114
train_step epoch 0 | step 1057/2656 | loss 0.5368 | reward_margin 0.7335
train_step epoch 0 | step 1058/2656 | loss 0.7704 | reward_margin 0.2280
train_step epoch 0 | step 1059/2656 | loss 0.8956 | reward_margin -0.0980
train_step epoch 0 | step 1060/2656 | loss 0.5472 | reward_margin 0.7051
train_step epoch 0 | step 1061/2656 | loss 0.4740 | reward_margin 0.5980
train_step epoch 0 | step 1062/2656 | loss 0.7125 | reward_margin 0.5144
train_step epoch 0 | step 1063/2656 | loss 0.6048 | reward_margin 0.6419
train_step epoch 0 | step 1064/2656 | loss 0.7400 | reward_margin 0.3126
train_step epoch 0 | step 1065/2656 | loss 0.6373 | reward_margin 0.3413
train_step epoch 0 | step 1066/2656 | loss 0.7431 | reward_margin 0.0988
train_step epoch 0 | step 1067/2656 | loss 0.8857 | reward_margin 0.0263
train_step epoch 0 | step 1068/2656 | loss 0.4779 | reward_margin 0.8124
train_step epoch 0 | step 1069/2656 | loss 0.6933 | reward_margin 0.7243
train_step epoch 0 | step 1070/2656 | loss 0.7420 | reward_margin 0.1363
train_step epoch 0 | step 1071/2656 | loss 0.7376 | reward_margin 0.4693
train_step epoch 0 | step 1072/2656 | loss 0.6979 | reward_margin 0.4198
train_step epoch 0 | step 1073/2656 | loss 0.7888 | reward_margin 0.1311
train_step epoch 0 | step 1074/2656 | loss 0.6822 | reward_margin 0.2037
train_step epoch 0 | step 1075/2656 | loss 0.6167 | reward_margin 0.4030
train_step epoch 0 | step 1076/2656 | loss 0.6016 | reward_margin 0.6844
train_step epoch 0 | step 1077/2656 | loss 0.5931 | reward_margin 0.5567
train_step epoch 0 | step 1078/2656 | loss 0.9251 | reward_margin -0.1825
train_step epoch 0 | step 1079/2656 | loss 0.6853 | reward_margin 0.4069
train_step epoch 0 | step 1080/2656 | loss 0.7607 | reward_margin 0.3113
train_step epoch 0 | step 1081/2656 | loss 0.8279 | reward_margin 0.0287
train_step epoch 0 | step 1082/2656 | loss 0.5513 | reward_margin 0.4798
train_step epoch 0 | step 1083/2656 | loss 0.6911 | reward_margin 0.4355
train_step epoch 0 | step 1084/2656 | loss 0.7883 | reward_margin -0.0415
train_step epoch 0 | step 1085/2656 | loss 0.6085 | reward_margin 0.3569
train_step epoch 0 | step 1086/2656 | loss 0.7135 | reward_margin 0.2780
train_step epoch 0 | step 1087/2656 | loss 0.7034 | reward_margin 0.5164
train_step epoch 0 | step 1088/2656 | loss 0.5822 | reward_margin 0.3295
train_step epoch 0 | step 1089/2656 | loss 0.4906 | reward_margin 1.0445
train_step epoch 0 | step 1090/2656 | loss 0.6306 | reward_margin 0.3840
train_step epoch 0 | step 1091/2656 | loss 0.7512 | reward_margin 0.1315
train_step epoch 0 | step 1092/2656 | loss 0.7341 | reward_margin 0.5974
train_step epoch 0 | step 1093/2656 | loss 0.6237 | reward_margin 0.5979
train_step epoch 0 | step 1094/2656 | loss 0.8023 | reward_margin 0.0915
train_step epoch 0 | step 1095/2656 | loss 0.3665 | reward_margin 0.9681
train_step epoch 0 | step 1096/2656 | loss 0.5703 | reward_margin 0.8282
train_step epoch 0 | step 1097/2656 | loss 0.6598 | reward_margin 0.5442
train_step epoch 0 | step 1098/2656 | loss 0.9846 | reward_margin -0.2714
train_step epoch 0 | step 1099/2656 | loss 0.7584 | reward_margin 0.0576
train_step epoch 0 | step 1100/2656 | loss 0.5719 | reward_margin 0.8239
train_step epoch 0 | step 1101/2656 | loss 0.8138 | reward_margin 0.1382
train_step epoch 0 | step 1102/2656 | loss 0.7328 | reward_margin 0.2609
train_step epoch 0 | step 1103/2656 | loss 0.7879 | reward_margin 0.0171
train_step epoch 0 | step 1104/2656 | loss 0.4972 | reward_margin 0.9154
train_step epoch 0 | step 1105/2656 | loss 0.7535 | reward_margin 0.2277
train_step epoch 0 | step 1106/2656 | loss 0.9506 | reward_margin -0.2061
train_step epoch 0 | step 1107/2656 | loss 0.7366 | reward_margin 0.4262
train_step epoch 0 | step 1108/2656 | loss 0.6891 | reward_margin 0.2490
train_step epoch 0 | step 1109/2656 | loss 0.7649 | reward_margin 0.2008
train_step epoch 0 | step 1110/2656 | loss 0.7515 | reward_margin 0.4738
train_step epoch 0 | step 1111/2656 | loss 0.4517 | reward_margin 0.8700
train_step epoch 0 | step 1112/2656 | loss 0.7873 | reward_margin 0.0243
train_step epoch 0 | step 1113/2656 | loss 0.6586 | reward_margin 0.3458
train_step epoch 0 | step 1114/2656 | loss 0.6030 | reward_margin 0.3883
train_step epoch 0 | step 1115/2656 | loss 0.3877 | reward_margin 1.1471
train_step epoch 0 | step 1116/2656 | loss 0.5735 | reward_margin 0.5991
train_step epoch 0 | step 1117/2656 | loss 0.6602 | reward_margin 0.3393
train_step epoch 0 | step 1118/2656 | loss 0.6300 | reward_margin 0.2607
train_step epoch 0 | step 1119/2656 | loss 0.4842 | reward_margin 1.2045
train_step epoch 0 | step 1120/2656 | loss 0.8463 | reward_margin 0.1336
train_step epoch 0 | step 1121/2656 | loss 0.5037 | reward_margin 0.8217
train_step epoch 0 | step 1122/2656 | loss 0.8933 | reward_margin -0.2496
train_step epoch 0 | step 1123/2656 | loss 0.7796 | reward_margin 0.0300
train_step epoch 0 | step 1124/2656 | loss 0.7570 | reward_margin 0.1368
train_step epoch 0 | step 1125/2656 | loss 0.8818 | reward_margin 0.1058
train_step epoch 0 | step 1126/2656 | loss 0.5759 | reward_margin 0.6307
train_step epoch 0 | step 1127/2656 | loss 0.7149 | reward_margin 0.1765
train_step epoch 0 | step 1128/2656 | loss 0.6704 | reward_margin 0.1895
train_step epoch 0 | step 1129/2656 | loss 0.4098 | reward_margin 0.8489
train_step epoch 0 | step 1130/2656 | loss 0.5861 | reward_margin 0.9061
train_step epoch 0 | step 1131/2656 | loss 0.6438 | reward_margin 0.3151
train_step epoch 0 | step 1132/2656 | loss 0.8622 | reward_margin 0.1372
train_step epoch 0 | step 1133/2656 | loss 0.5305 | reward_margin 0.6718
train_step epoch 0 | step 1134/2656 | loss 0.6707 | reward_margin 0.1867
train_step epoch 0 | step 1135/2656 | loss 0.7429 | reward_margin 0.1009
train_step epoch 0 | step 1136/2656 | loss 0.7391 | reward_margin 0.0512
train_step epoch 0 | step 1137/2656 | loss 0.5435 | reward_margin 0.7889
train_step epoch 0 | step 1138/2656 | loss 0.7713 | reward_margin 0.3601
train_step epoch 0 | step 1139/2656 | loss 0.5796 | reward_margin 0.3128
train_step epoch 0 | step 1140/2656 | loss 0.7011 | reward_margin 0.2898
train_step epoch 0 | step 1141/2656 | loss 0.4646 | reward_margin 0.6085
train_step epoch 0 | step 1142/2656 | loss 0.8628 | reward_margin -0.2468
train_step epoch 0 | step 1143/2656 | loss 0.5183 | reward_margin 0.7296
train_step epoch 0 | step 1144/2656 | loss 0.6029 | reward_margin 0.5637
train_step epoch 0 | step 1145/2656 | loss 0.5760 | reward_margin 0.6968
train_step epoch 0 | step 1146/2656 | loss 0.4279 | reward_margin 1.0367
train_step epoch 0 | step 1147/2656 | loss 0.6199 | reward_margin 0.5480
train_step epoch 0 | step 1148/2656 | loss 0.7622 | reward_margin 0.1639
train_step epoch 0 | step 1149/2656 | loss 0.4354 | reward_margin 1.0702
train_step epoch 0 | step 1150/2656 | loss 0.7359 | reward_margin 0.1807
train_step epoch 0 | step 1151/2656 | loss 0.8340 | reward_margin 0.2970
train_step epoch 0 | step 1152/2656 | loss 0.8831 | reward_margin -0.1393
train_step epoch 0 | step 1153/2656 | loss 0.6794 | reward_margin 0.2087
train_step epoch 0 | step 1154/2656 | loss 0.8128 | reward_margin 0.2585
train_step epoch 0 | step 1155/2656 | loss 0.6400 | reward_margin 0.4008
train_step epoch 0 | step 1156/2656 | loss 0.5145 | reward_margin 0.9444
train_step epoch 0 | step 1157/2656 | loss 0.4918 | reward_margin 1.0253
train_step epoch 0 | step 1158/2656 | loss 0.7664 | reward_margin -0.0231
train_step epoch 0 | step 1159/2656 | loss 0.7048 | reward_margin 0.4353
train_step epoch 0 | step 1160/2656 | loss 0.7262 | reward_margin 0.2470
train_step epoch 0 | step 1161/2656 | loss 0.4978 | reward_margin 0.6144
train_step epoch 0 | step 1162/2656 | loss 0.8397 | reward_margin 0.0259
train_step epoch 0 | step 1163/2656 | loss 0.7268 | reward_margin 0.2718
train_step epoch 0 | step 1164/2656 | loss 0.5468 | reward_margin 0.8240
train_step epoch 0 | step 1165/2656 | loss 0.6543 | reward_margin 0.5612
train_step epoch 0 | step 1166/2656 | loss 0.5547 | reward_margin 0.8349
train_step epoch 0 | step 1167/2656 | loss 0.7857 | reward_margin 0.1557
train_step epoch 0 | step 1168/2656 | loss 0.6631 | reward_margin 0.5350
train_step epoch 0 | step 1169/2656 | loss 0.6710 | reward_margin 0.1222
train_step epoch 0 | step 1170/2656 | loss 0.5870 | reward_margin 0.4683
train_step epoch 0 | step 1171/2656 | loss 0.5990 | reward_margin 0.4184
train_step epoch 0 | step 1172/2656 | loss 0.6043 | reward_margin 0.4551
train_step epoch 0 | step 1173/2656 | loss 0.6010 | reward_margin 0.3015
train_step epoch 0 | step 1174/2656 | loss 0.7123 | reward_margin 0.2101
train_step epoch 0 | step 1175/2656 | loss 0.4836 | reward_margin 0.7319
train_step epoch 0 | step 1176/2656 | loss 0.6279 | reward_margin 0.3821
train_step epoch 0 | step 1177/2656 | loss 0.7564 | reward_margin 0.0520
train_step epoch 0 | step 1178/2656 | loss 0.5066 | reward_margin 0.7078
train_step epoch 0 | step 1179/2656 | loss 0.4982 | reward_margin 0.6427
train_step epoch 0 | step 1180/2656 | loss 0.6836 | reward_margin 0.5128
train_step epoch 0 | step 1181/2656 | loss 0.8043 | reward_margin 0.0799
train_step epoch 0 | step 1182/2656 | loss 0.8875 | reward_margin -0.1202
train_step epoch 0 | step 1183/2656 | loss 0.6699 | reward_margin 0.2127
train_step epoch 0 | step 1184/2656 | loss 0.6385 | reward_margin 0.5120
train_step epoch 0 | step 1185/2656 | loss 0.5500 | reward_margin 0.4055
train_step epoch 0 | step 1186/2656 | loss 0.7669 | reward_margin 0.1413
train_step epoch 0 | step 1187/2656 | loss 0.6154 | reward_margin 0.2664
train_step epoch 0 | step 1188/2656 | loss 0.6319 | reward_margin 0.5697
train_step epoch 0 | step 1189/2656 | loss 0.5248 | reward_margin 0.6911
train_step epoch 0 | step 1190/2656 | loss 0.8385 | reward_margin -0.0547
train_step epoch 0 | step 1191/2656 | loss 0.8383 | reward_margin -0.0636
train_step epoch 0 | step 1192/2656 | loss 0.8572 | reward_margin -0.0588
train_step epoch 0 | step 1193/2656 | loss 0.5479 | reward_margin 0.7248
train_step epoch 0 | step 1194/2656 | loss 0.6803 | reward_margin 0.4047
train_step epoch 0 | step 1195/2656 | loss 1.0253 | reward_margin -0.3224
train_step epoch 0 | step 1196/2656 | loss 0.3743 | reward_margin 1.0694
train_step epoch 0 | step 1197/2656 | loss 0.8070 | reward_margin 0.0927
train_step epoch 0 | step 1198/2656 | loss 0.6291 | reward_margin 0.5114
train_step epoch 0 | step 1199/2656 | loss 0.6267 | reward_margin 0.2351
train_step epoch 0 | step 1200/2656 | loss 0.5339 | reward_margin 0.7575
train_step epoch 0 | step 1201/2656 | loss 0.5538 | reward_margin 0.4618
train_step epoch 0 | step 1202/2656 | loss 0.5014 | reward_margin 0.7663
train_step epoch 0 | step 1203/2656 | loss 0.5077 | reward_margin 0.7063
train_step epoch 0 | step 1204/2656 | loss 0.8913 | reward_margin 0.1310
train_step epoch 0 | step 1205/2656 | loss 0.4988 | reward_margin 0.8452
train_step epoch 0 | step 1206/2656 | loss 0.5580 | reward_margin 0.5751
train_step epoch 0 | step 1207/2656 | loss 0.4978 | reward_margin 0.9526
train_step epoch 0 | step 1208/2656 | loss 0.5985 | reward_margin 0.4661
train_step epoch 0 | step 1209/2656 | loss 0.5898 | reward_margin 0.3895
train_step epoch 0 | step 1210/2656 | loss 0.5833 | reward_margin 0.3263
train_step epoch 0 | step 1211/2656 | loss 0.8235 | reward_margin 0.0692
train_step epoch 0 | step 1212/2656 | loss 0.8122 | reward_margin -0.0908
train_step epoch 0 | step 1213/2656 | loss 0.9110 | reward_margin -0.2159
train_step epoch 0 | step 1214/2656 | loss 0.5991 | reward_margin 0.6339
train_step epoch 0 | step 1215/2656 | loss 0.4953 | reward_margin 0.7917
train_step epoch 0 | step 1216/2656 | loss 0.6772 | reward_margin 0.3966
train_step epoch 0 | step 1217/2656 | loss 0.5822 | reward_margin 0.3708
train_step epoch 0 | step 1218/2656 | loss 0.6706 | reward_margin 0.2012
train_step epoch 0 | step 1219/2656 | loss 0.6877 | reward_margin 0.1807
train_step epoch 0 | step 1220/2656 | loss 0.8290 | reward_margin -0.0323
train_step epoch 0 | step 1221/2656 | loss 0.4043 | reward_margin 1.1670
train_step epoch 0 | step 1222/2656 | loss 0.5601 | reward_margin 0.5705
train_step epoch 0 | step 1223/2656 | loss 0.6781 | reward_margin 0.4015
train_step epoch 0 | step 1224/2656 | loss 0.4826 | reward_margin 0.8270
train_step epoch 0 | step 1225/2656 | loss 0.9025 | reward_margin -0.2596
train_step epoch 0 | step 1226/2656 | loss 0.5038 | reward_margin 0.6370
train_step epoch 0 | step 1227/2656 | loss 0.5514 | reward_margin 0.6038
train_step epoch 0 | step 1228/2656 | loss 0.6994 | reward_margin 0.2112
train_step epoch 0 | step 1229/2656 | loss 0.6252 | reward_margin 0.4498
train_step epoch 0 | step 1230/2656 | loss 0.6567 | reward_margin 0.2222
train_step epoch 0 | step 1231/2656 | loss 0.7261 | reward_margin 0.4087
train_step epoch 0 | step 1232/2656 | loss 0.6706 | reward_margin 0.4176
train_step epoch 0 | step 1233/2656 | loss 0.7543 | reward_margin 0.0785
train_step epoch 0 | step 1234/2656 | loss 0.5600 | reward_margin 0.7125
train_step epoch 0 | step 1235/2656 | loss 0.7666 | reward_margin 0.0855
train_step epoch 0 | step 1236/2656 | loss 0.4851 | reward_margin 0.6432
train_step epoch 0 | step 1237/2656 | loss 0.7201 | reward_margin 0.3115
train_step epoch 0 | step 1238/2656 | loss 0.7710 | reward_margin 0.2444
train_step epoch 0 | step 1239/2656 | loss 0.7837 | reward_margin 0.1628
train_step epoch 0 | step 1240/2656 | loss 0.8012 | reward_margin 0.1824
train_step epoch 0 | step 1241/2656 | loss 0.6933 | reward_margin 0.3915
train_step epoch 0 | step 1242/2656 | loss 0.6460 | reward_margin 0.2422
train_step epoch 0 | step 1243/2656 | loss 0.6456 | reward_margin 0.4476
train_step epoch 0 | step 1244/2656 | loss 0.8624 | reward_margin 0.0525
train_step epoch 0 | step 1245/2656 | loss 0.7139 | reward_margin 0.2089
train_step epoch 0 | step 1246/2656 | loss 0.7022 | reward_margin 0.5043
train_step epoch 0 | step 1247/2656 | loss 0.6392 | reward_margin 0.3712
train_step epoch 0 | step 1248/2656 | loss 0.6323 | reward_margin 0.6075
train_step epoch 0 | step 1249/2656 | loss 0.5663 | reward_margin 0.4817
train_step epoch 0 | step 1250/2656 | loss 1.1646 | reward_margin -0.4169
train_step epoch 0 | step 1251/2656 | loss 0.5094 | reward_margin 0.6769
train_step epoch 0 | step 1252/2656 | loss 0.7562 | reward_margin 0.1994
train_step epoch 0 | step 1253/2656 | loss 0.5484 | reward_margin 0.6683
train_step epoch 0 | step 1254/2656 | loss 0.7869 | reward_margin 0.1488
train_step epoch 0 | step 1255/2656 | loss 0.7045 | reward_margin 0.1080
train_step epoch 0 | step 1256/2656 | loss 0.7969 | reward_margin 0.0957
train_step epoch 0 | step 1257/2656 | loss 0.5943 | reward_margin 0.4496
train_step epoch 0 | step 1258/2656 | loss 0.7318 | reward_margin 0.2591
train_step epoch 0 | step 1259/2656 | loss 0.4872 | reward_margin 0.8392
train_step epoch 0 | step 1260/2656 | loss 0.6031 | reward_margin 0.3226
train_step epoch 0 | step 1261/2656 | loss 0.4445 | reward_margin 0.8048
train_step epoch 0 | step 1262/2656 | loss 0.4324 | reward_margin 0.9669
train_step epoch 0 | step 1263/2656 | loss 0.6240 | reward_margin 0.6009
train_step epoch 0 | step 1264/2656 | loss 0.6306 | reward_margin 0.3973
train_step epoch 0 | step 1265/2656 | loss 0.6289 | reward_margin 0.3109
train_step epoch 0 | step 1266/2656 | loss 0.6478 | reward_margin 0.2431
train_step epoch 0 | step 1267/2656 | loss 0.4182 | reward_margin 0.9847
train_step epoch 0 | step 1268/2656 | loss 0.5827 | reward_margin 0.6098
train_step epoch 0 | step 1269/2656 | loss 0.7231 | reward_margin 0.2351
train_step epoch 0 | step 1270/2656 | loss 0.6376 | reward_margin 0.5047
train_step epoch 0 | step 1271/2656 | loss 0.6675 | reward_margin 0.2881
train_step epoch 0 | step 1272/2656 | loss 0.7703 | reward_margin 0.2658
train_step epoch 0 | step 1273/2656 | loss 0.8558 | reward_margin 0.1581
train_step epoch 0 | step 1274/2656 | loss 0.7251 | reward_margin 0.1422
train_step epoch 0 | step 1275/2656 | loss 0.6158 | reward_margin 0.4994
train_step epoch 0 | step 1276/2656 | loss 0.7352 | reward_margin 0.2310
train_step epoch 0 | step 1277/2656 | loss 0.7558 | reward_margin 0.2707
train_step epoch 0 | step 1278/2656 | loss 0.7588 | reward_margin 0.0909
train_step epoch 0 | step 1279/2656 | loss 0.6310 | reward_margin 0.3455
train_step epoch 0 | step 1280/2656 | loss 0.6656 | reward_margin 0.2516
train_step epoch 0 | step 1281/2656 | loss 0.6840 | reward_margin 0.6309
train_step epoch 0 | step 1282/2656 | loss 0.8036 | reward_margin -0.0010
train_step epoch 0 | step 1283/2656 | loss 0.5167 | reward_margin 0.7749
train_step epoch 0 | step 1284/2656 | loss 0.6500 | reward_margin 0.2673
train_step epoch 0 | step 1285/2656 | loss 0.7932 | reward_margin 0.0420
train_step epoch 0 | step 1286/2656 | loss 0.5483 | reward_margin 0.7085
train_step epoch 0 | step 1287/2656 | loss 0.5984 | reward_margin 0.3581
train_step epoch 0 | step 1288/2656 | loss 0.9066 | reward_margin -0.0703
train_step epoch 0 | step 1289/2656 | loss 0.6179 | reward_margin 0.5042
train_step epoch 0 | step 1290/2656 | loss 0.7355 | reward_margin 0.2107
train_step epoch 0 | step 1291/2656 | loss 0.5382 | reward_margin 0.6292
train_step epoch 0 | step 1292/2656 | loss 0.8012 | reward_margin 0.1010
train_step epoch 0 | step 1293/2656 | loss 0.7478 | reward_margin 0.2358
train_step epoch 0 | step 1294/2656 | loss 0.5778 | reward_margin 0.4498
train_step epoch 0 | step 1295/2656 | loss 0.7552 | reward_margin 0.1159
train_step epoch 0 | step 1296/2656 | loss 0.4987 | reward_margin 0.8206
train_step epoch 0 | step 1297/2656 | loss 0.7063 | reward_margin 0.1471
train_step epoch 0 | step 1298/2656 | loss 0.7084 | reward_margin 0.4928
train_step epoch 0 | step 1299/2656 | loss 0.6862 | reward_margin 0.0734
train_step epoch 0 | step 1300/2656 | loss 0.5975 | reward_margin 0.4199
train_step epoch 0 | step 1301/2656 | loss 0.4710 | reward_margin 0.7076
train_step epoch 0 | step 1302/2656 | loss 0.7158 | reward_margin 0.2537
train_step epoch 0 | step 1303/2656 | loss 0.7758 | reward_margin 0.0971
train_step epoch 0 | step 1304/2656 | loss 0.7127 | reward_margin 0.2071
train_step epoch 0 | step 1305/2656 | loss 0.5919 | reward_margin 0.3978
train_step epoch 0 | step 1306/2656 | loss 0.7964 | reward_margin -0.0971
train_step epoch 0 | step 1307/2656 | loss 0.8168 | reward_margin 0.0867
train_step epoch 0 | step 1308/2656 | loss 0.7371 | reward_margin 0.1582
train_step epoch 0 | step 1309/2656 | loss 0.5827 | reward_margin 0.3962
train_step epoch 0 | step 1310/2656 | loss 0.7546 | reward_margin 0.1243
train_step epoch 0 | step 1311/2656 | loss 0.7457 | reward_margin 0.2708
train_step epoch 0 | step 1312/2656 | loss 0.5319 | reward_margin 0.6478
train_step epoch 0 | step 1313/2656 | loss 0.5634 | reward_margin 0.4369
train_step epoch 0 | step 1314/2656 | loss 0.6154 | reward_margin 0.4067
train_step epoch 0 | step 1315/2656 | loss 0.7664 | reward_margin 0.2253
train_step epoch 0 | step 1316/2656 | loss 0.4525 | reward_margin 0.9216
train_step epoch 0 | step 1317/2656 | loss 0.6335 | reward_margin 0.3292
train_step epoch 0 | step 1318/2656 | loss 0.5246 | reward_margin 0.7479
train_step epoch 0 | step 1319/2656 | loss 0.7210 | reward_margin 0.2213
train_step epoch 0 | step 1320/2656 | loss 0.5531 | reward_margin 0.5487
train_step epoch 0 | step 1321/2656 | loss 0.8644 | reward_margin -0.0951
train_step epoch 0 | step 1322/2656 | loss 0.7252 | reward_margin 0.1860
train_step epoch 0 | step 1323/2656 | loss 0.9600 | reward_margin -0.3153
train_step epoch 0 | step 1324/2656 | loss 0.6413 | reward_margin 0.5998
train_step epoch 0 | step 1325/2656 | loss 0.6649 | reward_margin 0.2241
train_step epoch 0 | step 1326/2656 | loss 0.6976 | reward_margin 0.1357
train_step epoch 0 | step 1327/2656 | loss 0.5810 | reward_margin 0.7408
train_step epoch 0 | step 1328/2656 | loss 0.6067 | reward_margin 0.3343
train_step epoch 0 | step 1329/2656 | loss 0.7123 | reward_margin 0.1821
train_step epoch 0 | step 1330/2656 | loss 0.7439 | reward_margin 0.2481
train_step epoch 0 | step 1331/2656 | loss 0.8598 | reward_margin -0.1063
train_step epoch 0 | step 1332/2656 | loss 0.5914 | reward_margin 0.4827
train_step epoch 0 | step 1333/2656 | loss 0.9035 | reward_margin 0.0399
train_step epoch 0 | step 1334/2656 | loss 0.6868 | reward_margin 0.2271
train_step epoch 0 | step 1335/2656 | loss 0.7134 | reward_margin 0.0684
train_step epoch 0 | step 1336/2656 | loss 0.5941 | reward_margin 0.6617
train_step epoch 0 | step 1337/2656 | loss 0.4709 | reward_margin 0.8088
train_step epoch 0 | step 1338/2656 | loss 0.6626 | reward_margin 0.2644
train_step epoch 0 | step 1339/2656 | loss 0.6487 | reward_margin 0.5322
train_step epoch 0 | step 1340/2656 | loss 0.6361 | reward_margin 0.7588
train_step epoch 0 | step 1341/2656 | loss 0.5614 | reward_margin 0.7460
train_step epoch 0 | step 1342/2656 | loss 0.4404 | reward_margin 1.0319
train_step epoch 0 | step 1343/2656 | loss 0.7560 | reward_margin 0.1709
train_step epoch 0 | step 1344/2656 | loss 0.6969 | reward_margin 0.1987
train_step epoch 0 | step 1345/2656 | loss 0.6907 | reward_margin 0.5155
train_step epoch 0 | step 1346/2656 | loss 0.4300 | reward_margin 1.0893
train_step epoch 0 | step 1347/2656 | loss 0.5945 | reward_margin 0.3750
train_step epoch 0 | step 1348/2656 | loss 0.5600 | reward_margin 0.7279
train_step epoch 0 | step 1349/2656 | loss 0.5108 | reward_margin 0.7365
train_step epoch 0 | step 1350/2656 | loss 0.7283 | reward_margin 0.2418
train_step epoch 0 | step 1351/2656 | loss 0.5200 | reward_margin 0.7022
train_step epoch 0 | step 1352/2656 | loss 0.7400 | reward_margin 0.3022
train_step epoch 0 | step 1353/2656 | loss 0.6607 | reward_margin 0.2225
train_step epoch 0 | step 1354/2656 | loss 0.7009 | reward_margin 0.1410
train_step epoch 0 | step 1355/2656 | loss 0.7898 | reward_margin 0.2125
train_step epoch 0 | step 1356/2656 | loss 0.5620 | reward_margin 0.4676
train_step epoch 0 | step 1357/2656 | loss 0.7654 | reward_margin 0.1706
train_step epoch 0 | step 1358/2656 | loss 0.5748 | reward_margin 0.5271
train_step epoch 0 | step 1359/2656 | loss 0.6938 | reward_margin 0.3309
train_step epoch 0 | step 1360/2656 | loss 0.5604 | reward_margin 0.4227
train_step epoch 0 | step 1361/2656 | loss 0.3881 | reward_margin 0.9568
train_step epoch 0 | step 1362/2656 | loss 0.5964 | reward_margin 0.7944
train_step epoch 0 | step 1363/2656 | loss 0.5985 | reward_margin 0.4598
train_step epoch 0 | step 1364/2656 | loss 0.7018 | reward_margin 0.2077
train_step epoch 0 | step 1365/2656 | loss 0.8294 | reward_margin -0.1359
train_step epoch 0 | step 1366/2656 | loss 0.5224 | reward_margin 0.4995
train_step epoch 0 | step 1367/2656 | loss 0.5595 | reward_margin 0.4586
train_step epoch 0 | step 1368/2656 | loss 0.6829 | reward_margin 0.4738
train_step epoch 0 | step 1369/2656 | loss 1.0181 | reward_margin -0.3782
train_step epoch 0 | step 1370/2656 | loss 0.9073 | reward_margin -0.1414
train_step epoch 0 | step 1371/2656 | loss 0.8470 | reward_margin 0.0381
train_step epoch 0 | step 1372/2656 | loss 0.7125 | reward_margin 0.1612
train_step epoch 0 | step 1373/2656 | loss 0.5673 | reward_margin 0.5299
train_step epoch 0 | step 1374/2656 | loss 0.5033 | reward_margin 0.6868
train_step epoch 0 | step 1375/2656 | loss 0.5973 | reward_margin 0.3751
train_step epoch 0 | step 1376/2656 | loss 0.4320 | reward_margin 1.0702
train_step epoch 0 | step 1377/2656 | loss 0.9006 | reward_margin -0.1120
train_step epoch 0 | step 1378/2656 | loss 0.5291 | reward_margin 0.5118
train_step epoch 0 | step 1379/2656 | loss 0.4760 | reward_margin 0.7434
train_step epoch 0 | step 1380/2656 | loss 0.4096 | reward_margin 1.1678
train_step epoch 0 | step 1381/2656 | loss 0.6610 | reward_margin 0.4832
train_step epoch 0 | step 1382/2656 | loss 0.5225 | reward_margin 0.6549
train_step epoch 0 | step 1383/2656 | loss 0.8015 | reward_margin 0.0530
train_step epoch 0 | step 1384/2656 | loss 0.8927 | reward_margin -0.0746
train_step epoch 0 | step 1385/2656 | loss 0.7030 | reward_margin 0.3753
train_step epoch 0 | step 1386/2656 | loss 0.6255 | reward_margin 0.2474
train_step epoch 0 | step 1387/2656 | loss 0.6622 | reward_margin 0.3755
train_step epoch 0 | step 1388/2656 | loss 0.8513 | reward_margin 0.0779
train_step epoch 0 | step 1389/2656 | loss 0.6856 | reward_margin 0.2409
train_step epoch 0 | step 1390/2656 | loss 0.8509 | reward_margin -0.0531
train_step epoch 0 | step 1391/2656 | loss 0.5535 | reward_margin 0.6682
train_step epoch 0 | step 1392/2656 | loss 0.5100 | reward_margin 0.8197
train_step epoch 0 | step 1393/2656 | loss 0.6957 | reward_margin 0.2870
train_step epoch 0 | step 1394/2656 | loss 0.9329 | reward_margin -0.2630
train_step epoch 0 | step 1395/2656 | loss 0.7662 | reward_margin 0.1848
train_step epoch 0 | step 1396/2656 | loss 0.7151 | reward_margin 0.2248
train_step epoch 0 | step 1397/2656 | loss 0.7445 | reward_margin 0.0012
train_step epoch 0 | step 1398/2656 | loss 0.5205 | reward_margin 0.6455
train_step epoch 0 | step 1399/2656 | loss 0.5391 | reward_margin 0.6401
train_step epoch 0 | step 1400/2656 | loss 0.7495 | reward_margin 0.0970
train_step epoch 0 | step 1401/2656 | loss 0.6117 | reward_margin 0.2593
train_step epoch 0 | step 1402/2656 | loss 0.7647 | reward_margin 0.0067
train_step epoch 0 | step 1403/2656 | loss 0.6256 | reward_margin 0.5776
train_step epoch 0 | step 1404/2656 | loss 0.4666 | reward_margin 0.8351
train_step epoch 0 | step 1405/2656 | loss 0.7093 | reward_margin 0.4871
train_step epoch 0 | step 1406/2656 | loss 0.5627 | reward_margin 0.5706
train_step epoch 0 | step 1407/2656 | loss 0.6492 | reward_margin 0.3421
train_step epoch 0 | step 1408/2656 | loss 0.6483 | reward_margin 0.3129
train_step epoch 0 | step 1409/2656 | loss 0.5106 | reward_margin 0.5610
train_step epoch 0 | step 1410/2656 | loss 0.7181 | reward_margin 0.1709
train_step epoch 0 | step 1411/2656 | loss 0.6697 | reward_margin 0.2984
train_step epoch 0 | step 1412/2656 | loss 0.4461 | reward_margin 1.1954
train_step epoch 0 | step 1413/2656 | loss 0.9007 | reward_margin -0.0935
train_step epoch 0 | step 1414/2656 | loss 0.6150 | reward_margin 0.3245
train_step epoch 0 | step 1415/2656 | loss 0.4833 | reward_margin 0.9592
train_step epoch 0 | step 1416/2656 | loss 0.6764 | reward_margin 0.1757
train_step epoch 0 | step 1417/2656 | loss 0.6771 | reward_margin 0.2682
train_step epoch 0 | step 1418/2656 | loss 0.4632 | reward_margin 0.9012
train_step epoch 0 | step 1419/2656 | loss 0.4096 | reward_margin 0.9928
train_step epoch 0 | step 1420/2656 | loss 0.6913 | reward_margin 0.1214
train_step epoch 0 | step 1421/2656 | loss 0.6975 | reward_margin 0.2244
train_step epoch 0 | step 1422/2656 | loss 0.7126 | reward_margin 0.3326
train_step epoch 0 | step 1423/2656 | loss 0.6381 | reward_margin 0.9458
train_step epoch 0 | step 1424/2656 | loss 0.5593 | reward_margin 0.8655
train_step epoch 0 | step 1425/2656 | loss 0.6578 | reward_margin 0.2323
train_step epoch 0 | step 1426/2656 | loss 0.7736 | reward_margin 0.3781
train_step epoch 0 | step 1427/2656 | loss 0.7749 | reward_margin 0.1189
train_step epoch 0 | step 1428/2656 | loss 0.4846 | reward_margin 0.7982
train_step epoch 0 | step 1429/2656 | loss 0.7336 | reward_margin 0.3175
train_step epoch 0 | step 1430/2656 | loss 0.6107 | reward_margin 0.2471
train_step epoch 0 | step 1431/2656 | loss 0.5916 | reward_margin 0.4749
train_step epoch 0 | step 1432/2656 | loss 0.6493 | reward_margin 0.4992
train_step epoch 0 | step 1433/2656 | loss 0.6702 | reward_margin 0.4075
train_step epoch 0 | step 1434/2656 | loss 0.5305 | reward_margin 0.5289
train_step epoch 0 | step 1435/2656 | loss 0.9149 | reward_margin 0.0577
train_step epoch 0 | step 1436/2656 | loss 0.7691 | reward_margin 0.1958
train_step epoch 0 | step 1437/2656 | loss 0.5454 | reward_margin 0.7929
train_step epoch 0 | step 1438/2656 | loss 0.5744 | reward_margin 0.6918
train_step epoch 0 | step 1439/2656 | loss 0.6754 | reward_margin 0.2358
train_step epoch 0 | step 1440/2656 | loss 0.6983 | reward_margin 0.1716
train_step epoch 0 | step 1441/2656 | loss 0.5579 | reward_margin 0.5330
train_step epoch 0 | step 1442/2656 | loss 0.4213 | reward_margin 1.0279
train_step epoch 0 | step 1443/2656 | loss 0.8516 | reward_margin 0.0325
train_step epoch 0 | step 1444/2656 | loss 0.5538 | reward_margin 0.4323
train_step epoch 0 | step 1445/2656 | loss 0.6858 | reward_margin 0.2953
train_step epoch 0 | step 1446/2656 | loss 0.6795 | reward_margin 0.1711
train_step epoch 0 | step 1447/2656 | loss 0.7984 | reward_margin 0.0853
train_step epoch 0 | step 1448/2656 | loss 0.6496 | reward_margin 0.4214
train_step epoch 0 | step 1449/2656 | loss 0.9156 | reward_margin 0.1230
train_step epoch 0 | step 1450/2656 | loss 0.6017 | reward_margin 0.8549
train_step epoch 0 | step 1451/2656 | loss 0.5315 | reward_margin 0.7225
train_step epoch 0 | step 1452/2656 | loss 0.5322 | reward_margin 0.6814
train_step epoch 0 | step 1453/2656 | loss 0.9857 | reward_margin -0.1964
train_step epoch 0 | step 1454/2656 | loss 0.6911 | reward_margin 0.3881
train_step epoch 0 | step 1455/2656 | loss 0.6298 | reward_margin 0.2358
train_step epoch 0 | step 1456/2656 | loss 0.6820 | reward_margin 0.3709
train_step epoch 0 | step 1457/2656 | loss 0.5199 | reward_margin 0.7690
train_step epoch 0 | step 1458/2656 | loss 0.5712 | reward_margin 0.5503
train_step epoch 0 | step 1459/2656 | loss 0.4866 | reward_margin 1.1967
train_step epoch 0 | step 1460/2656 | loss 0.5731 | reward_margin 0.3284
train_step epoch 0 | step 1461/2656 | loss 0.7327 | reward_margin 0.2545
train_step epoch 0 | step 1462/2656 | loss 0.8662 | reward_margin -0.1356
train_step epoch 0 | step 1463/2656 | loss 0.9190 | reward_margin -0.0485
train_step epoch 0 | step 1464/2656 | loss 0.5193 | reward_margin 0.7705
train_step epoch 0 | step 1465/2656 | loss 0.8149 | reward_margin -0.0347
train_step epoch 0 | step 1466/2656 | loss 0.9346 | reward_margin -0.2268
train_step epoch 0 | step 1467/2656 | loss 0.4632 | reward_margin 0.9785
train_step epoch 0 | step 1468/2656 | loss 0.6841 | reward_margin 0.3723
train_step epoch 0 | step 1469/2656 | loss 0.4017 | reward_margin 0.9932
train_step epoch 0 | step 1470/2656 | loss 0.5903 | reward_margin 0.5763
train_step epoch 0 | step 1471/2656 | loss 0.6242 | reward_margin 0.2246
train_step epoch 0 | step 1472/2656 | loss 0.7741 | reward_margin 0.1390
train_step epoch 0 | step 1473/2656 | loss 0.8500 | reward_margin 0.2755
train_step epoch 0 | step 1474/2656 | loss 0.6373 | reward_margin 0.5403
train_step epoch 0 | step 1475/2656 | loss 0.6828 | reward_margin 0.2865
train_step epoch 0 | step 1476/2656 | loss 0.4977 | reward_margin 0.6594
train_step epoch 0 | step 1477/2656 | loss 0.3783 | reward_margin 1.0315
train_step epoch 0 | step 1478/2656 | loss 0.7350 | reward_margin 0.1335
train_step epoch 0 | step 1479/2656 | loss 0.8480 | reward_margin 0.0581
train_step epoch 0 | step 1480/2656 | loss 0.6198 | reward_margin 0.5175
train_step epoch 0 | step 1481/2656 | loss 0.6161 | reward_margin 0.2628
train_step epoch 0 | step 1482/2656 | loss 0.5190 | reward_margin 0.6044
train_step epoch 0 | step 1483/2656 | loss 0.5704 | reward_margin 0.5898
train_step epoch 0 | step 1484/2656 | loss 0.5062 | reward_margin 0.8241
train_step epoch 0 | step 1485/2656 | loss 0.5372 | reward_margin 0.5589
train_step epoch 0 | step 1486/2656 | loss 0.8043 | reward_margin -0.0292
train_step epoch 0 | step 1487/2656 | loss 0.5211 | reward_margin 0.7882
train_step epoch 0 | step 1488/2656 | loss 0.4814 | reward_margin 0.8206
train_step epoch 0 | step 1489/2656 | loss 0.4487 | reward_margin 1.1892
train_step epoch 0 | step 1490/2656 | loss 0.5819 | reward_margin 0.7383
train_step epoch 0 | step 1491/2656 | loss 0.7017 | reward_margin 0.1523
train_step epoch 0 | step 1492/2656 | loss 0.5008 | reward_margin 0.6977
train_step epoch 0 | step 1493/2656 | loss 0.7098 | reward_margin 0.1615
train_step epoch 0 | step 1494/2656 | loss 0.6270 | reward_margin 0.2859
train_step epoch 0 | step 1495/2656 | loss 0.7477 | reward_margin 0.3547
train_step epoch 0 | step 1496/2656 | loss 0.7428 | reward_margin 0.1528
train_step epoch 0 | step 1497/2656 | loss 0.5798 | reward_margin 0.4720
train_step epoch 0 | step 1498/2656 | loss 0.6016 | reward_margin 0.9209
train_step epoch 0 | step 1499/2656 | loss 0.6572 | reward_margin 0.6153
train_step epoch 0 | step 1500/2656 | loss 0.6256 | reward_margin 0.7007
epoch 0 | step 1500/2656 | loss 0.6605 | reward_margin 0.3945
train_step epoch 0 | step 1501/2656 | loss 0.7181 | reward_margin 0.2016
train_step epoch 0 | step 1502/2656 | loss 0.4340 | reward_margin 1.0522
train_step epoch 0 | step 1503/2656 | loss 0.6734 | reward_margin 0.5576
train_step epoch 0 | step 1504/2656 | loss 0.6927 | reward_margin 0.1393
train_step epoch 0 | step 1505/2656 | loss 0.7298 | reward_margin 0.1334
train_step epoch 0 | step 1506/2656 | loss 0.5059 | reward_margin 0.7322
train_step epoch 0 | step 1507/2656 | loss 0.6804 | reward_margin 0.4314
train_step epoch 0 | step 1508/2656 | loss 0.9152 | reward_margin -0.0611
train_step epoch 0 | step 1509/2656 | loss 0.5125 | reward_margin 0.5893
train_step epoch 0 | step 1510/2656 | loss 0.5791 | reward_margin 0.6691
train_step epoch 0 | step 1511/2656 | loss 0.5862 | reward_margin 0.4978
train_step epoch 0 | step 1512/2656 | loss 0.6436 | reward_margin 0.3622
train_step epoch 0 | step 1513/2656 | loss 0.6631 | reward_margin 0.2840
train_step epoch 0 | step 1514/2656 | loss 0.9404 | reward_margin -0.2670
train_step epoch 0 | step 1515/2656 | loss 0.5987 | reward_margin 0.7429
train_step epoch 0 | step 1516/2656 | loss 0.6003 | reward_margin 0.4832
train_step epoch 0 | step 1517/2656 | loss 0.6837 | reward_margin 0.2653
train_step epoch 0 | step 1518/2656 | loss 0.6130 | reward_margin 0.2987
train_step epoch 0 | step 1519/2656 | loss 0.6942 | reward_margin 0.1824
train_step epoch 0 | step 1520/2656 | loss 0.6994 | reward_margin 0.1230
train_step epoch 0 | step 1521/2656 | loss 0.4913 | reward_margin 0.8035
train_step epoch 0 | step 1522/2656 | loss 0.7299 | reward_margin 0.3522
train_step epoch 0 | step 1523/2656 | loss 0.9570 | reward_margin 0.4790
train_step epoch 0 | step 1524/2656 | loss 0.5809 | reward_margin 0.7318
train_step epoch 0 | step 1525/2656 | loss 0.6734 | reward_margin 0.4358
train_step epoch 0 | step 1526/2656 | loss 0.6265 | reward_margin 0.5044
train_step epoch 0 | step 1527/2656 | loss 0.7580 | reward_margin 0.1119
train_step epoch 0 | step 1528/2656 | loss 0.5190 | reward_margin 0.7293
train_step epoch 0 | step 1529/2656 | loss 0.6981 | reward_margin 0.4370
train_step epoch 0 | step 1530/2656 | loss 0.5409 | reward_margin 0.6152
train_step epoch 0 | step 1531/2656 | loss 0.7214 | reward_margin 0.0477
train_step epoch 0 | step 1532/2656 | loss 0.4692 | reward_margin 0.8228
train_step epoch 0 | step 1533/2656 | loss 0.6714 | reward_margin 0.4458
train_step epoch 0 | step 1534/2656 | loss 0.6463 | reward_margin 0.3989
train_step epoch 0 | step 1535/2656 | loss 0.6164 | reward_margin 0.3274
train_step epoch 0 | step 1536/2656 | loss 0.7306 | reward_margin 0.5843
train_step epoch 0 | step 1537/2656 | loss 0.5442 | reward_margin 0.8180
train_step epoch 0 | step 1538/2656 | loss 0.5988 | reward_margin 0.4309
train_step epoch 0 | step 1539/2656 | loss 0.6565 | reward_margin 0.1651
train_step epoch 0 | step 1540/2656 | loss 0.8430 | reward_margin -0.0986
train_step epoch 0 | step 1541/2656 | loss 0.5285 | reward_margin 0.6090
train_step epoch 0 | step 1542/2656 | loss 0.9645 | reward_margin -0.1881
train_step epoch 0 | step 1543/2656 | loss 0.7461 | reward_margin 0.2875
train_step epoch 0 | step 1544/2656 | loss 0.7273 | reward_margin 0.2121
train_step epoch 0 | step 1545/2656 | loss 0.8640 | reward_margin 0.0333
train_step epoch 0 | step 1546/2656 | loss 0.4381 | reward_margin 1.0837
train_step epoch 0 | step 1547/2656 | loss 0.6573 | reward_margin 0.4867
train_step epoch 0 | step 1548/2656 | loss 0.5743 | reward_margin 0.6195
train_step epoch 0 | step 1549/2656 | loss 0.7020 | reward_margin 0.3466
train_step epoch 0 | step 1550/2656 | loss 0.7173 | reward_margin 0.2043
train_step epoch 0 | step 1551/2656 | loss 0.5184 | reward_margin 0.5989
train_step epoch 0 | step 1552/2656 | loss 0.5413 | reward_margin 0.5251
train_step epoch 0 | step 1553/2656 | loss 1.1206 | reward_margin -0.2755
train_step epoch 0 | step 1554/2656 | loss 0.5688 | reward_margin 0.6357
train_step epoch 0 | step 1555/2656 | loss 0.4614 | reward_margin 1.3480
train_step epoch 0 | step 1556/2656 | loss 0.7106 | reward_margin 0.1723
train_step epoch 0 | step 1557/2656 | loss 0.5490 | reward_margin 0.4721
train_step epoch 0 | step 1558/2656 | loss 0.4651 | reward_margin 0.7800
train_step epoch 0 | step 1559/2656 | loss 0.8255 | reward_margin -0.0685
train_step epoch 0 | step 1560/2656 | loss 0.6240 | reward_margin 0.3550
train_step epoch 0 | step 1561/2656 | loss 0.4524 | reward_margin 0.7563
train_step epoch 0 | step 1562/2656 | loss 0.5612 | reward_margin 0.4226
train_step epoch 0 | step 1563/2656 | loss 0.8881 | reward_margin -0.1327
train_step epoch 0 | step 1564/2656 | loss 0.5864 | reward_margin 0.4623
train_step epoch 0 | step 1565/2656 | loss 0.7514 | reward_margin 0.0997
train_step epoch 0 | step 1566/2656 | loss 0.6803 | reward_margin 0.4849
train_step epoch 0 | step 1567/2656 | loss 0.5958 | reward_margin 0.4309
train_step epoch 0 | step 1568/2656 | loss 0.6058 | reward_margin 0.6606
train_step epoch 0 | step 1569/2656 | loss 0.5649 | reward_margin 0.9277
train_step epoch 0 | step 1570/2656 | loss 0.6857 | reward_margin 0.4357
train_step epoch 0 | step 1571/2656 | loss 0.5297 | reward_margin 0.6598
train_step epoch 0 | step 1572/2656 | loss 0.6075 | reward_margin 0.3653
train_step epoch 0 | step 1573/2656 | loss 0.6371 | reward_margin 0.6545
train_step epoch 0 | step 1574/2656 | loss 0.5099 | reward_margin 0.8592
train_step epoch 0 | step 1575/2656 | loss 0.8707 | reward_margin -0.0609
train_step epoch 0 | step 1576/2656 | loss 0.5130 | reward_margin 0.5674
train_step epoch 0 | step 1577/2656 | loss 0.5778 | reward_margin 0.6967
train_step epoch 0 | step 1578/2656 | loss 0.8684 | reward_margin -0.0596
train_step epoch 0 | step 1579/2656 | loss 0.6933 | reward_margin 0.3183
train_step epoch 0 | step 1580/2656 | loss 0.5678 | reward_margin 0.6916
train_step epoch 0 | step 1581/2656 | loss 0.6072 | reward_margin 0.4551
train_step epoch 0 | step 1582/2656 | loss 0.6540 | reward_margin 0.4569
train_step epoch 0 | step 1583/2656 | loss 0.6178 | reward_margin 0.2545
train_step epoch 0 | step 1584/2656 | loss 0.8416 | reward_margin -0.0629
train_step epoch 0 | step 1585/2656 | loss 0.6426 | reward_margin 0.2672
train_step epoch 0 | step 1586/2656 | loss 0.5554 | reward_margin 0.7468
train_step epoch 0 | step 1587/2656 | loss 0.6436 | reward_margin 0.2536
train_step epoch 0 | step 1588/2656 | loss 0.7547 | reward_margin 0.0610
train_step epoch 0 | step 1589/2656 | loss 0.7802 | reward_margin 0.2525
train_step epoch 0 | step 1590/2656 | loss 0.6146 | reward_margin 0.3602
train_step epoch 0 | step 1591/2656 | loss 0.8699 | reward_margin -0.0281
train_step epoch 0 | step 1592/2656 | loss 0.6580 | reward_margin 0.5767
train_step epoch 0 | step 1593/2656 | loss 0.6633 | reward_margin 0.2132
train_step epoch 0 | step 1594/2656 | loss 0.5838 | reward_margin 0.5841
train_step epoch 0 | step 1595/2656 | loss 0.9539 | reward_margin -0.3349
train_step epoch 0 | step 1596/2656 | loss 0.5360 | reward_margin 0.5433
train_step epoch 0 | step 1597/2656 | loss 0.6317 | reward_margin 0.3148
train_step epoch 0 | step 1598/2656 | loss 0.5792 | reward_margin 0.3981
train_step epoch 0 | step 1599/2656 | loss 0.6234 | reward_margin 0.4258
train_step epoch 0 | step 1600/2656 | loss 0.6331 | reward_margin 0.7299
train_step epoch 0 | step 1601/2656 | loss 0.5990 | reward_margin 0.5002
train_step epoch 0 | step 1602/2656 | loss 0.6807 | reward_margin 0.1651
train_step epoch 0 | step 1603/2656 | loss 0.5565 | reward_margin 0.5256
train_step epoch 0 | step 1604/2656 | loss 0.6735 | reward_margin 0.3000
train_step epoch 0 | step 1605/2656 | loss 0.5812 | reward_margin 0.5463
train_step epoch 0 | step 1606/2656 | loss 0.5810 | reward_margin 0.5749
train_step epoch 0 | step 1607/2656 | loss 0.4981 | reward_margin 0.7633
train_step epoch 0 | step 1608/2656 | loss 0.6796 | reward_margin 0.3380
train_step epoch 0 | step 1609/2656 | loss 0.6942 | reward_margin 0.1698
train_step epoch 0 | step 1610/2656 | loss 0.6686 | reward_margin 0.3172
train_step epoch 0 | step 1611/2656 | loss 0.5034 | reward_margin 0.7812
train_step epoch 0 | step 1612/2656 | loss 0.7994 | reward_margin 0.1880
train_step epoch 0 | step 1613/2656 | loss 0.7163 | reward_margin 0.2411
train_step epoch 0 | step 1614/2656 | loss 0.4798 | reward_margin 0.7739
train_step epoch 0 | step 1615/2656 | loss 0.6009 | reward_margin 0.6985
train_step epoch 0 | step 1616/2656 | loss 0.6412 | reward_margin 0.3295
train_step epoch 0 | step 1617/2656 | loss 0.4977 | reward_margin 0.6181
train_step epoch 0 | step 1618/2656 | loss 0.5822 | reward_margin 0.7545
train_step epoch 0 | step 1619/2656 | loss 0.8567 | reward_margin 0.2449
train_step epoch 0 | step 1620/2656 | loss 0.8693 | reward_margin 0.3946
train_step epoch 0 | step 1621/2656 | loss 0.5538 | reward_margin 0.8967
train_step epoch 0 | step 1622/2656 | loss 0.9061 | reward_margin -0.1074
train_step epoch 0 | step 1623/2656 | loss 0.4315 | reward_margin 0.9718
train_step epoch 0 | step 1624/2656 | loss 0.7816 | reward_margin 0.1337
train_step epoch 0 | step 1625/2656 | loss 0.7605 | reward_margin 0.1494
train_step epoch 0 | step 1626/2656 | loss 0.5942 | reward_margin 0.5458
train_step epoch 0 | step 1627/2656 | loss 0.8307 | reward_margin 0.0310
train_step epoch 0 | step 1628/2656 | loss 0.8164 | reward_margin -0.0200
train_step epoch 0 | step 1629/2656 | loss 0.5080 | reward_margin 0.6926
train_step epoch 0 | step 1630/2656 | loss 0.5526 | reward_margin 0.5610
train_step epoch 0 | step 1631/2656 | loss 0.7215 | reward_margin 0.2485
train_step epoch 0 | step 1632/2656 | loss 0.6547 | reward_margin 0.1883
train_step epoch 0 | step 1633/2656 | loss 0.6344 | reward_margin 0.3998
train_step epoch 0 | step 1634/2656 | loss 0.5825 | reward_margin 0.3070
train_step epoch 0 | step 1635/2656 | loss 0.5959 | reward_margin 0.4331
train_step epoch 0 | step 1636/2656 | loss 0.5677 | reward_margin 0.5323
train_step epoch 0 | step 1637/2656 | loss 0.4616 | reward_margin 0.7153
train_step epoch 0 | step 1638/2656 | loss 0.8779 | reward_margin 0.0047
train_step epoch 0 | step 1639/2656 | loss 0.6026 | reward_margin 0.6459
train_step epoch 0 | step 1640/2656 | loss 0.6235 | reward_margin 0.7289
train_step epoch 0 | step 1641/2656 | loss 0.6713 | reward_margin 0.4550
train_step epoch 0 | step 1642/2656 | loss 0.7051 | reward_margin 0.3071
train_step epoch 0 | step 1643/2656 | loss 0.8944 | reward_margin -0.0925
train_step epoch 0 | step 1644/2656 | loss 0.5706 | reward_margin 0.3388
train_step epoch 0 | step 1645/2656 | loss 0.6909 | reward_margin 0.4008
train_step epoch 0 | step 1646/2656 | loss 0.6813 | reward_margin 0.2839
train_step epoch 0 | step 1647/2656 | loss 0.7741 | reward_margin 0.1336
train_step epoch 0 | step 1648/2656 | loss 0.6836 | reward_margin 0.3620
train_step epoch 0 | step 1649/2656 | loss 0.6567 | reward_margin 0.3236
train_step epoch 0 | step 1650/2656 | loss 0.7999 | reward_margin 0.2204
train_step epoch 0 | step 1651/2656 | loss 0.8670 | reward_margin 0.0344
train_step epoch 0 | step 1652/2656 | loss 0.6656 | reward_margin 0.3253
train_step epoch 0 | step 1653/2656 | loss 0.6708 | reward_margin 0.4742
train_step epoch 0 | step 1654/2656 | loss 0.6241 | reward_margin 0.3452
train_step epoch 0 | step 1655/2656 | loss 0.6189 | reward_margin 0.4754
train_step epoch 0 | step 1656/2656 | loss 0.6192 | reward_margin 0.3461
train_step epoch 0 | step 1657/2656 | loss 0.7162 | reward_margin 0.0403
train_step epoch 0 | step 1658/2656 | loss 0.9464 | reward_margin 0.2558
train_step epoch 0 | step 1659/2656 | loss 0.6678 | reward_margin 0.4103
train_step epoch 0 | step 1660/2656 | loss 0.6361 | reward_margin 0.3466
train_step epoch 0 | step 1661/2656 | loss 0.5508 | reward_margin 0.8336
train_step epoch 0 | step 1662/2656 | loss 0.7337 | reward_margin 0.0775
train_step epoch 0 | step 1663/2656 | loss 0.9151 | reward_margin -0.2577
train_step epoch 0 | step 1664/2656 | loss 0.5065 | reward_margin 0.6494
train_step epoch 0 | step 1665/2656 | loss 0.5697 | reward_margin 0.5772
train_step epoch 0 | step 1666/2656 | loss 0.5903 | reward_margin 0.5205
train_step epoch 0 | step 1667/2656 | loss 0.6035 | reward_margin 0.5526
train_step epoch 0 | step 1668/2656 | loss 0.7909 | reward_margin 0.1356
train_step epoch 0 | step 1669/2656 | loss 0.8041 | reward_margin -0.0502
train_step epoch 0 | step 1670/2656 | loss 0.6553 | reward_margin 0.1889
train_step epoch 0 | step 1671/2656 | loss 0.7209 | reward_margin 0.2241
train_step epoch 0 | step 1672/2656 | loss 0.6980 | reward_margin 0.2958
train_step epoch 0 | step 1673/2656 | loss 0.6011 | reward_margin 0.3300
train_step epoch 0 | step 1674/2656 | loss 0.4392 | reward_margin 0.7679
train_step epoch 0 | step 1675/2656 | loss 0.4914 | reward_margin 0.6780
train_step epoch 0 | step 1676/2656 | loss 0.6889 | reward_margin 0.1098
train_step epoch 0 | step 1677/2656 | loss 0.8087 | reward_margin -0.1011
train_step epoch 0 | step 1678/2656 | loss 0.5063 | reward_margin 0.6371
train_step epoch 0 | step 1679/2656 | loss 0.7182 | reward_margin 0.1215
train_step epoch 0 | step 1680/2656 | loss 0.5518 | reward_margin 0.7864
train_step epoch 0 | step 1681/2656 | loss 0.6099 | reward_margin 0.5684
train_step epoch 0 | step 1682/2656 | loss 0.5416 | reward_margin 0.8983
train_step epoch 0 | step 1683/2656 | loss 0.4944 | reward_margin 0.6490
train_step epoch 0 | step 1684/2656 | loss 0.5614 | reward_margin 0.6053
train_step epoch 0 | step 1685/2656 | loss 0.9527 | reward_margin -0.0070
train_step epoch 0 | step 1686/2656 | loss 0.4937 | reward_margin 0.5481
train_step epoch 0 | step 1687/2656 | loss 0.4989 | reward_margin 1.1282
train_step epoch 0 | step 1688/2656 | loss 0.5507 | reward_margin 0.6320
train_step epoch 0 | step 1689/2656 | loss 0.5560 | reward_margin 0.7398
train_step epoch 0 | step 1690/2656 | loss 0.5792 | reward_margin 0.4415
train_step epoch 0 | step 1691/2656 | loss 0.5901 | reward_margin 0.3662
train_step epoch 0 | step 1692/2656 | loss 0.6932 | reward_margin 0.3673
train_step epoch 0 | step 1693/2656 | loss 0.5183 | reward_margin 0.5557
train_step epoch 0 | step 1694/2656 | loss 0.4529 | reward_margin 0.9804
train_step epoch 0 | step 1695/2656 | loss 0.4911 | reward_margin 0.7166
train_step epoch 0 | step 1696/2656 | loss 0.4389 | reward_margin 1.0244
train_step epoch 0 | step 1697/2656 | loss 0.8842 | reward_margin -0.1086
train_step epoch 0 | step 1698/2656 | loss 0.7124 | reward_margin 0.1332
train_step epoch 0 | step 1699/2656 | loss 0.7223 | reward_margin 0.2549
train_step epoch 0 | step 1700/2656 | loss 0.5710 | reward_margin 0.5814
train_step epoch 0 | step 1701/2656 | loss 0.5807 | reward_margin 0.6742
train_step epoch 0 | step 1702/2656 | loss 0.5363 | reward_margin 0.5593
train_step epoch 0 | step 1703/2656 | loss 0.6602 | reward_margin 0.3518
train_step epoch 0 | step 1704/2656 | loss 0.6271 | reward_margin 0.4235
train_step epoch 0 | step 1705/2656 | loss 0.7995 | reward_margin 0.1333
train_step epoch 0 | step 1706/2656 | loss 0.6076 | reward_margin 0.4396
train_step epoch 0 | step 1707/2656 | loss 0.6436 | reward_margin 0.5080
train_step epoch 0 | step 1708/2656 | loss 0.4787 | reward_margin 1.6596
train_step epoch 0 | step 1709/2656 | loss 0.6156 | reward_margin 0.9663
train_step epoch 0 | step 1710/2656 | loss 0.5318 | reward_margin 0.6610
train_step epoch 0 | step 1711/2656 | loss 0.3805 | reward_margin 1.3144
train_step epoch 0 | step 1712/2656 | loss 0.5877 | reward_margin 0.4732
train_step epoch 0 | step 1713/2656 | loss 0.4437 | reward_margin 0.8468
train_step epoch 0 | step 1714/2656 | loss 0.6145 | reward_margin 0.7006
train_step epoch 0 | step 1715/2656 | loss 0.5692 | reward_margin 0.4810
train_step epoch 0 | step 1716/2656 | loss 0.4978 | reward_margin 0.6311
train_step epoch 0 | step 1717/2656 | loss 0.8324 | reward_margin 0.1219
train_step epoch 0 | step 1718/2656 | loss 0.7730 | reward_margin 0.3050
train_step epoch 0 | step 1719/2656 | loss 0.3734 | reward_margin 1.1320
train_step epoch 0 | step 1720/2656 | loss 0.4393 | reward_margin 0.8379
train_step epoch 0 | step 1721/2656 | loss 0.7786 | reward_margin 0.1472
train_step epoch 0 | step 1722/2656 | loss 0.5969 | reward_margin 0.5486
train_step epoch 0 | step 1723/2656 | loss 0.8090 | reward_margin -0.0401
train_step epoch 0 | step 1724/2656 | loss 0.5945 | reward_margin 0.4981
train_step epoch 0 | step 1725/2656 | loss 0.6040 | reward_margin 0.3280
train_step epoch 0 | step 1726/2656 | loss 0.7671 | reward_margin 0.4063
train_step epoch 0 | step 1727/2656 | loss 0.7336 | reward_margin 0.1349
train_step epoch 0 | step 1728/2656 | loss 0.6235 | reward_margin 0.4940
train_step epoch 0 | step 1729/2656 | loss 0.9367 | reward_margin 0.2177
train_step epoch 0 | step 1730/2656 | loss 0.8093 | reward_margin 0.0887
train_step epoch 0 | step 1731/2656 | loss 0.4965 | reward_margin 0.7521
train_step epoch 0 | step 1732/2656 | loss 0.6703 | reward_margin 0.4634
train_step epoch 0 | step 1733/2656 | loss 0.4846 | reward_margin 0.7420
train_step epoch 0 | step 1734/2656 | loss 0.5520 | reward_margin 0.4914
train_step epoch 0 | step 1735/2656 | loss 0.6079 | reward_margin 0.3674
train_step epoch 0 | step 1736/2656 | loss 0.6330 | reward_margin 0.1892
train_step epoch 0 | step 1737/2656 | loss 0.7423 | reward_margin 0.1434
train_step epoch 0 | step 1738/2656 | loss 0.6656 | reward_margin 0.3031
train_step epoch 0 | step 1739/2656 | loss 0.5075 | reward_margin 0.7064
train_step epoch 0 | step 1740/2656 | loss 0.5576 | reward_margin 0.5136
train_step epoch 0 | step 1741/2656 | loss 0.5458 | reward_margin 0.6996
train_step epoch 0 | step 1742/2656 | loss 0.4965 | reward_margin 0.6427
train_step epoch 0 | step 1743/2656 | loss 0.5962 | reward_margin 0.7267
train_step epoch 0 | step 1744/2656 | loss 0.5977 | reward_margin 0.4423
train_step epoch 0 | step 1745/2656 | loss 0.7418 | reward_margin 0.1216
train_step epoch 0 | step 1746/2656 | loss 0.7063 | reward_margin 0.0718
train_step epoch 0 | step 1747/2656 | loss 0.5120 | reward_margin 1.2046
train_step epoch 0 | step 1748/2656 | loss 0.5714 | reward_margin 0.4486
train_step epoch 0 | step 1749/2656 | loss 0.6153 | reward_margin 0.5313
train_step epoch 0 | step 1750/2656 | loss 0.5706 | reward_margin 0.5703
train_step epoch 0 | step 1751/2656 | loss 0.5056 | reward_margin 0.6679
train_step epoch 0 | step 1752/2656 | loss 0.6700 | reward_margin 0.4968
train_step epoch 0 | step 1753/2656 | loss 0.8930 | reward_margin -0.0252
train_step epoch 0 | step 1754/2656 | loss 0.7784 | reward_margin 0.1491
train_step epoch 0 | step 1755/2656 | loss 0.7835 | reward_margin 0.1704
train_step epoch 0 | step 1756/2656 | loss 0.5661 | reward_margin 0.6012
train_step epoch 0 | step 1757/2656 | loss 0.7826 | reward_margin 0.2492
train_step epoch 0 | step 1758/2656 | loss 0.7614 | reward_margin 0.2565
train_step epoch 0 | step 1759/2656 | loss 0.6709 | reward_margin 0.4255
train_step epoch 0 | step 1760/2656 | loss 0.5332 | reward_margin 0.6145
train_step epoch 0 | step 1761/2656 | loss 0.8475 | reward_margin -0.1063
train_step epoch 0 | step 1762/2656 | loss 0.6370 | reward_margin 0.3150
train_step epoch 0 | step 1763/2656 | loss 0.5104 | reward_margin 1.1670
train_step epoch 0 | step 1764/2656 | loss 0.3688 | reward_margin 0.9711
train_step epoch 0 | step 1765/2656 | loss 0.8381 | reward_margin 0.0215
train_step epoch 0 | step 1766/2656 | loss 0.6279 | reward_margin 0.3995
train_step epoch 0 | step 1767/2656 | loss 0.6388 | reward_margin 0.3370
train_step epoch 0 | step 1768/2656 | loss 0.5436 | reward_margin 0.6210
train_step epoch 0 | step 1769/2656 | loss 0.5439 | reward_margin 0.6634
train_step epoch 0 | step 1770/2656 | loss 0.5461 | reward_margin 0.7052
train_step epoch 0 | step 1771/2656 | loss 0.5591 | reward_margin 0.8558
train_step epoch 0 | step 1772/2656 | loss 0.5179 | reward_margin 0.5877
train_step epoch 0 | step 1773/2656 | loss 0.5361 | reward_margin 0.8378
train_step epoch 0 | step 1774/2656 | loss 0.7777 | reward_margin 0.0633
train_step epoch 0 | step 1775/2656 | loss 0.5988 | reward_margin 0.3607
train_step epoch 0 | step 1776/2656 | loss 0.5460 | reward_margin 0.6280
train_step epoch 0 | step 1777/2656 | loss 0.7538 | reward_margin 0.1565
train_step epoch 0 | step 1778/2656 | loss 0.7554 | reward_margin 0.1438
train_step epoch 0 | step 1779/2656 | loss 0.5615 | reward_margin 0.4312
train_step epoch 0 | step 1780/2656 | loss 0.5912 | reward_margin 0.3922
train_step epoch 0 | step 1781/2656 | loss 0.4669 | reward_margin 0.7869
train_step epoch 0 | step 1782/2656 | loss 0.5376 | reward_margin 0.6211
train_step epoch 0 | step 1783/2656 | loss 0.4658 | reward_margin 1.0000
train_step epoch 0 | step 1784/2656 | loss 0.4592 | reward_margin 0.9485
train_step epoch 0 | step 1785/2656 | loss 0.5767 | reward_margin 0.5230
train_step epoch 0 | step 1786/2656 | loss 0.5186 | reward_margin 0.7797
train_step epoch 0 | step 1787/2656 | loss 0.7653 | reward_margin 0.2898
train_step epoch 0 | step 1788/2656 | loss 0.4121 | reward_margin 1.2640
train_step epoch 0 | step 1789/2656 | loss 0.5528 | reward_margin 0.4201
train_step epoch 0 | step 1790/2656 | loss 0.8442 | reward_margin 0.0342
train_step epoch 0 | step 1791/2656 | loss 0.5491 | reward_margin 0.4593
train_step epoch 0 | step 1792/2656 | loss 0.6633 | reward_margin 0.2085
train_step epoch 0 | step 1793/2656 | loss 0.5273 | reward_margin 0.8159
train_step epoch 0 | step 1794/2656 | loss 0.6772 | reward_margin 0.5813
train_step epoch 0 | step 1795/2656 | loss 0.5283 | reward_margin 0.7481
train_step epoch 0 | step 1796/2656 | loss 0.5823 | reward_margin 0.6947
train_step epoch 0 | step 1797/2656 | loss 0.6503 | reward_margin 0.6103
train_step epoch 0 | step 1798/2656 | loss 0.7257 | reward_margin 0.2216
train_step epoch 0 | step 1799/2656 | loss 0.5051 | reward_margin 0.5623
train_step epoch 0 | step 1800/2656 | loss 0.7203 | reward_margin 0.2625
train_step epoch 0 | step 1801/2656 | loss 0.4517 | reward_margin 0.9893
train_step epoch 0 | step 1802/2656 | loss 0.5949 | reward_margin 0.8412
train_step epoch 0 | step 1803/2656 | loss 0.6444 | reward_margin 0.4698
train_step epoch 0 | step 1804/2656 | loss 0.7380 | reward_margin 0.2550
train_step epoch 0 | step 1805/2656 | loss 0.6547 | reward_margin 0.4077
train_step epoch 0 | step 1806/2656 | loss 0.5889 | reward_margin 0.3795
train_step epoch 0 | step 1807/2656 | loss 0.4938 | reward_margin 0.6570
train_step epoch 0 | step 1808/2656 | loss 0.7355 | reward_margin 0.3048
train_step epoch 0 | step 1809/2656 | loss 0.7675 | reward_margin 0.5921
train_step epoch 0 | step 1810/2656 | loss 0.8383 | reward_margin -0.0435
train_step epoch 0 | step 1811/2656 | loss 0.5852 | reward_margin 0.5471
train_step epoch 0 | step 1812/2656 | loss 0.6110 | reward_margin 0.6347
train_step epoch 0 | step 1813/2656 | loss 0.5635 | reward_margin 0.5212
train_step epoch 0 | step 1814/2656 | loss 0.5604 | reward_margin 0.4851
train_step epoch 0 | step 1815/2656 | loss 0.5398 | reward_margin 0.4567
train_step epoch 0 | step 1816/2656 | loss 0.7154 | reward_margin 0.2290
train_step epoch 0 | step 1817/2656 | loss 0.4673 | reward_margin 0.7275
train_step epoch 0 | step 1818/2656 | loss 0.5470 | reward_margin 0.5424
train_step epoch 0 | step 1819/2656 | loss 0.6001 | reward_margin 0.4855
train_step epoch 0 | step 1820/2656 | loss 0.7856 | reward_margin 0.4559
train_step epoch 0 | step 1821/2656 | loss 0.5492 | reward_margin 0.5410
train_step epoch 0 | step 1822/2656 | loss 0.8535 | reward_margin 0.1593
train_step epoch 0 | step 1823/2656 | loss 0.7436 | reward_margin 0.0813
train_step epoch 0 | step 1824/2656 | loss 0.5854 | reward_margin 0.7419
train_step epoch 0 | step 1825/2656 | loss 0.6841 | reward_margin 0.4562
train_step epoch 0 | step 1826/2656 | loss 0.7375 | reward_margin 0.2158
train_step epoch 0 | step 1827/2656 | loss 0.6575 | reward_margin 0.5219
train_step epoch 0 | step 1828/2656 | loss 0.4986 | reward_margin 0.7462
train_step epoch 0 | step 1829/2656 | loss 0.6466 | reward_margin 0.2070
train_step epoch 0 | step 1830/2656 | loss 0.3821 | reward_margin 0.9309
train_step epoch 0 | step 1831/2656 | loss 0.7156 | reward_margin 0.0602
train_step epoch 0 | step 1832/2656 | loss 0.5731 | reward_margin 0.6052
train_step epoch 0 | step 1833/2656 | loss 0.4691 | reward_margin 0.9985
train_step epoch 0 | step 1834/2656 | loss 0.5542 | reward_margin 0.6834
train_step epoch 0 | step 1835/2656 | loss 0.6822 | reward_margin 0.2083
train_step epoch 0 | step 1836/2656 | loss 0.5552 | reward_margin 0.9250
train_step epoch 0 | step 1837/2656 | loss 0.4280 | reward_margin 0.9248
train_step epoch 0 | step 1838/2656 | loss 0.6292 | reward_margin 0.7030
train_step epoch 0 | step 1839/2656 | loss 0.6665 | reward_margin 0.5848
train_step epoch 0 | step 1840/2656 | loss 0.4264 | reward_margin 1.0182
train_step epoch 0 | step 1841/2656 | loss 0.6178 | reward_margin 0.6026
train_step epoch 0 | step 1842/2656 | loss 0.5987 | reward_margin 0.4150
train_step epoch 0 | step 1843/2656 | loss 0.7804 | reward_margin 0.1308
train_step epoch 0 | step 1844/2656 | loss 0.5586 | reward_margin 1.0144
train_step epoch 0 | step 1845/2656 | loss 0.7996 | reward_margin 0.0544
train_step epoch 0 | step 1846/2656 | loss 0.6259 | reward_margin 0.5567
train_step epoch 0 | step 1847/2656 | loss 0.5958 | reward_margin 0.7770
train_step epoch 0 | step 1848/2656 | loss 0.6286 | reward_margin 0.5728
train_step epoch 0 | step 1849/2656 | loss 0.7203 | reward_margin 0.2670
train_step epoch 0 | step 1850/2656 | loss 0.5498 | reward_margin 0.4832
train_step epoch 0 | step 1851/2656 | loss 0.4953 | reward_margin 0.9606
train_step epoch 0 | step 1852/2656 | loss 0.6034 | reward_margin 0.7551
train_step epoch 0 | step 1853/2656 | loss 0.4712 | reward_margin 1.0185
train_step epoch 0 | step 1854/2656 | loss 0.4532 | reward_margin 0.9367
train_step epoch 0 | step 1855/2656 | loss 0.7049 | reward_margin 0.4531
train_step epoch 0 | step 1856/2656 | loss 0.5594 | reward_margin 0.7653
train_step epoch 0 | step 1857/2656 | loss 0.5323 | reward_margin 0.5324
train_step epoch 0 | step 1858/2656 | loss 0.6908 | reward_margin 0.7633
train_step epoch 0 | step 1859/2656 | loss 0.7200 | reward_margin 0.4113
train_step epoch 0 | step 1860/2656 | loss 0.5323 | reward_margin 0.7109
train_step epoch 0 | step 1861/2656 | loss 0.9128 | reward_margin -0.0369
train_step epoch 0 | step 1862/2656 | loss 0.8378 | reward_margin -0.1815
train_step epoch 0 | step 1863/2656 | loss 0.6242 | reward_margin 0.3677
train_step epoch 0 | step 1864/2656 | loss 0.6475 | reward_margin 0.5378
train_step epoch 0 | step 1865/2656 | loss 0.6471 | reward_margin 0.3971
train_step epoch 0 | step 1866/2656 | loss 0.6723 | reward_margin 0.2934
train_step epoch 0 | step 1867/2656 | loss 0.6306 | reward_margin 0.3817
train_step epoch 0 | step 1868/2656 | loss 0.9591 | reward_margin 0.1646
train_step epoch 0 | step 1869/2656 | loss 0.7096 | reward_margin 0.4580
train_step epoch 0 | step 1870/2656 | loss 0.6568 | reward_margin 0.3415
train_step epoch 0 | step 1871/2656 | loss 0.4669 | reward_margin 0.8724
train_step epoch 0 | step 1872/2656 | loss 0.7477 | reward_margin 0.0321
train_step epoch 0 | step 1873/2656 | loss 0.5420 | reward_margin 0.5799
train_step epoch 0 | step 1874/2656 | loss 0.8625 | reward_margin 0.0226
train_step epoch 0 | step 1875/2656 | loss 0.5716 | reward_margin 0.4892
train_step epoch 0 | step 1876/2656 | loss 0.7182 | reward_margin 0.0799
train_step epoch 0 | step 1877/2656 | loss 0.8856 | reward_margin -0.2023
train_step epoch 0 | step 1878/2656 | loss 0.4385 | reward_margin 1.2167
train_step epoch 0 | step 1879/2656 | loss 0.5108 | reward_margin 0.6113
train_step epoch 0 | step 1880/2656 | loss 0.6790 | reward_margin 0.6753
train_step epoch 0 | step 1881/2656 | loss 0.8133 | reward_margin 0.0835
train_step epoch 0 | step 1882/2656 | loss 0.7080 | reward_margin 0.4404
train_step epoch 0 | step 1883/2656 | loss 0.5931 | reward_margin 0.6653
train_step epoch 0 | step 1884/2656 | loss 0.6307 | reward_margin 0.2909
train_step epoch 0 | step 1885/2656 | loss 0.6694 | reward_margin 0.3065
train_step epoch 0 | step 1886/2656 | loss 0.3930 | reward_margin 1.2056
train_step epoch 0 | step 1887/2656 | loss 0.6474 | reward_margin 0.3678
train_step epoch 0 | step 1888/2656 | loss 0.5445 | reward_margin 0.7412
train_step epoch 0 | step 1889/2656 | loss 0.6662 | reward_margin 0.3252
train_step epoch 0 | step 1890/2656 | loss 0.4957 | reward_margin 0.8413
train_step epoch 0 | step 1891/2656 | loss 0.5057 | reward_margin 0.9601
train_step epoch 0 | step 1892/2656 | loss 0.7901 | reward_margin 0.1742
train_step epoch 0 | step 1893/2656 | loss 0.7603 | reward_margin 0.0864
train_step epoch 0 | step 1894/2656 | loss 0.9534 | reward_margin 0.1075
train_step epoch 0 | step 1895/2656 | loss 0.8201 | reward_margin 0.1171
train_step epoch 0 | step 1896/2656 | loss 0.7841 | reward_margin 0.0859
train_step epoch 0 | step 1897/2656 | loss 0.9458 | reward_margin 0.0597
train_step epoch 0 | step 1898/2656 | loss 0.7765 | reward_margin -0.0744
train_step epoch 0 | step 1899/2656 | loss 0.5773 | reward_margin 0.6726
train_step epoch 0 | step 1900/2656 | loss 0.4749 | reward_margin 0.9288
train_step epoch 0 | step 1901/2656 | loss 0.6578 | reward_margin 0.7736
train_step epoch 0 | step 1902/2656 | loss 0.4523 | reward_margin 0.8966
train_step epoch 0 | step 1903/2656 | loss 0.6851 | reward_margin 0.5325
train_step epoch 0 | step 1904/2656 | loss 0.7027 | reward_margin 0.4287
train_step epoch 0 | step 1905/2656 | loss 0.8701 | reward_margin 0.1048
train_step epoch 0 | step 1906/2656 | loss 0.7941 | reward_margin 0.1589
train_step epoch 0 | step 1907/2656 | loss 0.7349 | reward_margin 0.1000
train_step epoch 0 | step 1908/2656 | loss 0.5944 | reward_margin 0.7053
train_step epoch 0 | step 1909/2656 | loss 0.3941 | reward_margin 1.5772
train_step epoch 0 | step 1910/2656 | loss 0.4784 | reward_margin 0.7727
train_step epoch 0 | step 1911/2656 | loss 0.8675 | reward_margin -0.1836
train_step epoch 0 | step 1912/2656 | loss 0.4684 | reward_margin 0.7185
train_step epoch 0 | step 1913/2656 | loss 0.7661 | reward_margin 0.1889
train_step epoch 0 | step 1914/2656 | loss 0.4986 | reward_margin 0.6957
train_step epoch 0 | step 1915/2656 | loss 0.8079 | reward_margin 0.3832
train_step epoch 0 | step 1916/2656 | loss 0.6888 | reward_margin 0.2207
train_step epoch 0 | step 1917/2656 | loss 0.7695 | reward_margin 0.2158
train_step epoch 0 | step 1918/2656 | loss 0.6259 | reward_margin 0.3869
train_step epoch 0 | step 1919/2656 | loss 1.2507 | reward_margin -0.5621
train_step epoch 0 | step 1920/2656 | loss 0.6339 | reward_margin 0.5107
train_step epoch 0 | step 1921/2656 | loss 0.8135 | reward_margin 0.1478
train_step epoch 0 | step 1922/2656 | loss 0.7300 | reward_margin 0.4350
train_step epoch 0 | step 1923/2656 | loss 0.8371 | reward_margin 0.2242
train_step epoch 0 | step 1924/2656 | loss 0.6269 | reward_margin 0.4477
train_step epoch 0 | step 1925/2656 | loss 1.0275 | reward_margin -0.2847
train_step epoch 0 | step 1926/2656 | loss 0.5598 | reward_margin 0.6485
train_step epoch 0 | step 1927/2656 | loss 0.6350 | reward_margin 0.7551
train_step epoch 0 | step 1928/2656 | loss 0.7644 | reward_margin 0.2818
train_step epoch 0 | step 1929/2656 | loss 0.7800 | reward_margin 0.0752
train_step epoch 0 | step 1930/2656 | loss 0.7787 | reward_margin 0.1714
train_step epoch 0 | step 1931/2656 | loss 0.6697 | reward_margin 0.3308
train_step epoch 0 | step 1932/2656 | loss 0.6452 | reward_margin 0.7526
train_step epoch 0 | step 1933/2656 | loss 0.7234 | reward_margin 0.5572
train_step epoch 0 | step 1934/2656 | loss 0.6195 | reward_margin 0.3846
train_step epoch 0 | step 1935/2656 | loss 0.7627 | reward_margin 0.1297
train_step epoch 0 | step 1936/2656 | loss 0.4842 | reward_margin 0.9908
train_step epoch 0 | step 1937/2656 | loss 0.6927 | reward_margin 0.1405
train_step epoch 0 | step 1938/2656 | loss 0.5576 | reward_margin 0.5271
train_step epoch 0 | step 1939/2656 | loss 0.6799 | reward_margin 0.3074
train_step epoch 0 | step 1940/2656 | loss 0.4250 | reward_margin 0.9548
train_step epoch 0 | step 1941/2656 | loss 0.6441 | reward_margin 0.3279
train_step epoch 0 | step 1942/2656 | loss 0.6981 | reward_margin 0.2773
train_step epoch 0 | step 1943/2656 | loss 0.6931 | reward_margin 0.2407
train_step epoch 0 | step 1944/2656 | loss 0.7342 | reward_margin 0.1717
train_step epoch 0 | step 1945/2656 | loss 0.5089 | reward_margin 0.9397
train_step epoch 0 | step 1946/2656 | loss 0.7720 | reward_margin 0.3091
train_step epoch 0 | step 1947/2656 | loss 0.6238 | reward_margin 0.6521
train_step epoch 0 | step 1948/2656 | loss 0.5405 | reward_margin 0.6191
train_step epoch 0 | step 1949/2656 | loss 0.6254 | reward_margin 0.3959
train_step epoch 0 | step 1950/2656 | loss 0.5879 | reward_margin 0.5416
train_step epoch 0 | step 1951/2656 | loss 0.8666 | reward_margin 0.1970
train_step epoch 0 | step 1952/2656 | loss 0.4664 | reward_margin 1.0462
train_step epoch 0 | step 1953/2656 | loss 0.6795 | reward_margin 0.5550
train_step epoch 0 | step 1954/2656 | loss 0.5707 | reward_margin 0.4530
train_step epoch 0 | step 1955/2656 | loss 0.4997 | reward_margin 0.8908
train_step epoch 0 | step 1956/2656 | loss 0.6248 | reward_margin 0.3995
train_step epoch 0 | step 1957/2656 | loss 0.8129 | reward_margin 0.1766
train_step epoch 0 | step 1958/2656 | loss 0.8155 | reward_margin -0.0582
train_step epoch 0 | step 1959/2656 | loss 0.5245 | reward_margin 0.7288
train_step epoch 0 | step 1960/2656 | loss 0.5074 | reward_margin 0.5721
train_step epoch 0 | step 1961/2656 | loss 0.5495 | reward_margin 0.5080
train_step epoch 0 | step 1962/2656 | loss 0.9748 | reward_margin -0.1993
train_step epoch 0 | step 1963/2656 | loss 0.9100 | reward_margin -0.1862
train_step epoch 0 | step 1964/2656 | loss 0.8958 | reward_margin -0.0044
train_step epoch 0 | step 1965/2656 | loss 0.7105 | reward_margin 0.1895
train_step epoch 0 | step 1966/2656 | loss 0.6820 | reward_margin 0.3866
train_step epoch 0 | step 1967/2656 | loss 0.4748 | reward_margin 0.8208
train_step epoch 0 | step 1968/2656 | loss 0.4697 | reward_margin 0.6282
train_step epoch 0 | step 1969/2656 | loss 0.6035 | reward_margin 0.4837
train_step epoch 0 | step 1970/2656 | loss 0.5295 | reward_margin 0.9689
train_step epoch 0 | step 1971/2656 | loss 0.6720 | reward_margin 0.5331
train_step epoch 0 | step 1972/2656 | loss 0.5112 | reward_margin 0.5372
train_step epoch 0 | step 1973/2656 | loss 0.6246 | reward_margin 0.5602
train_step epoch 0 | step 1974/2656 | loss 0.7264 | reward_margin 0.2611
train_step epoch 0 | step 1975/2656 | loss 0.4542 | reward_margin 0.7257
train_step epoch 0 | step 1976/2656 | loss 0.5981 | reward_margin 0.4928
train_step epoch 0 | step 1977/2656 | loss 0.7385 | reward_margin 0.4857
train_step epoch 0 | step 1978/2656 | loss 0.8555 | reward_margin -0.0135
train_step epoch 0 | step 1979/2656 | loss 0.5743 | reward_margin 1.1318
train_step epoch 0 | step 1980/2656 | loss 0.6928 | reward_margin 0.1012
train_step epoch 0 | step 1981/2656 | loss 0.6219 | reward_margin 0.3777
train_step epoch 0 | step 1982/2656 | loss 0.5243 | reward_margin 0.7073
train_step epoch 0 | step 1983/2656 | loss 0.8157 | reward_margin 0.2653
train_step epoch 0 | step 1984/2656 | loss 0.4141 | reward_margin 1.0452
train_step epoch 0 | step 1985/2656 | loss 0.5595 | reward_margin 0.4701
train_step epoch 0 | step 1986/2656 | loss 0.6326 | reward_margin 0.5391
train_step epoch 0 | step 1987/2656 | loss 0.9076 | reward_margin 0.1406
train_step epoch 0 | step 1988/2656 | loss 0.5311 | reward_margin 0.5671
train_step epoch 0 | step 1989/2656 | loss 0.4607 | reward_margin 1.2335
train_step epoch 0 | step 1990/2656 | loss 0.5967 | reward_margin 0.5336
train_step epoch 0 | step 1991/2656 | loss 0.5671 | reward_margin 0.4931
train_step epoch 0 | step 1992/2656 | loss 0.5649 | reward_margin 0.4144
train_step epoch 0 | step 1993/2656 | loss 0.8614 | reward_margin 0.0167
train_step epoch 0 | step 1994/2656 | loss 0.5829 | reward_margin 0.3384
train_step epoch 0 | step 1995/2656 | loss 0.7439 | reward_margin -0.0241
train_step epoch 0 | step 1996/2656 | loss 0.7392 | reward_margin 0.2636
train_step epoch 0 | step 1997/2656 | loss 0.5895 | reward_margin 0.6015
train_step epoch 0 | step 1998/2656 | loss 0.5590 | reward_margin 0.6689
train_step epoch 0 | step 1999/2656 | loss 0.6898 | reward_margin 0.4813
train_step epoch 0 | step 2000/2656 | loss 0.6140 | reward_margin 0.5747
epoch 0 | step 2000/2656 | loss 0.6449 | reward_margin 0.4519
train_step epoch 0 | step 2001/2656 | loss 0.6981 | reward_margin 0.5268
train_step epoch 0 | step 2002/2656 | loss 0.5197 | reward_margin 0.6773
train_step epoch 0 | step 2003/2656 | loss 0.5153 | reward_margin 0.7178
train_step epoch 0 | step 2004/2656 | loss 0.7270 | reward_margin 0.3353
train_step epoch 0 | step 2005/2656 | loss 0.7339 | reward_margin 0.2646
train_step epoch 0 | step 2006/2656 | loss 0.6840 | reward_margin 0.2448
train_step epoch 0 | step 2007/2656 | loss 0.4992 | reward_margin 0.5800
train_step epoch 0 | step 2008/2656 | loss 0.6958 | reward_margin 0.4781
train_step epoch 0 | step 2009/2656 | loss 0.5118 | reward_margin 0.7072
train_step epoch 0 | step 2010/2656 | loss 0.7233 | reward_margin 0.1533
train_step epoch 0 | step 2011/2656 | loss 0.8160 | reward_margin 0.4828
train_step epoch 0 | step 2012/2656 | loss 0.7611 | reward_margin 0.1296
train_step epoch 0 | step 2013/2656 | loss 0.6728 | reward_margin 0.4079
train_step epoch 0 | step 2014/2656 | loss 0.4306 | reward_margin 0.8956
train_step epoch 0 | step 2015/2656 | loss 0.7324 | reward_margin 0.3030
train_step epoch 0 | step 2016/2656 | loss 0.6805 | reward_margin 0.3009
train_step epoch 0 | step 2017/2656 | loss 0.8232 | reward_margin -0.0737
train_step epoch 0 | step 2018/2656 | loss 0.5781 | reward_margin 0.3892
train_step epoch 0 | step 2019/2656 | loss 0.8021 | reward_margin 0.1420
train_step epoch 0 | step 2020/2656 | loss 0.6042 | reward_margin 0.5268
train_step epoch 0 | step 2021/2656 | loss 0.5873 | reward_margin 0.3969
train_step epoch 0 | step 2022/2656 | loss 0.4938 | reward_margin 0.6386
train_step epoch 0 | step 2023/2656 | loss 0.4937 | reward_margin 0.5859
train_step epoch 0 | step 2024/2656 | loss 0.6002 | reward_margin 0.4451
train_step epoch 0 | step 2025/2656 | loss 0.6602 | reward_margin 0.3650
train_step epoch 0 | step 2026/2656 | loss 0.4578 | reward_margin 0.8043
train_step epoch 0 | step 2027/2656 | loss 0.5497 | reward_margin 0.5662
train_step epoch 0 | step 2028/2656 | loss 0.5271 | reward_margin 0.9968
train_step epoch 0 | step 2029/2656 | loss 0.5064 | reward_margin 0.7023
train_step epoch 0 | step 2030/2656 | loss 0.8239 | reward_margin -0.0209
train_step epoch 0 | step 2031/2656 | loss 0.4788 | reward_margin 0.9869
train_step epoch 0 | step 2032/2656 | loss 0.7325 | reward_margin 0.0484
train_step epoch 0 | step 2033/2656 | loss 0.5919 | reward_margin 0.5952
train_step epoch 0 | step 2034/2656 | loss 0.5033 | reward_margin 0.7433
train_step epoch 0 | step 2035/2656 | loss 0.6921 | reward_margin 0.1995
train_step epoch 0 | step 2036/2656 | loss 0.8119 | reward_margin 0.5273
train_step epoch 0 | step 2037/2656 | loss 0.6526 | reward_margin 0.5007
train_step epoch 0 | step 2038/2656 | loss 0.7277 | reward_margin 0.3146
train_step epoch 0 | step 2039/2656 | loss 0.5400 | reward_margin 0.6788
train_step epoch 0 | step 2040/2656 | loss 0.4332 | reward_margin 1.0536
train_step epoch 0 | step 2041/2656 | loss 0.7084 | reward_margin 0.1017
train_step epoch 0 | step 2042/2656 | loss 0.8765 | reward_margin 0.5374
train_step epoch 0 | step 2043/2656 | loss 0.7726 | reward_margin 0.3654
train_step epoch 0 | step 2044/2656 | loss 0.5284 | reward_margin 0.7251
train_step epoch 0 | step 2045/2656 | loss 0.5844 | reward_margin 0.6180
train_step epoch 0 | step 2046/2656 | loss 0.6290 | reward_margin 0.4386
train_step epoch 0 | step 2047/2656 | loss 0.4184 | reward_margin 0.8687
train_step epoch 0 | step 2048/2656 | loss 0.7018 | reward_margin 0.5717
train_step epoch 0 | step 2049/2656 | loss 0.4197 | reward_margin 0.9724
train_step epoch 0 | step 2050/2656 | loss 0.5614 | reward_margin 0.4511
train_step epoch 0 | step 2051/2656 | loss 0.5693 | reward_margin 0.4915
train_step epoch 0 | step 2052/2656 | loss 0.8281 | reward_margin -0.0041
train_step epoch 0 | step 2053/2656 | loss 0.6282 | reward_margin 0.5177
train_step epoch 0 | step 2054/2656 | loss 1.0825 | reward_margin -0.0869
train_step epoch 0 | step 2055/2656 | loss 0.7943 | reward_margin -0.0080
train_step epoch 0 | step 2056/2656 | loss 0.7871 | reward_margin -0.1049
train_step epoch 0 | step 2057/2656 | loss 0.5920 | reward_margin 0.3953
train_step epoch 0 | step 2058/2656 | loss 0.6874 | reward_margin 0.1902
train_step epoch 0 | step 2059/2656 | loss 0.5608 | reward_margin 0.5993
train_step epoch 0 | step 2060/2656 | loss 0.6993 | reward_margin 0.1640
train_step epoch 0 | step 2061/2656 | loss 0.5150 | reward_margin 0.6247
train_step epoch 0 | step 2062/2656 | loss 0.6440 | reward_margin 0.2632
train_step epoch 0 | step 2063/2656 | loss 0.5326 | reward_margin 0.6941
train_step epoch 0 | step 2064/2656 | loss 0.8388 | reward_margin 0.1425
train_step epoch 0 | step 2065/2656 | loss 0.5979 | reward_margin 0.4799
train_step epoch 0 | step 2066/2656 | loss 0.5549 | reward_margin 0.7200
train_step epoch 0 | step 2067/2656 | loss 0.7277 | reward_margin 0.1694
train_step epoch 0 | step 2068/2656 | loss 0.6050 | reward_margin 0.4094
train_step epoch 0 | step 2069/2656 | loss 0.5138 | reward_margin 0.5496
train_step epoch 0 | step 2070/2656 | loss 0.7567 | reward_margin 0.0643
train_step epoch 0 | step 2071/2656 | loss 0.3729 | reward_margin 1.0249
train_step epoch 0 | step 2072/2656 | loss 0.5085 | reward_margin 0.7420
train_step epoch 0 | step 2073/2656 | loss 0.5638 | reward_margin 0.7387
train_step epoch 0 | step 2074/2656 | loss 0.6154 | reward_margin 0.3137
train_step epoch 0 | step 2075/2656 | loss 0.6568 | reward_margin 0.3289
train_step epoch 0 | step 2076/2656 | loss 0.6830 | reward_margin 0.3925
train_step epoch 0 | step 2077/2656 | loss 0.6625 | reward_margin 0.4393
train_step epoch 0 | step 2078/2656 | loss 0.7771 | reward_margin 0.0941
train_step epoch 0 | step 2079/2656 | loss 0.7431 | reward_margin 0.1423
train_step epoch 0 | step 2080/2656 | loss 0.6893 | reward_margin 0.2034
train_step epoch 0 | step 2081/2656 | loss 0.6610 | reward_margin 0.3022
train_step epoch 0 | step 2082/2656 | loss 0.8180 | reward_margin 0.1730
train_step epoch 0 | step 2083/2656 | loss 0.7822 | reward_margin 0.0461
train_step epoch 0 | step 2084/2656 | loss 0.6468 | reward_margin 0.4186
train_step epoch 0 | step 2085/2656 | loss 0.6765 | reward_margin 0.2793
train_step epoch 0 | step 2086/2656 | loss 0.5629 | reward_margin 0.5268
train_step epoch 0 | step 2087/2656 | loss 0.5153 | reward_margin 0.7765
train_step epoch 0 | step 2088/2656 | loss 0.4933 | reward_margin 0.8888
train_step epoch 0 | step 2089/2656 | loss 0.6890 | reward_margin 0.1249
train_step epoch 0 | step 2090/2656 | loss 0.8479 | reward_margin 0.0109
train_step epoch 0 | step 2091/2656 | loss 0.6701 | reward_margin 0.2069
train_step epoch 0 | step 2092/2656 | loss 0.5743 | reward_margin 0.6966
train_step epoch 0 | step 2093/2656 | loss 0.7039 | reward_margin 0.4423
train_step epoch 0 | step 2094/2656 | loss 0.6288 | reward_margin 0.5324
train_step epoch 0 | step 2095/2656 | loss 0.7246 | reward_margin 0.6704
train_step epoch 0 | step 2096/2656 | loss 0.7075 | reward_margin 0.2881
train_step epoch 0 | step 2097/2656 | loss 0.5422 | reward_margin 0.6011
train_step epoch 0 | step 2098/2656 | loss 0.5566 | reward_margin 0.6354
train_step epoch 0 | step 2099/2656 | loss 0.6080 | reward_margin 0.4061
train_step epoch 0 | step 2100/2656 | loss 0.5008 | reward_margin 0.7459
train_step epoch 0 | step 2101/2656 | loss 0.6598 | reward_margin 0.3922
train_step epoch 0 | step 2102/2656 | loss 0.7350 | reward_margin 0.0293
train_step epoch 0 | step 2103/2656 | loss 0.5885 | reward_margin 0.4765
train_step epoch 0 | step 2104/2656 | loss 0.7632 | reward_margin 0.1346
train_step epoch 0 | step 2105/2656 | loss 0.4978 | reward_margin 0.9592
train_step epoch 0 | step 2106/2656 | loss 0.6384 | reward_margin 0.2649
train_step epoch 0 | step 2107/2656 | loss 0.5133 | reward_margin 1.0696
train_step epoch 0 | step 2108/2656 | loss 0.6469 | reward_margin 0.2975
train_step epoch 0 | step 2109/2656 | loss 0.6417 | reward_margin 0.2415
train_step epoch 0 | step 2110/2656 | loss 0.9297 | reward_margin -0.0611
train_step epoch 0 | step 2111/2656 | loss 0.4593 | reward_margin 0.7219
train_step epoch 0 | step 2112/2656 | loss 0.6158 | reward_margin 0.3806
train_step epoch 0 | step 2113/2656 | loss 0.6052 | reward_margin 0.5124
train_step epoch 0 | step 2114/2656 | loss 0.8581 | reward_margin -0.0464
train_step epoch 0 | step 2115/2656 | loss 0.7594 | reward_margin 0.4965
train_step epoch 0 | step 2116/2656 | loss 0.7102 | reward_margin 0.1245
train_step epoch 0 | step 2117/2656 | loss 0.6159 | reward_margin 0.4423
train_step epoch 0 | step 2118/2656 | loss 0.5652 | reward_margin 0.6249
train_step epoch 0 | step 2119/2656 | loss 0.6436 | reward_margin 0.3678
train_step epoch 0 | step 2120/2656 | loss 0.5859 | reward_margin 0.4518
train_step epoch 0 | step 2121/2656 | loss 0.6800 | reward_margin 0.2149
train_step epoch 0 | step 2122/2656 | loss 0.4504 | reward_margin 0.7408
train_step epoch 0 | step 2123/2656 | loss 0.6897 | reward_margin 0.2765
train_step epoch 0 | step 2124/2656 | loss 0.5345 | reward_margin 0.6189
train_step epoch 0 | step 2125/2656 | loss 0.6641 | reward_margin 0.7351
train_step epoch 0 | step 2126/2656 | loss 0.5943 | reward_margin 0.5393
train_step epoch 0 | step 2127/2656 | loss 0.9005 | reward_margin -0.1489
train_step epoch 0 | step 2128/2656 | loss 0.5562 | reward_margin 0.5371
train_step epoch 0 | step 2129/2656 | loss 0.6785 | reward_margin 0.6399
train_step epoch 0 | step 2130/2656 | loss 0.5837 | reward_margin 0.4459
train_step epoch 0 | step 2131/2656 | loss 0.5694 | reward_margin 0.9596
train_step epoch 0 | step 2132/2656 | loss 0.4824 | reward_margin 0.6723
train_step epoch 0 | step 2133/2656 | loss 0.6013 | reward_margin 0.6309
train_step epoch 0 | step 2134/2656 | loss 0.6205 | reward_margin 0.4595
train_step epoch 0 | step 2135/2656 | loss 0.5766 | reward_margin 0.4977
train_step epoch 0 | step 2136/2656 | loss 0.4984 | reward_margin 0.6534
train_step epoch 0 | step 2137/2656 | loss 0.6630 | reward_margin 0.6555
train_step epoch 0 | step 2138/2656 | loss 0.5385 | reward_margin 0.7172
train_step epoch 0 | step 2139/2656 | loss 0.5723 | reward_margin 0.7515
train_step epoch 0 | step 2140/2656 | loss 0.5450 | reward_margin 0.5932
train_step epoch 0 | step 2141/2656 | loss 0.4382 | reward_margin 0.9770
train_step epoch 0 | step 2142/2656 | loss 0.8452 | reward_margin 0.0250
train_step epoch 0 | step 2143/2656 | loss 0.6398 | reward_margin 0.5957
train_step epoch 0 | step 2144/2656 | loss 0.7425 | reward_margin 0.2304
train_step epoch 0 | step 2145/2656 | loss 0.5349 | reward_margin 0.5289
train_step epoch 0 | step 2146/2656 | loss 0.6233 | reward_margin 0.3312
train_step epoch 0 | step 2147/2656 | loss 0.7306 | reward_margin 0.2088
train_step epoch 0 | step 2148/2656 | loss 0.8033 | reward_margin 0.1130
train_step epoch 0 | step 2149/2656 | loss 0.7164 | reward_margin 0.3181
train_step epoch 0 | step 2150/2656 | loss 0.5335 | reward_margin 0.5350
train_step epoch 0 | step 2151/2656 | loss 0.6462 | reward_margin 0.3921
train_step epoch 0 | step 2152/2656 | loss 0.6918 | reward_margin 0.5488
train_step epoch 0 | step 2153/2656 | loss 0.5687 | reward_margin 0.5621
train_step epoch 0 | step 2154/2656 | loss 0.7439 | reward_margin 0.0338
train_step epoch 0 | step 2155/2656 | loss 0.6611 | reward_margin 0.3122
train_step epoch 0 | step 2156/2656 | loss 0.4777 | reward_margin 0.9690
train_step epoch 0 | step 2157/2656 | loss 0.5161 | reward_margin 0.5924
train_step epoch 0 | step 2158/2656 | loss 0.8362 | reward_margin 0.0628
train_step epoch 0 | step 2159/2656 | loss 0.4657 | reward_margin 1.4943
train_step epoch 0 | step 2160/2656 | loss 0.7205 | reward_margin 0.3953
train_step epoch 0 | step 2161/2656 | loss 0.7605 | reward_margin 0.0191
train_step epoch 0 | step 2162/2656 | loss 0.5484 | reward_margin 0.6740
train_step epoch 0 | step 2163/2656 | loss 0.7744 | reward_margin 0.3307
train_step epoch 0 | step 2164/2656 | loss 0.8242 | reward_margin 0.0556
train_step epoch 0 | step 2165/2656 | loss 0.7945 | reward_margin 0.0448
train_step epoch 0 | step 2166/2656 | loss 1.0338 | reward_margin -0.2463
train_step epoch 0 | step 2167/2656 | loss 0.6689 | reward_margin 0.2850
train_step epoch 0 | step 2168/2656 | loss 0.5468 | reward_margin 0.5037
train_step epoch 0 | step 2169/2656 | loss 0.7021 | reward_margin 0.2282
train_step epoch 0 | step 2170/2656 | loss 0.8138 | reward_margin 0.0193
train_step epoch 0 | step 2171/2656 | loss 0.7491 | reward_margin 0.1836
train_step epoch 0 | step 2172/2656 | loss 0.5398 | reward_margin 0.5072
train_step epoch 0 | step 2173/2656 | loss 0.6033 | reward_margin 0.4245
train_step epoch 0 | step 2174/2656 | loss 0.7991 | reward_margin 0.0596
train_step epoch 0 | step 2175/2656 | loss 0.5818 | reward_margin 0.5103
train_step epoch 0 | step 2176/2656 | loss 0.5027 | reward_margin 0.6295
train_step epoch 0 | step 2177/2656 | loss 0.5727 | reward_margin 0.8983
train_step epoch 0 | step 2178/2656 | loss 0.6190 | reward_margin 0.2492
train_step epoch 0 | step 2179/2656 | loss 0.5492 | reward_margin 0.5297
train_step epoch 0 | step 2180/2656 | loss 0.5144 | reward_margin 1.1401
train_step epoch 0 | step 2181/2656 | loss 0.9159 | reward_margin -0.1734
train_step epoch 0 | step 2182/2656 | loss 0.7980 | reward_margin 0.2095
train_step epoch 0 | step 2183/2656 | loss 0.9794 | reward_margin 0.5579
train_step epoch 0 | step 2184/2656 | loss 0.4361 | reward_margin 1.1691
train_step epoch 0 | step 2185/2656 | loss 0.7056 | reward_margin 0.4912
train_step epoch 0 | step 2186/2656 | loss 0.6075 | reward_margin 0.5293
train_step epoch 0 | step 2187/2656 | loss 0.7249 | reward_margin 0.1883
train_step epoch 0 | step 2188/2656 | loss 0.7117 | reward_margin 0.3075
train_step epoch 0 | step 2189/2656 | loss 0.6442 | reward_margin 0.5839
train_step epoch 0 | step 2190/2656 | loss 0.8477 | reward_margin -0.0501
train_step epoch 0 | step 2191/2656 | loss 0.7340 | reward_margin 0.2825
train_step epoch 0 | step 2192/2656 | loss 0.8405 | reward_margin 0.1412
train_step epoch 0 | step 2193/2656 | loss 0.6344 | reward_margin 0.3920
train_step epoch 0 | step 2194/2656 | loss 0.6225 | reward_margin 0.4237
train_step epoch 0 | step 2195/2656 | loss 0.7160 | reward_margin 0.2212
train_step epoch 0 | step 2196/2656 | loss 0.9736 | reward_margin 0.3237
train_step epoch 0 | step 2197/2656 | loss 0.7256 | reward_margin 0.4968
train_step epoch 0 | step 2198/2656 | loss 0.6494 | reward_margin 0.2120
train_step epoch 0 | step 2199/2656 | loss 0.5378 | reward_margin 0.7526
train_step epoch 0 | step 2200/2656 | loss 0.6091 | reward_margin 0.5188
train_step epoch 0 | step 2201/2656 | loss 0.4784 | reward_margin 0.8545
train_step epoch 0 | step 2202/2656 | loss 0.8322 | reward_margin 0.0452
train_step epoch 0 | step 2203/2656 | loss 0.6456 | reward_margin 0.3835
train_step epoch 0 | step 2204/2656 | loss 0.6683 | reward_margin 0.2270
train_step epoch 0 | step 2205/2656 | loss 0.6222 | reward_margin 0.3780
train_step epoch 0 | step 2206/2656 | loss 0.5155 | reward_margin 0.5395
train_step epoch 0 | step 2207/2656 | loss 0.5946 | reward_margin 0.4365
train_step epoch 0 | step 2208/2656 | loss 0.7764 | reward_margin 0.3761
train_step epoch 0 | step 2209/2656 | loss 0.5023 | reward_margin 0.9064
train_step epoch 0 | step 2210/2656 | loss 0.6150 | reward_margin 0.5144
train_step epoch 0 | step 2211/2656 | loss 0.4268 | reward_margin 0.7552
train_step epoch 0 | step 2212/2656 | loss 0.5904 | reward_margin 0.3992
train_step epoch 0 | step 2213/2656 | loss 0.6145 | reward_margin 0.6456
train_step epoch 0 | step 2214/2656 | loss 0.7507 | reward_margin 0.3737
train_step epoch 0 | step 2215/2656 | loss 0.5031 | reward_margin 0.9883
train_step epoch 0 | step 2216/2656 | loss 0.4205 | reward_margin 0.9497
train_step epoch 0 | step 2217/2656 | loss 0.5721 | reward_margin 0.7641
train_step epoch 0 | step 2218/2656 | loss 1.0709 | reward_margin -0.2263
train_step epoch 0 | step 2219/2656 | loss 0.7623 | reward_margin 0.1054
train_step epoch 0 | step 2220/2656 | loss 0.6817 | reward_margin 0.3855
train_step epoch 0 | step 2221/2656 | loss 0.6155 | reward_margin 0.5068
train_step epoch 0 | step 2222/2656 | loss 0.6530 | reward_margin 0.3953
train_step epoch 0 | step 2223/2656 | loss 0.6772 | reward_margin 0.7865
train_step epoch 0 | step 2224/2656 | loss 0.6764 | reward_margin 0.4673
train_step epoch 0 | step 2225/2656 | loss 0.5288 | reward_margin 0.6629
train_step epoch 0 | step 2226/2656 | loss 0.5748 | reward_margin 0.3867
train_step epoch 0 | step 2227/2656 | loss 0.8523 | reward_margin -0.0712
train_step epoch 0 | step 2228/2656 | loss 0.5898 | reward_margin 0.3399
train_step epoch 0 | step 2229/2656 | loss 0.4242 | reward_margin 1.0440
train_step epoch 0 | step 2230/2656 | loss 0.3921 | reward_margin 1.0836
train_step epoch 0 | step 2231/2656 | loss 0.8410 | reward_margin -0.0352
train_step epoch 0 | step 2232/2656 | loss 0.5504 | reward_margin 0.4836
train_step epoch 0 | step 2233/2656 | loss 0.6652 | reward_margin 0.2236
train_step epoch 0 | step 2234/2656 | loss 0.5946 | reward_margin 0.5005
train_step epoch 0 | step 2235/2656 | loss 0.7183 | reward_margin 0.2380
train_step epoch 0 | step 2236/2656 | loss 0.5264 | reward_margin 0.8115
train_step epoch 0 | step 2237/2656 | loss 0.5880 | reward_margin 0.7486
train_step epoch 0 | step 2238/2656 | loss 0.5631 | reward_margin 0.4996
train_step epoch 0 | step 2239/2656 | loss 0.6423 | reward_margin 0.6164
train_step epoch 0 | step 2240/2656 | loss 0.5882 | reward_margin 0.5211
train_step epoch 0 | step 2241/2656 | loss 0.7846 | reward_margin 0.1609
train_step epoch 0 | step 2242/2656 | loss 0.4813 | reward_margin 1.2892
train_step epoch 0 | step 2243/2656 | loss 0.5044 | reward_margin 0.5913
train_step epoch 0 | step 2244/2656 | loss 0.6696 | reward_margin 0.9080
train_step epoch 0 | step 2245/2656 | loss 0.6409 | reward_margin 0.4924
train_step epoch 0 | step 2246/2656 | loss 0.6649 | reward_margin 0.3600
train_step epoch 0 | step 2247/2656 | loss 0.8914 | reward_margin -0.0986
train_step epoch 0 | step 2248/2656 | loss 0.4549 | reward_margin 0.8640
train_step epoch 0 | step 2249/2656 | loss 0.6156 | reward_margin 0.3833
train_step epoch 0 | step 2250/2656 | loss 0.6602 | reward_margin 0.6155
train_step epoch 0 | step 2251/2656 | loss 0.7079 | reward_margin 0.0678
train_step epoch 0 | step 2252/2656 | loss 0.5336 | reward_margin 0.8450
train_step epoch 0 | step 2253/2656 | loss 0.7633 | reward_margin 0.5520
train_step epoch 0 | step 2254/2656 | loss 0.7653 | reward_margin 0.4881
train_step epoch 0 | step 2255/2656 | loss 0.8565 | reward_margin -0.0105
train_step epoch 0 | step 2256/2656 | loss 0.4932 | reward_margin 0.7347
train_step epoch 0 | step 2257/2656 | loss 0.7492 | reward_margin 0.3010
train_step epoch 0 | step 2258/2656 | loss 0.8398 | reward_margin -0.0011
train_step epoch 0 | step 2259/2656 | loss 0.5777 | reward_margin 0.3493
train_step epoch 0 | step 2260/2656 | loss 0.7063 | reward_margin 0.2381
train_step epoch 0 | step 2261/2656 | loss 0.6179 | reward_margin 0.6627
train_step epoch 0 | step 2262/2656 | loss 0.9621 | reward_margin -0.0876
train_step epoch 0 | step 2263/2656 | loss 0.5553 | reward_margin 0.6193
train_step epoch 0 | step 2264/2656 | loss 0.6928 | reward_margin 0.3833
train_step epoch 0 | step 2265/2656 | loss 0.5121 | reward_margin 0.4735
train_step epoch 0 | step 2266/2656 | loss 0.4217 | reward_margin 1.2370
train_step epoch 0 | step 2267/2656 | loss 0.5622 | reward_margin 0.6343
train_step epoch 0 | step 2268/2656 | loss 0.7051 | reward_margin 0.4023
train_step epoch 0 | step 2269/2656 | loss 0.6099 | reward_margin 0.4090
train_step epoch 0 | step 2270/2656 | loss 0.7359 | reward_margin 0.2359
train_step epoch 0 | step 2271/2656 | loss 0.9229 | reward_margin 0.0060
train_step epoch 0 | step 2272/2656 | loss 0.9623 | reward_margin -0.0696
train_step epoch 0 | step 2273/2656 | loss 0.6551 | reward_margin 0.5328
train_step epoch 0 | step 2274/2656 | loss 0.6181 | reward_margin 0.2947
train_step epoch 0 | step 2275/2656 | loss 0.8838 | reward_margin 0.3141
train_step epoch 0 | step 2276/2656 | loss 0.3952 | reward_margin 1.5038
train_step epoch 0 | step 2277/2656 | loss 0.5451 | reward_margin 0.5996
train_step epoch 0 | step 2278/2656 | loss 0.7940 | reward_margin 0.0546
train_step epoch 0 | step 2279/2656 | loss 0.6880 | reward_margin 0.4614
train_step epoch 0 | step 2280/2656 | loss 0.5909 | reward_margin 0.6897
train_step epoch 0 | step 2281/2656 | loss 0.8121 | reward_margin 0.3494
train_step epoch 0 | step 2282/2656 | loss 0.4596 | reward_margin 0.7407
train_step epoch 0 | step 2283/2656 | loss 0.6025 | reward_margin 0.7121
train_step epoch 0 | step 2284/2656 | loss 0.7202 | reward_margin 0.0943
train_step epoch 0 | step 2285/2656 | loss 0.6588 | reward_margin 0.7723
train_step epoch 0 | step 2286/2656 | loss 0.6574 | reward_margin 0.4608
train_step epoch 0 | step 2287/2656 | loss 0.4795 | reward_margin 1.0326
train_step epoch 0 | step 2288/2656 | loss 0.5971 | reward_margin 0.4585
train_step epoch 0 | step 2289/2656 | loss 0.4565 | reward_margin 1.2040
train_step epoch 0 | step 2290/2656 | loss 0.9193 | reward_margin 0.2167
train_step epoch 0 | step 2291/2656 | loss 0.4959 | reward_margin 0.6769
train_step epoch 0 | step 2292/2656 | loss 0.6065 | reward_margin 0.3581
train_step epoch 0 | step 2293/2656 | loss 0.7305 | reward_margin 0.1415
train_step epoch 0 | step 2294/2656 | loss 0.7349 | reward_margin 0.1960
train_step epoch 0 | step 2295/2656 | loss 0.5547 | reward_margin 0.4587
train_step epoch 0 | step 2296/2656 | loss 0.4878 | reward_margin 0.6628
train_step epoch 0 | step 2297/2656 | loss 0.6632 | reward_margin 0.3155
train_step epoch 0 | step 2298/2656 | loss 0.8430 | reward_margin 0.0727
train_step epoch 0 | step 2299/2656 | loss 0.6098 | reward_margin 0.6850
train_step epoch 0 | step 2300/2656 | loss 0.5553 | reward_margin 0.8487
train_step epoch 0 | step 2301/2656 | loss 0.7992 | reward_margin 0.0029
train_step epoch 0 | step 2302/2656 | loss 0.8765 | reward_margin -0.0329
train_step epoch 0 | step 2303/2656 | loss 0.8314 | reward_margin -0.0529
train_step epoch 0 | step 2304/2656 | loss 0.4356 | reward_margin 0.9244
train_step epoch 0 | step 2305/2656 | loss 0.6519 | reward_margin 0.2798
train_step epoch 0 | step 2306/2656 | loss 0.6237 | reward_margin 0.5176
train_step epoch 0 | step 2307/2656 | loss 0.5988 | reward_margin 0.6217
train_step epoch 0 | step 2308/2656 | loss 0.5245 | reward_margin 0.6340
train_step epoch 0 | step 2309/2656 | loss 0.5023 | reward_margin 0.8537
train_step epoch 0 | step 2310/2656 | loss 0.5869 | reward_margin 0.5988
train_step epoch 0 | step 2311/2656 | loss 0.5959 | reward_margin 0.4659
train_step epoch 0 | step 2312/2656 | loss 0.6020 | reward_margin 0.8415
train_step epoch 0 | step 2313/2656 | loss 0.7485 | reward_margin 0.4170
train_step epoch 0 | step 2314/2656 | loss 0.4505 | reward_margin 0.6901
train_step epoch 0 | step 2315/2656 | loss 0.5999 | reward_margin 0.3071
train_step epoch 0 | step 2316/2656 | loss 0.6939 | reward_margin 0.2898
train_step epoch 0 | step 2317/2656 | loss 0.7796 | reward_margin -0.0646
train_step epoch 0 | step 2318/2656 | loss 0.5914 | reward_margin 0.6081
train_step epoch 0 | step 2319/2656 | loss 0.8516 | reward_margin -0.1460
train_step epoch 0 | step 2320/2656 | loss 0.5460 | reward_margin 0.5262
train_step epoch 0 | step 2321/2656 | loss 0.7898 | reward_margin 0.3718
train_step epoch 0 | step 2322/2656 | loss 0.6338 | reward_margin 0.2934
train_step epoch 0 | step 2323/2656 | loss 0.5967 | reward_margin 0.4576
train_step epoch 0 | step 2324/2656 | loss 1.0421 | reward_margin -0.4367
train_step epoch 0 | step 2325/2656 | loss 0.5653 | reward_margin 0.7582
train_step epoch 0 | step 2326/2656 | loss 0.5565 | reward_margin 0.6079
train_step epoch 0 | step 2327/2656 | loss 0.5495 | reward_margin 0.3863
train_step epoch 0 | step 2328/2656 | loss 0.5993 | reward_margin 0.6037
train_step epoch 0 | step 2329/2656 | loss 0.6545 | reward_margin 0.2651
train_step epoch 0 | step 2330/2656 | loss 0.6900 | reward_margin 0.1861
train_step epoch 0 | step 2331/2656 | loss 0.6056 | reward_margin 0.3293
train_step epoch 0 | step 2332/2656 | loss 0.5806 | reward_margin 0.5301
train_step epoch 0 | step 2333/2656 | loss 0.5865 | reward_margin 0.5202
train_step epoch 0 | step 2334/2656 | loss 0.5782 | reward_margin 0.8491
train_step epoch 0 | step 2335/2656 | loss 0.8553 | reward_margin -0.0781
train_step epoch 0 | step 2336/2656 | loss 0.6064 | reward_margin 0.4935
train_step epoch 0 | step 2337/2656 | loss 0.7069 | reward_margin 0.3312
train_step epoch 0 | step 2338/2656 | loss 0.5504 | reward_margin 0.7220
train_step epoch 0 | step 2339/2656 | loss 0.6744 | reward_margin 0.2980
train_step epoch 0 | step 2340/2656 | loss 0.5567 | reward_margin 1.1930
train_step epoch 0 | step 2341/2656 | loss 0.6238 | reward_margin 0.3844
train_step epoch 0 | step 2342/2656 | loss 0.5211 | reward_margin 0.5747
train_step epoch 0 | step 2343/2656 | loss 0.5488 | reward_margin 0.5617
train_step epoch 0 | step 2344/2656 | loss 0.7975 | reward_margin 0.3430
train_step epoch 0 | step 2345/2656 | loss 0.5550 | reward_margin 0.4549
train_step epoch 0 | step 2346/2656 | loss 0.5123 | reward_margin 0.6813
train_step epoch 0 | step 2347/2656 | loss 0.6262 | reward_margin 0.8162
train_step epoch 0 | step 2348/2656 | loss 0.7189 | reward_margin 0.3952
train_step epoch 0 | step 2349/2656 | loss 0.5837 | reward_margin 0.4352
train_step epoch 0 | step 2350/2656 | loss 0.7293 | reward_margin 0.0697
train_step epoch 0 | step 2351/2656 | loss 0.7096 | reward_margin 0.1911
train_step epoch 0 | step 2352/2656 | loss 0.8523 | reward_margin -0.0016
train_step epoch 0 | step 2353/2656 | loss 0.9552 | reward_margin -0.0793
train_step epoch 0 | step 2354/2656 | loss 0.5810 | reward_margin 0.4672
train_step epoch 0 | step 2355/2656 | loss 0.7910 | reward_margin 0.2596
train_step epoch 0 | step 2356/2656 | loss 0.4717 | reward_margin 0.7733
train_step epoch 0 | step 2357/2656 | loss 0.7287 | reward_margin 0.1049
train_step epoch 0 | step 2358/2656 | loss 0.8304 | reward_margin 0.3006
train_step epoch 0 | step 2359/2656 | loss 0.6047 | reward_margin 0.3962
train_step epoch 0 | step 2360/2656 | loss 0.7240 | reward_margin 0.4697
train_step epoch 0 | step 2361/2656 | loss 0.7910 | reward_margin -0.0409
train_step epoch 0 | step 2362/2656 | loss 0.5209 | reward_margin 0.5827
train_step epoch 0 | step 2363/2656 | loss 0.4333 | reward_margin 0.7808
train_step epoch 0 | step 2364/2656 | loss 0.5350 | reward_margin 0.6848
train_step epoch 0 | step 2365/2656 | loss 0.6660 | reward_margin 0.2262
train_step epoch 0 | step 2366/2656 | loss 0.5826 | reward_margin 0.5061
train_step epoch 0 | step 2367/2656 | loss 0.5642 | reward_margin 0.4523
train_step epoch 0 | step 2368/2656 | loss 0.7391 | reward_margin 0.0614
train_step epoch 0 | step 2369/2656 | loss 0.7109 | reward_margin 0.1083
train_step epoch 0 | step 2370/2656 | loss 0.5884 | reward_margin 0.4886
train_step epoch 0 | step 2371/2656 | loss 0.4891 | reward_margin 0.7798
train_step epoch 0 | step 2372/2656 | loss 0.7258 | reward_margin 0.1021
train_step epoch 0 | step 2373/2656 | loss 0.6521 | reward_margin 0.6907
train_step epoch 0 | step 2374/2656 | loss 0.7317 | reward_margin 0.2276
train_step epoch 0 | step 2375/2656 | loss 0.6712 | reward_margin 0.2003
train_step epoch 0 | step 2376/2656 | loss 0.7880 | reward_margin 0.2655
train_step epoch 0 | step 2377/2656 | loss 0.7211 | reward_margin 0.3063
train_step epoch 0 | step 2378/2656 | loss 0.7027 | reward_margin 0.3265
train_step epoch 0 | step 2379/2656 | loss 0.8313 | reward_margin 0.0598
train_step epoch 0 | step 2380/2656 | loss 0.5894 | reward_margin 0.6320
train_step epoch 0 | step 2381/2656 | loss 0.6799 | reward_margin 0.3603
train_step epoch 0 | step 2382/2656 | loss 0.3746 | reward_margin 1.1117
train_step epoch 0 | step 2383/2656 | loss 0.6356 | reward_margin 0.3354
train_step epoch 0 | step 2384/2656 | loss 0.6976 | reward_margin 0.4751
train_step epoch 0 | step 2385/2656 | loss 0.5176 | reward_margin 0.6541
train_step epoch 0 | step 2386/2656 | loss 0.7172 | reward_margin 0.1138
train_step epoch 0 | step 2387/2656 | loss 0.5462 | reward_margin 0.6843
train_step epoch 0 | step 2388/2656 | loss 0.6076 | reward_margin 0.4553
train_step epoch 0 | step 2389/2656 | loss 0.5624 | reward_margin 0.5208
train_step epoch 0 | step 2390/2656 | loss 0.4312 | reward_margin 0.8902
train_step epoch 0 | step 2391/2656 | loss 0.7868 | reward_margin 0.1532
train_step epoch 0 | step 2392/2656 | loss 0.8023 | reward_margin 0.2930
train_step epoch 0 | step 2393/2656 | loss 0.5027 | reward_margin 0.6511
train_step epoch 0 | step 2394/2656 | loss 0.3242 | reward_margin 1.1253
train_step epoch 0 | step 2395/2656 | loss 0.7604 | reward_margin 0.1597
train_step epoch 0 | step 2396/2656 | loss 0.9829 | reward_margin -0.0559
train_step epoch 0 | step 2397/2656 | loss 0.6123 | reward_margin 0.3181
train_step epoch 0 | step 2398/2656 | loss 0.8210 | reward_margin -0.1008
train_step epoch 0 | step 2399/2656 | loss 0.4525 | reward_margin 1.0265
train_step epoch 0 | step 2400/2656 | loss 0.6005 | reward_margin 0.4190
train_step epoch 0 | step 2401/2656 | loss 0.5992 | reward_margin 0.5351
train_step epoch 0 | step 2402/2656 | loss 0.7831 | reward_margin 0.0219
train_step epoch 0 | step 2403/2656 | loss 0.6329 | reward_margin 0.2701
train_step epoch 0 | step 2404/2656 | loss 0.7778 | reward_margin 0.3090
train_step epoch 0 | step 2405/2656 | loss 0.4651 | reward_margin 0.7368
train_step epoch 0 | step 2406/2656 | loss 0.5712 | reward_margin 0.4824
train_step epoch 0 | step 2407/2656 | loss 0.5697 | reward_margin 0.6535
train_step epoch 0 | step 2408/2656 | loss 1.0083 | reward_margin -0.2089
train_step epoch 0 | step 2409/2656 | loss 0.5082 | reward_margin 0.6853
train_step epoch 0 | step 2410/2656 | loss 0.8955 | reward_margin 0.1549
train_step epoch 0 | step 2411/2656 | loss 0.8881 | reward_margin -0.1871
train_step epoch 0 | step 2412/2656 | loss 0.7954 | reward_margin 0.1803
train_step epoch 0 | step 2413/2656 | loss 0.5740 | reward_margin 0.5219
train_step epoch 0 | step 2414/2656 | loss 0.6223 | reward_margin 0.4168
train_step epoch 0 | step 2415/2656 | loss 0.6398 | reward_margin 0.2834
train_step epoch 0 | step 2416/2656 | loss 0.5405 | reward_margin 0.6262
train_step epoch 0 | step 2417/2656 | loss 0.8991 | reward_margin 0.2393
train_step epoch 0 | step 2418/2656 | loss 0.5615 | reward_margin 0.6419
train_step epoch 0 | step 2419/2656 | loss 0.5408 | reward_margin 0.4797
train_step epoch 0 | step 2420/2656 | loss 0.7356 | reward_margin 0.1995
train_step epoch 0 | step 2421/2656 | loss 0.6083 | reward_margin 0.9662
train_step epoch 0 | step 2422/2656 | loss 0.5925 | reward_margin 0.5321
train_step epoch 0 | step 2423/2656 | loss 0.4770 | reward_margin 1.0031
train_step epoch 0 | step 2424/2656 | loss 0.5876 | reward_margin 0.4882
train_step epoch 0 | step 2425/2656 | loss 0.6443 | reward_margin 0.1963
train_step epoch 0 | step 2426/2656 | loss 0.6819 | reward_margin 0.5225
train_step epoch 0 | step 2427/2656 | loss 0.6524 | reward_margin 0.3688
train_step epoch 0 | step 2428/2656 | loss 0.7108 | reward_margin 0.1051
train_step epoch 0 | step 2429/2656 | loss 0.5710 | reward_margin 0.5357
train_step epoch 0 | step 2430/2656 | loss 0.7330 | reward_margin 0.0314
train_step epoch 0 | step 2431/2656 | loss 0.7252 | reward_margin 0.4555
train_step epoch 0 | step 2432/2656 | loss 0.5403 | reward_margin 0.5315
train_step epoch 0 | step 2433/2656 | loss 0.7770 | reward_margin 0.1411
train_step epoch 0 | step 2434/2656 | loss 0.5682 | reward_margin 0.5306
train_step epoch 0 | step 2435/2656 | loss 0.8195 | reward_margin 0.2254
train_step epoch 0 | step 2436/2656 | loss 0.6928 | reward_margin 0.1673
train_step epoch 0 | step 2437/2656 | loss 0.5860 | reward_margin 0.7029
train_step epoch 0 | step 2438/2656 | loss 0.5564 | reward_margin 0.4514
train_step epoch 0 | step 2439/2656 | loss 0.4542 | reward_margin 1.0522
train_step epoch 0 | step 2440/2656 | loss 0.6647 | reward_margin 0.2920
train_step epoch 0 | step 2441/2656 | loss 0.7835 | reward_margin 0.4692
train_step epoch 0 | step 2442/2656 | loss 0.5500 | reward_margin 0.7902
train_step epoch 0 | step 2443/2656 | loss 0.5140 | reward_margin 0.7021
train_step epoch 0 | step 2444/2656 | loss 0.8280 | reward_margin 0.0631
train_step epoch 0 | step 2445/2656 | loss 0.6754 | reward_margin 0.3815
train_step epoch 0 | step 2446/2656 | loss 0.7140 | reward_margin 0.1439
train_step epoch 0 | step 2447/2656 | loss 0.8095 | reward_margin 0.1382
train_step epoch 0 | step 2448/2656 | loss 0.8610 | reward_margin 0.0692
train_step epoch 0 | step 2449/2656 | loss 0.8232 | reward_margin 0.0508
train_step epoch 0 | step 2450/2656 | loss 0.6341 | reward_margin 0.3873
train_step epoch 0 | step 2451/2656 | loss 0.7758 | reward_margin 0.0617
train_step epoch 0 | step 2452/2656 | loss 0.5241 | reward_margin 0.7862
train_step epoch 0 | step 2453/2656 | loss 0.7621 | reward_margin 0.5676
train_step epoch 0 | step 2454/2656 | loss 0.4349 | reward_margin 1.2807
train_step epoch 0 | step 2455/2656 | loss 0.6264 | reward_margin 0.4364
train_step epoch 0 | step 2456/2656 | loss 0.7193 | reward_margin 0.2792
train_step epoch 0 | step 2457/2656 | loss 0.6011 | reward_margin 0.5830
train_step epoch 0 | step 2458/2656 | loss 0.4238 | reward_margin 1.0104
train_step epoch 0 | step 2459/2656 | loss 0.7164 | reward_margin 0.1851
train_step epoch 0 | step 2460/2656 | loss 0.5857 | reward_margin 0.7595
train_step epoch 0 | step 2461/2656 | loss 0.4520 | reward_margin 0.8004
train_step epoch 0 | step 2462/2656 | loss 0.6956 | reward_margin 0.1960
train_step epoch 0 | step 2463/2656 | loss 0.7470 | reward_margin 0.2825
train_step epoch 0 | step 2464/2656 | loss 0.7104 | reward_margin 0.2248
train_step epoch 0 | step 2465/2656 | loss 0.2667 | reward_margin 1.3630
train_step epoch 0 | step 2466/2656 | loss 0.5907 | reward_margin 0.3637
train_step epoch 0 | step 2467/2656 | loss 0.7747 | reward_margin 0.6433
train_step epoch 0 | step 2468/2656 | loss 0.4373 | reward_margin 1.2358
train_step epoch 0 | step 2469/2656 | loss 0.7431 | reward_margin 0.1121
train_step epoch 0 | step 2470/2656 | loss 0.7647 | reward_margin 0.2000
train_step epoch 0 | step 2471/2656 | loss 0.8758 | reward_margin 0.2490
train_step epoch 0 | step 2472/2656 | loss 0.6331 | reward_margin 0.5201
train_step epoch 0 | step 2473/2656 | loss 0.9174 | reward_margin -0.2187
train_step epoch 0 | step 2474/2656 | loss 0.7187 | reward_margin 0.1717
train_step epoch 0 | step 2475/2656 | loss 0.7892 | reward_margin 0.1144
train_step epoch 0 | step 2476/2656 | loss 0.6548 | reward_margin 0.2579
train_step epoch 0 | step 2477/2656 | loss 0.5017 | reward_margin 0.6689
train_step epoch 0 | step 2478/2656 | loss 0.6831 | reward_margin 0.1812
train_step epoch 0 | step 2479/2656 | loss 0.8940 | reward_margin 0.0628
train_step epoch 0 | step 2480/2656 | loss 0.8068 | reward_margin 0.0336
train_step epoch 0 | step 2481/2656 | loss 0.7021 | reward_margin 0.5058
train_step epoch 0 | step 2482/2656 | loss 0.7512 | reward_margin 0.3062
train_step epoch 0 | step 2483/2656 | loss 0.6924 | reward_margin 0.1581
train_step epoch 0 | step 2484/2656 | loss 0.6488 | reward_margin 0.3416
train_step epoch 0 | step 2485/2656 | loss 0.5755 | reward_margin 0.7429
train_step epoch 0 | step 2486/2656 | loss 0.5212 | reward_margin 0.7511
train_step epoch 0 | step 2487/2656 | loss 0.6818 | reward_margin 0.2928
train_step epoch 0 | step 2488/2656 | loss 0.5081 | reward_margin 0.9869
train_step epoch 0 | step 2489/2656 | loss 0.6615 | reward_margin 0.4988
train_step epoch 0 | step 2490/2656 | loss 0.6990 | reward_margin 0.2450
train_step epoch 0 | step 2491/2656 | loss 0.6283 | reward_margin 0.5283
train_step epoch 0 | step 2492/2656 | loss 0.5445 | reward_margin 0.6236
train_step epoch 0 | step 2493/2656 | loss 0.8382 | reward_margin 0.2178
train_step epoch 0 | step 2494/2656 | loss 0.7180 | reward_margin 0.1244
train_step epoch 0 | step 2495/2656 | loss 0.4779 | reward_margin 0.9327
train_step epoch 0 | step 2496/2656 | loss 0.5934 | reward_margin 0.5373
train_step epoch 0 | step 2497/2656 | loss 0.5469 | reward_margin 0.5633
train_step epoch 0 | step 2498/2656 | loss 0.4802 | reward_margin 0.7311
train_step epoch 0 | step 2499/2656 | loss 0.7986 | reward_margin -0.0038
train_step epoch 0 | step 2500/2656 | loss 0.4694 | reward_margin 0.6772
epoch 0 | step 2500/2656 | loss 0.6496 | reward_margin 0.4412
train_step epoch 0 | step 2501/2656 | loss 0.5421 | reward_margin 0.6000
train_step epoch 0 | step 2502/2656 | loss 0.7232 | reward_margin 0.1890
train_step epoch 0 | step 2503/2656 | loss 0.6390 | reward_margin 0.3786
train_step epoch 0 | step 2504/2656 | loss 0.6949 | reward_margin 0.6912
train_step epoch 0 | step 2505/2656 | loss 0.7776 | reward_margin 0.0291
train_step epoch 0 | step 2506/2656 | loss 0.6618 | reward_margin 0.4805
train_step epoch 0 | step 2507/2656 | loss 0.6787 | reward_margin 0.2389
train_step epoch 0 | step 2508/2656 | loss 0.5021 | reward_margin 0.7783
train_step epoch 0 | step 2509/2656 | loss 0.8182 | reward_margin -0.0724
train_step epoch 0 | step 2510/2656 | loss 0.4697 | reward_margin 0.8537
train_step epoch 0 | step 2511/2656 | loss 0.6974 | reward_margin 0.2374
train_step epoch 0 | step 2512/2656 | loss 0.7994 | reward_margin 0.1321
train_step epoch 0 | step 2513/2656 | loss 0.4607 | reward_margin 0.8227
train_step epoch 0 | step 2514/2656 | loss 0.5751 | reward_margin 0.3874
train_step epoch 0 | step 2515/2656 | loss 0.5642 | reward_margin 0.7029
train_step epoch 0 | step 2516/2656 | loss 0.6837 | reward_margin 0.5995
train_step epoch 0 | step 2517/2656 | loss 0.7253 | reward_margin 0.2745
train_step epoch 0 | step 2518/2656 | loss 0.7098 | reward_margin 0.0826
train_step epoch 0 | step 2519/2656 | loss 0.5046 | reward_margin 0.6248
train_step epoch 0 | step 2520/2656 | loss 0.8008 | reward_margin 0.3365
train_step epoch 0 | step 2521/2656 | loss 0.7667 | reward_margin 0.3320
train_step epoch 0 | step 2522/2656 | loss 0.4675 | reward_margin 0.6693
train_step epoch 0 | step 2523/2656 | loss 0.6226 | reward_margin 0.4150
train_step epoch 0 | step 2524/2656 | loss 0.7867 | reward_margin 0.3275
train_step epoch 0 | step 2525/2656 | loss 0.7644 | reward_margin 0.1151
train_step epoch 0 | step 2526/2656 | loss 0.6156 | reward_margin 0.2543
train_step epoch 0 | step 2527/2656 | loss 0.6736 | reward_margin 0.5995
train_step epoch 0 | step 2528/2656 | loss 0.4551 | reward_margin 0.8273
train_step epoch 0 | step 2529/2656 | loss 0.8675 | reward_margin -0.1699
train_step epoch 0 | step 2530/2656 | loss 0.6441 | reward_margin 0.5844
train_step epoch 0 | step 2531/2656 | loss 0.6229 | reward_margin 0.2922
train_step epoch 0 | step 2532/2656 | loss 0.6746 | reward_margin 0.4158
train_step epoch 0 | step 2533/2656 | loss 0.6105 | reward_margin 0.4336
train_step epoch 0 | step 2534/2656 | loss 0.6830 | reward_margin 0.1528
train_step epoch 0 | step 2535/2656 | loss 0.6096 | reward_margin 0.6573
train_step epoch 0 | step 2536/2656 | loss 0.6701 | reward_margin 0.3399
train_step epoch 0 | step 2537/2656 | loss 0.8207 | reward_margin -0.0929
train_step epoch 0 | step 2538/2656 | loss 0.6380 | reward_margin 0.3133
train_step epoch 0 | step 2539/2656 | loss 0.5296 | reward_margin 1.0565
train_step epoch 0 | step 2540/2656 | loss 0.5112 | reward_margin 0.8839
train_step epoch 0 | step 2541/2656 | loss 0.6407 | reward_margin 0.3420
train_step epoch 0 | step 2542/2656 | loss 0.4260 | reward_margin 1.3232
train_step epoch 0 | step 2543/2656 | loss 0.6413 | reward_margin 0.3787
train_step epoch 0 | step 2544/2656 | loss 0.8680 | reward_margin -0.1265
train_step epoch 0 | step 2545/2656 | loss 0.6784 | reward_margin 0.2196
train_step epoch 0 | step 2546/2656 | loss 0.7514 | reward_margin 0.1453
train_step epoch 0 | step 2547/2656 | loss 0.3958 | reward_margin 0.9450
train_step epoch 0 | step 2548/2656 | loss 1.0221 | reward_margin -0.3107
train_step epoch 0 | step 2549/2656 | loss 0.4207 | reward_margin 1.3446
train_step epoch 0 | step 2550/2656 | loss 0.5076 | reward_margin 0.9138
train_step epoch 0 | step 2551/2656 | loss 0.5452 | reward_margin 0.5294
train_step epoch 0 | step 2552/2656 | loss 0.5561 | reward_margin 0.5099
train_step epoch 0 | step 2553/2656 | loss 0.7634 | reward_margin 0.0402
train_step epoch 0 | step 2554/2656 | loss 0.6298 | reward_margin 0.4542
train_step epoch 0 | step 2555/2656 | loss 0.5564 | reward_margin 0.8834
train_step epoch 0 | step 2556/2656 | loss 0.7001 | reward_margin 0.2037
train_step epoch 0 | step 2557/2656 | loss 0.6040 | reward_margin 0.6500
train_step epoch 0 | step 2558/2656 | loss 0.6452 | reward_margin 0.4458
train_step epoch 0 | step 2559/2656 | loss 0.6567 | reward_margin 0.5528
train_step epoch 0 | step 2560/2656 | loss 0.5870 | reward_margin 0.5429
train_step epoch 0 | step 2561/2656 | loss 0.6642 | reward_margin 0.3615
train_step epoch 0 | step 2562/2656 | loss 0.6983 | reward_margin 0.1507
train_step epoch 0 | step 2563/2656 | loss 0.7639 | reward_margin 0.2067
train_step epoch 0 | step 2564/2656 | loss 0.6193 | reward_margin 0.7626
train_step epoch 0 | step 2565/2656 | loss 0.6419 | reward_margin 0.4162
train_step epoch 0 | step 2566/2656 | loss 0.5808 | reward_margin 0.5984
train_step epoch 0 | step 2567/2656 | loss 0.6903 | reward_margin 0.2124
train_step epoch 0 | step 2568/2656 | loss 0.5087 | reward_margin 0.6325
train_step epoch 0 | step 2569/2656 | loss 0.5530 | reward_margin 0.5098
train_step epoch 0 | step 2570/2656 | loss 0.5536 | reward_margin 0.5274
train_step epoch 0 | step 2571/2656 | loss 0.7477 | reward_margin 0.2478
train_step epoch 0 | step 2572/2656 | loss 0.5498 | reward_margin 0.5234
train_step epoch 0 | step 2573/2656 | loss 0.7915 | reward_margin 0.2208
train_step epoch 0 | step 2574/2656 | loss 0.5411 | reward_margin 0.6572
train_step epoch 0 | step 2575/2656 | loss 0.7592 | reward_margin 0.1892
train_step epoch 0 | step 2576/2656 | loss 0.7031 | reward_margin 0.2813
train_step epoch 0 | step 2577/2656 | loss 0.6320 | reward_margin 0.5400
train_step epoch 0 | step 2578/2656 | loss 0.4397 | reward_margin 0.7774
train_step epoch 0 | step 2579/2656 | loss 0.4751 | reward_margin 0.7641
train_step epoch 0 | step 2580/2656 | loss 0.6644 | reward_margin 0.3644
train_step epoch 0 | step 2581/2656 | loss 0.5946 | reward_margin 0.3531
train_step epoch 0 | step 2582/2656 | loss 0.8415 | reward_margin 0.3666
train_step epoch 0 | step 2583/2656 | loss 0.6331 | reward_margin 0.4708
train_step epoch 0 | step 2584/2656 | loss 0.5409 | reward_margin 0.6877
train_step epoch 0 | step 2585/2656 | loss 0.6279 | reward_margin 0.6525
train_step epoch 0 | step 2586/2656 | loss 0.7133 | reward_margin 0.1780
train_step epoch 0 | step 2587/2656 | loss 0.5275 | reward_margin 0.5482
train_step epoch 0 | step 2588/2656 | loss 0.5739 | reward_margin 0.8343
train_step epoch 0 | step 2589/2656 | loss 0.4527 | reward_margin 0.7455
train_step epoch 0 | step 2590/2656 | loss 0.5992 | reward_margin 0.4292
train_step epoch 0 | step 2591/2656 | loss 0.5069 | reward_margin 0.6727
train_step epoch 0 | step 2592/2656 | loss 0.5964 | reward_margin 0.7570
train_step epoch 0 | step 2593/2656 | loss 0.5817 | reward_margin 0.4393
train_step epoch 0 | step 2594/2656 | loss 0.6366 | reward_margin 0.4969
train_step epoch 0 | step 2595/2656 | loss 0.5589 | reward_margin 0.4617
train_step epoch 0 | step 2596/2656 | loss 0.4433 | reward_margin 0.8884
train_step epoch 0 | step 2597/2656 | loss 0.4608 | reward_margin 0.7294
train_step epoch 0 | step 2598/2656 | loss 0.6369 | reward_margin 0.3528
train_step epoch 0 | step 2599/2656 | loss 0.5354 | reward_margin 0.5441
train_step epoch 0 | step 2600/2656 | loss 0.3906 | reward_margin 0.9912
train_step epoch 0 | step 2601/2656 | loss 0.7175 | reward_margin 0.1937
train_step epoch 0 | step 2602/2656 | loss 0.5508 | reward_margin 0.6588
train_step epoch 0 | step 2603/2656 | loss 0.6887 | reward_margin 0.3427
train_step epoch 0 | step 2604/2656 | loss 0.5833 | reward_margin 0.4553
train_step epoch 0 | step 2605/2656 | loss 0.3616 | reward_margin 1.4985
train_step epoch 0 | step 2606/2656 | loss 0.4226 | reward_margin 1.0568
train_step epoch 0 | step 2607/2656 | loss 0.8741 | reward_margin 0.1861
train_step epoch 0 | step 2608/2656 | loss 0.8767 | reward_margin 0.0021
train_step epoch 0 | step 2609/2656 | loss 0.5211 | reward_margin 0.6168
train_step epoch 0 | step 2610/2656 | loss 0.4823 | reward_margin 0.9671
train_step epoch 0 | step 2611/2656 | loss 0.6271 | reward_margin 0.4573
train_step epoch 0 | step 2612/2656 | loss 0.5517 | reward_margin 1.1833
train_step epoch 0 | step 2613/2656 | loss 0.4905 | reward_margin 0.7897
train_step epoch 0 | step 2614/2656 | loss 0.6172 | reward_margin 0.4110
train_step epoch 0 | step 2615/2656 | loss 0.5988 | reward_margin 0.5878
train_step epoch 0 | step 2616/2656 | loss 0.5062 | reward_margin 0.7113
train_step epoch 0 | step 2617/2656 | loss 0.5896 | reward_margin 0.7545
train_step epoch 0 | step 2618/2656 | loss 0.5684 | reward_margin 0.4821
train_step epoch 0 | step 2619/2656 | loss 0.5401 | reward_margin 0.5596
train_step epoch 0 | step 2620/2656 | loss 0.8758 | reward_margin -0.1085
train_step epoch 0 | step 2621/2656 | loss 0.4728 | reward_margin 0.8404
train_step epoch 0 | step 2622/2656 | loss 0.7095 | reward_margin 0.5754
train_step epoch 0 | step 2623/2656 | loss 0.5982 | reward_margin 0.7537
train_step epoch 0 | step 2624/2656 | loss 0.6152 | reward_margin 0.4512
train_step epoch 0 | step 2625/2656 | loss 0.5067 | reward_margin 0.8331
train_step epoch 0 | step 2626/2656 | loss 0.8830 | reward_margin -0.0309
train_step epoch 0 | step 2627/2656 | loss 0.7291 | reward_margin 0.2876
train_step epoch 0 | step 2628/2656 | loss 0.6078 | reward_margin 0.4507
train_step epoch 0 | step 2629/2656 | loss 0.6159 | reward_margin 0.4277
train_step epoch 0 | step 2630/2656 | loss 0.4977 | reward_margin 0.9690
train_step epoch 0 | step 2631/2656 | loss 0.6351 | reward_margin 0.4076
train_step epoch 0 | step 2632/2656 | loss 0.6233 | reward_margin 0.3867
train_step epoch 0 | step 2633/2656 | loss 0.6800 | reward_margin 0.5253
train_step epoch 0 | step 2634/2656 | loss 0.8123 | reward_margin -0.0719
train_step epoch 0 | step 2635/2656 | loss 0.7239 | reward_margin 0.1835
train_step epoch 0 | step 2636/2656 | loss 0.8203 | reward_margin 0.1396
train_step epoch 0 | step 2637/2656 | loss 0.5157 | reward_margin 0.6964
train_step epoch 0 | step 2638/2656 | loss 0.3864 | reward_margin 1.1071
train_step epoch 0 | step 2639/2656 | loss 0.6665 | reward_margin 0.4098
train_step epoch 0 | step 2640/2656 | loss 0.5713 | reward_margin 0.5105
train_step epoch 0 | step 2641/2656 | loss 0.6082 | reward_margin 0.4332
train_step epoch 0 | step 2642/2656 | loss 0.7277 | reward_margin 0.2176
train_step epoch 0 | step 2643/2656 | loss 0.8326 | reward_margin 0.1832
train_step epoch 0 | step 2644/2656 | loss 0.6688 | reward_margin 0.6762
train_step epoch 0 | step 2645/2656 | loss 0.6125 | reward_margin 0.5438
train_step epoch 0 | step 2646/2656 | loss 0.4993 | reward_margin 0.8266
train_step epoch 0 | step 2647/2656 | loss 0.4720 | reward_margin 1.0045
train_step epoch 0 | step 2648/2656 | loss 0.5390 | reward_margin 0.4524
train_step epoch 0 | step 2649/2656 | loss 0.4508 | reward_margin 0.9618
train_step epoch 0 | step 2650/2656 | loss 0.3378 | reward_margin 1.0377
train_step epoch 0 | step 2651/2656 | loss 0.5169 | reward_margin 0.8403
train_step epoch 0 | step 2652/2656 | loss 0.5231 | reward_margin 1.1394
train_step epoch 0 | step 2653/2656 | loss 0.8127 | reward_margin 0.5167
train_step epoch 0 | step 2654/2656 | loss 0.5289 | reward_margin 0.6225
train_step epoch 0 | step 2655/2656 | loss 0.5236 | reward_margin 0.6978
train_step epoch 0 | step 2656/2656 | loss 0.8622 | reward_margin -0.0695
epoch 0 | step 2656/2656 | loss 0.6213 | reward_margin 0.5067
epoch 0 | eval_loss 0.6233
DPO model saved to models/dpo
